timestamp,site_id,latency_ms,throughput_mbps,packet_loss_pct,incident_label
2026-09-01T00:00:00,site_01,53.78,147.29,0.2,none
2026-09-01T01:00:00,site_01,50.01,176.3,0.222,none
2026-09-01T02:00:00,site_01,53.29,177.54,0.321,none
2026-09-01T03:00:00,site_01,48.38,182.08,0.217,none
2026-09-01T04:00:00,site_01,50.81,173.78,0.231,none
2026-09-01T05:00:00,site_01,50.49,170.13,0.247,none
2026-09-01T06:00:00,site_01,52.05,182.74,0.286,none
2026-09-01T07:00:00,site_01,49.74,168.87,0.224,none
2026-09-01T08:00:00,site_01,54.35,174.84,0.223,none
2026-09-01T09:00:00,site_01,52.91,187.7,0.292,none
2026-09-01T10:00:00,site_01,51.65,178.3,0.276,none
2026-09-01T11:00:00,site_01,51.63,186.74,0.268,none
2026-09-01T12:00:00,site_01,52.85,154.7,0.249,none
2026-09-01T13:00:00,site_01,49.04,172.43,0.339,none
2026-09-01T14:00:00,site_01,53.86,151.31,0.248,none
2026-09-01T15:00:00,site_01,52.72,187.22,0.304,none
2026-09-01T16:00:00,site_01,49.57,189.42,0.255,none
2026-09-01T17:00:00,site_01,47.56,162.76,0.29,none
2026-09-01T18:00:00,site_01,53.03,170.14,0.273,none
2026-09-01T19:00:00,site_01,258.51,183.4,0.232,latency_spike
2026-09-01T20:00:00,site_01,52.42,169.51,0.265,none
2026-09-01T21:00:00,site_01,52.3,186.53,0.26,none
2026-09-01T22:00:00,site_01,50.72,151.24,0.192,none
2026-09-01T23:00:00,site_01,47.97,182.55,0.219,none
2026-09-02T00:00:00,site_01,54.86,171.21,0.302,none
2026-09-02T01:00:00,site_01,50.34,162.3,0.248,none
2026-09-02T02:00:00,site_01,45.78,183.07,0.277,none
2026-09-02T03:00:00,site_01,46.62,177.64,0.238,none
2026-09-02T04:00:00,site_01,51.02,200.58,0.253,none
2026-09-02T05:00:00,site_01,51.5,179.85,0.333,none
2026-09-02T06:00:00,site_01,52.03,198.5,0.205,none
2026-09-02T07:00:00,site_01,48.18,170.71,0.196,none
2026-09-02T08:00:00,site_01,50.29,154.49,0.214,none
2026-09-02T09:00:00,site_01,53.47,206.5,0.41,none
2026-09-02T10:00:00,site_01,47.99,144.57,0.278,none
2026-09-02T11:00:00,site_01,49.71,167.37,0.258,none
2026-09-02T12:00:00,site_01,51.43,174.17,0.213,none
2026-09-02T13:00:00,site_01,49.5,175.75,0.353,none
2026-09-02T14:00:00,site_01,53.91,169.06,0.205,none
2026-09-02T15:00:00,site_01,48.78,208.48,0.224,none
2026-09-02T16:00:00,site_01,48.25,190.53,0.284,none
2026-09-02T17:00:00,site_01,50.84,166.73,0.287,none
2026-09-02T18:00:00,site_01,47.28,157.38,0.273,none
2026-09-02T19:00:00,site_01,51.44,174.77,0.279,none
2026-09-02T20:00:00,site_01,51.62,170.39,0.32,none
2026-09-02T21:00:00,site_01,55.57,179.3,0.203,none
2026-09-02T22:00:00,site_01,55.91,202.41,0.256,none
2026-09-02T23:00:00,site_01,55.34,159.95,0.22,none
2026-09-03T00:00:00,site_01,183.62,176.48,0.256,latency_spike
2026-09-03T01:00:00,site_01,51.23,186.21,0.162,none
2026-09-03T02:00:00,site_01,48.43,158.27,0.221,none
2026-09-03T03:00:00,site_01,53.71,156.66,0.266,none
2026-09-03T04:00:00,site_01,52.42,169.29,0.248,none
2026-09-03T05:00:00,site_01,52.57,196.61,0.257,none
2026-09-03T06:00:00,site_01,50.29,180.19,0.273,none
2026-09-03T07:00:00,site_01,51.23,179.98,0.391,none
2026-09-03T08:00:00,site_01,48.4,172.24,0.191,none
2026-09-03T09:00:00,site_01,51.91,194.64,0.228,none
2026-09-03T10:00:00,site_01,44.52,174.11,0.212,none
2026-09-03T11:00:00,site_01,57.59,168.61,0.221,none
2026-09-03T12:00:00,site_01,45.69,154.55,0.371,none
2026-09-03T13:00:00,site_01,47.67,204.11,0.41,none
2026-09-03T14:00:00,site_01,49.85,181.68,0.351,none
2026-09-03T15:00:00,site_01,50.22,188.21,0.286,none
2026-09-03T16:00:00,site_01,50.56,155.93,0.253,none
2026-09-03T17:00:00,site_01,51.65,168.22,0.288,none
2026-09-03T18:00:00,site_01,51.42,181.83,0.267,none
2026-09-03T19:00:00,site_01,48.79,181.3,0.26,none
2026-09-03T20:00:00,site_01,55.68,182.34,0.226,none
2026-09-03T21:00:00,site_01,51.74,159.87,0.324,none
2026-09-03T22:00:00,site_01,52.4,150.38,0.311,none
2026-09-03T23:00:00,site_01,47.63,169.48,0.278,none
2026-09-04T00:00:00,site_01,50.08,175.0,0.252,none
2026-09-04T01:00:00,site_01,55.37,138.05,0.253,none
2026-09-04T02:00:00,site_01,51.85,170.97,0.177,none
2026-09-04T03:00:00,site_01,56.14,153.55,0.308,none
2026-09-04T04:00:00,site_01,50.77,160.76,0.248,none
2026-09-04T05:00:00,site_01,52.71,202.54,0.324,none
2026-09-04T06:00:00,site_01,56.19,183.14,0.306,none
2026-09-04T07:00:00,site_01,51.16,166.09,0.314,none
2026-09-04T08:00:00,site_01,53.31,173.69,0.323,none
2026-09-04T09:00:00,site_01,56.42,187.51,0.186,none
2026-09-04T10:00:00,site_01,47.44,168.78,0.34,none
2026-09-04T11:00:00,site_01,48.86,161.35,0.266,none
2026-09-04T12:00:00,site_01,48.94,181.23,0.322,none
2026-09-04T13:00:00,site_01,44.08,181.12,0.268,none
2026-09-04T14:00:00,site_01,55.81,145.6,0.235,none
2026-09-04T15:00:00,site_01,46.21,198.69,0.283,none
2026-09-04T16:00:00,site_01,49.25,188.76,0.318,none
2026-09-04T17:00:00,site_01,51.66,180.61,0.221,none
2026-09-04T18:00:00,site_01,50.5,182.3,0.315,none
2026-09-04T19:00:00,site_01,50.58,198.78,0.227,none
2026-09-04T20:00:00,site_01,51.57,189.22,0.265,none
2026-09-04T21:00:00,site_01,53.53,189.18,0.292,none
2026-09-04T22:00:00,site_01,50.34,146.5,0.345,none
2026-09-04T23:00:00,site_01,51.28,196.2,0.185,none
2026-09-05T00:00:00,site_01,46.15,164.64,0.287,none
2026-09-05T01:00:00,site_01,51.79,155.36,0.149,none
2026-09-05T02:00:00,site_01,49.54,183.44,0.3,none
2026-09-05T03:00:00,site_01,48.97,178.63,0.303,none
2026-09-05T04:00:00,site_01,52.55,165.98,0.256,none
2026-09-05T05:00:00,site_01,53.42,170.65,0.291,none
2026-09-05T06:00:00,site_01,50.61,189.0,0.165,none
2026-09-05T07:00:00,site_01,46.51,141.55,0.231,none
2026-09-05T08:00:00,site_01,50.1,179.52,0.319,none
2026-09-05T09:00:00,site_01,50.75,196.86,0.269,none
2026-09-05T10:00:00,site_01,49.18,154.35,0.22,none
2026-09-05T11:00:00,site_01,53.37,202.36,0.196,none
2026-09-05T12:00:00,site_01,47.84,183.67,0.258,none
2026-09-05T13:00:00,site_01,53.74,167.48,0.238,none
2026-09-05T14:00:00,site_01,49.0,182.97,0.255,none
2026-09-05T15:00:00,site_01,52.04,196.36,0.248,none
2026-09-05T16:00:00,site_01,54.16,171.58,0.32,none
2026-09-05T17:00:00,site_01,50.56,181.78,0.362,none
2026-09-05T18:00:00,site_01,51.17,178.96,0.318,none
2026-09-05T19:00:00,site_01,51.96,176.17,0.28,none
2026-09-05T20:00:00,site_01,46.19,145.46,0.209,none
2026-09-05T21:00:00,site_01,50.08,205.61,0.32,none
2026-09-05T22:00:00,site_01,52.0,170.45,0.25,none
2026-09-05T23:00:00,site_01,52.82,171.46,0.318,none
2026-09-06T00:00:00,site_01,50.98,215.52,0.276,none
2026-09-06T01:00:00,site_01,51.23,185.26,0.262,none
2026-09-06T02:00:00,site_01,48.62,183.01,0.222,none
2026-09-06T03:00:00,site_01,52.8,186.54,0.319,none
2026-09-06T04:00:00,site_01,50.1,183.36,0.249,none
2026-09-06T05:00:00,site_01,45.46,171.52,0.165,none
2026-09-06T06:00:00,site_01,55.05,189.98,0.229,none
2026-09-06T07:00:00,site_01,42.06,168.4,0.386,none
2026-09-06T08:00:00,site_01,49.28,183.53,0.187,none
2026-09-06T09:00:00,site_01,51.26,175.26,0.304,none
2026-09-06T10:00:00,site_01,52.96,166.23,0.31,none
2026-09-06T11:00:00,site_01,48.05,163.24,0.331,none
2026-09-06T12:00:00,site_01,55.17,169.92,0.337,none
2026-09-06T13:00:00,site_01,51.73,200.02,0.247,none
2026-09-06T14:00:00,site_01,49.61,183.34,0.186,none
2026-09-06T15:00:00,site_01,49.34,193.77,0.145,none
2026-09-06T16:00:00,site_01,45.9,164.16,0.277,none
2026-09-06T17:00:00,site_01,50.2,174.17,0.275,none
2026-09-06T18:00:00,site_01,53.08,186.49,0.284,none
2026-09-06T19:00:00,site_01,51.85,207.08,0.26,none
2026-09-06T20:00:00,site_01,48.7,161.07,0.202,none
2026-09-06T21:00:00,site_01,49.42,163.22,0.261,none
2026-09-06T22:00:00,site_01,51.11,165.07,0.31,none
2026-09-06T23:00:00,site_01,50.48,166.76,0.292,none
2026-09-07T00:00:00,site_01,46.61,175.53,0.278,none
2026-09-07T01:00:00,site_01,51.53,154.73,0.331,none
2026-09-07T02:00:00,site_01,50.2,182.01,0.144,none
2026-09-07T03:00:00,site_01,50.08,160.47,0.3,none
2026-09-07T04:00:00,site_01,47.43,163.99,0.276,none
2026-09-07T05:00:00,site_01,47.29,180.29,0.356,none
2026-09-07T06:00:00,site_01,49.69,151.78,0.201,none
2026-09-07T07:00:00,site_01,49.4,188.74,0.277,none
2026-09-07T08:00:00,site_01,52.5,167.89,0.328,none
2026-09-07T09:00:00,site_01,49.05,184.67,0.303,none
2026-09-07T10:00:00,site_01,45.9,184.62,0.213,none
2026-09-07T11:00:00,site_01,46.69,183.25,0.224,none
2026-09-07T12:00:00,site_01,53.1,180.18,0.234,none
2026-09-07T13:00:00,site_01,49.64,177.03,0.278,none
2026-09-07T14:00:00,site_01,52.37,168.55,0.244,none
2026-09-07T15:00:00,site_01,47.84,140.36,0.345,none
2026-09-07T16:00:00,site_01,49.74,147.5,0.249,none
2026-09-07T17:00:00,site_01,50.39,159.85,0.294,none
2026-09-07T18:00:00,site_01,46.48,187.04,0.367,none
2026-09-07T19:00:00,site_01,49.95,174.42,0.295,none
2026-09-07T20:00:00,site_01,47.15,150.59,0.273,none
2026-09-07T21:00:00,site_01,56.5,173.94,0.348,none
2026-09-07T22:00:00,site_01,52.72,181.34,0.221,none
2026-09-07T23:00:00,site_01,54.6,171.7,0.18,none
2026-09-08T00:00:00,site_01,48.25,171.42,0.261,none
2026-09-08T01:00:00,site_01,46.11,183.78,0.239,none
2026-09-08T02:00:00,site_01,53.31,180.64,0.229,none
2026-09-08T03:00:00,site_01,53.47,181.79,0.384,none
2026-09-08T04:00:00,site_01,52.12,174.05,0.305,none
2026-09-08T05:00:00,site_01,54.71,168.73,0.243,none
2026-09-08T06:00:00,site_01,53.33,199.03,0.242,none
2026-09-08T07:00:00,site_01,51.9,172.87,0.312,none
2026-09-08T08:00:00,site_01,48.48,164.82,0.149,none
2026-09-08T09:00:00,site_01,48.21,173.54,0.32,none
2026-09-08T10:00:00,site_01,47.87,175.7,0.317,none
2026-09-08T11:00:00,site_01,48.23,184.93,0.254,none
2026-09-08T12:00:00,site_01,227.52,187.08,0.213,latency_spike
2026-09-08T13:00:00,site_01,46.27,186.84,0.247,none
2026-09-08T14:00:00,site_01,50.67,193.47,0.151,none
2026-09-08T15:00:00,site_01,48.19,198.47,0.279,none
2026-09-08T16:00:00,site_01,47.54,159.76,0.287,none
2026-09-08T17:00:00,site_01,210.42,8.69,10.279,link_down
2026-09-08T18:00:00,site_01,53.29,188.66,0.184,none
2026-09-08T19:00:00,site_01,53.96,194.37,0.214,none
2026-09-08T20:00:00,site_01,51.26,190.52,0.355,none
2026-09-08T21:00:00,site_01,49.84,163.16,0.265,none
2026-09-08T22:00:00,site_01,47.91,207.28,0.354,none
2026-09-08T23:00:00,site_01,48.2,189.38,0.297,none
2026-09-09T00:00:00,site_01,54.71,186.08,0.302,none
2026-09-09T01:00:00,site_01,51.98,149.8,0.269,none
2026-09-09T02:00:00,site_01,47.12,201.78,0.351,none
2026-09-09T03:00:00,site_01,51.72,196.81,0.265,none
2026-09-09T04:00:00,site_01,47.68,182.51,0.268,none
2026-09-09T05:00:00,site_01,50.8,175.36,0.355,none
2026-09-09T06:00:00,site_01,50.99,180.29,0.267,none
2026-09-09T07:00:00,site_01,47.71,174.29,0.227,none
2026-09-09T08:00:00,site_01,193.9,182.42,0.175,latency_spike
2026-09-09T09:00:00,site_01,54.04,177.14,0.222,none
2026-09-09T10:00:00,site_01,51.99,182.24,0.329,none
2026-09-09T11:00:00,site_01,50.56,157.89,0.249,none
2026-09-09T12:00:00,site_01,50.35,167.88,0.277,none
2026-09-09T13:00:00,site_01,49.07,181.23,0.245,none
2026-09-09T14:00:00,site_01,51.78,159.46,0.241,none
2026-09-09T15:00:00,site_01,47.47,144.8,0.172,none
2026-09-09T16:00:00,site_01,51.05,174.79,0.325,none
2026-09-09T17:00:00,site_01,52.15,199.97,0.208,none
2026-09-09T18:00:00,site_01,48.7,163.14,0.248,none
2026-09-09T19:00:00,site_01,56.47,171.51,0.36,none
2026-09-09T20:00:00,site_01,56.22,175.15,0.271,none
2026-09-09T21:00:00,site_01,60.49,189.32,0.229,none
2026-09-09T22:00:00,site_01,49.87,169.21,0.31,none
2026-09-09T23:00:00,site_01,51.79,176.76,0.281,none
2026-09-10T00:00:00,site_01,45.15,186.55,0.216,none
2026-09-10T01:00:00,site_01,50.78,177.81,0.23,none
2026-09-10T02:00:00,site_01,46.93,170.45,0.235,none
2026-09-10T03:00:00,site_01,51.79,161.43,0.301,none
2026-09-10T04:00:00,site_01,45.28,147.17,0.264,none
2026-09-10T05:00:00,site_01,50.65,176.13,0.276,none
2026-09-10T06:00:00,site_01,47.62,158.97,0.21,none
2026-09-10T07:00:00,site_01,54.69,170.08,0.14,none
2026-09-10T08:00:00,site_01,48.46,168.19,0.244,none
2026-09-10T09:00:00,site_01,50.02,192.29,0.231,none
2026-09-10T10:00:00,site_01,52.39,153.52,0.284,none
2026-09-10T11:00:00,site_01,50.52,200.38,0.234,none
2026-09-10T12:00:00,site_01,50.28,157.4,0.268,none
2026-09-10T13:00:00,site_01,48.7,182.51,0.292,none
2026-09-10T14:00:00,site_01,53.92,193.92,0.336,none
2026-09-10T15:00:00,site_01,55.05,148.34,0.249,none
2026-09-10T16:00:00,site_01,51.32,167.98,0.256,none
2026-09-10T17:00:00,site_01,50.45,182.76,0.253,none
2026-09-10T18:00:00,site_01,50.98,183.28,0.323,none
2026-09-10T19:00:00,site_01,51.89,185.4,0.207,none
2026-09-10T20:00:00,site_01,53.78,189.54,0.275,none
2026-09-10T21:00:00,site_01,52.43,194.56,0.279,none
2026-09-10T22:00:00,site_01,51.97,132.59,0.284,none
2026-09-10T23:00:00,site_01,45.79,183.33,0.289,none
2026-09-11T00:00:00,site_01,48.82,197.11,0.24,none
2026-09-11T01:00:00,site_01,50.95,182.67,0.345,none
2026-09-11T02:00:00,site_01,47.95,174.91,0.263,none
2026-09-11T03:00:00,site_01,50.19,165.42,0.311,none
2026-09-11T04:00:00,site_01,50.11,174.96,0.276,none
2026-09-11T05:00:00,site_01,47.96,160.93,0.32,none
2026-09-11T06:00:00,site_01,46.71,183.21,0.288,none
2026-09-11T07:00:00,site_01,51.65,187.59,0.283,none
2026-09-11T08:00:00,site_01,46.75,181.52,0.25,none
2026-09-11T09:00:00,site_01,53.57,198.74,0.354,none
2026-09-11T10:00:00,site_01,50.63,181.84,0.303,none
2026-09-11T11:00:00,site_01,51.35,188.91,0.262,none
2026-09-11T12:00:00,site_01,49.71,186.06,0.265,none
2026-09-11T13:00:00,site_01,211.87,8.55,10.302,link_down
2026-09-11T14:00:00,site_01,47.25,198.19,0.24,none
2026-09-11T15:00:00,site_01,47.82,161.24,0.267,none
2026-09-11T16:00:00,site_01,49.95,185.85,0.282,none
2026-09-11T17:00:00,site_01,52.19,185.8,0.159,none
2026-09-11T18:00:00,site_01,44.42,177.09,0.264,none
2026-09-11T19:00:00,site_01,218.08,8.98,10.24,link_down
2026-09-11T20:00:00,site_01,50.95,191.35,0.237,none
2026-09-11T21:00:00,site_01,52.99,162.23,0.313,none
2026-09-11T22:00:00,site_01,51.26,165.12,0.222,none
2026-09-11T23:00:00,site_01,52.59,162.22,0.287,none
2026-09-12T00:00:00,site_01,50.35,178.2,0.387,none
2026-09-12T01:00:00,site_01,55.37,178.8,0.285,none
2026-09-12T02:00:00,site_01,52.29,174.25,0.337,none
2026-09-12T03:00:00,site_01,54.35,166.89,0.262,none
2026-09-12T04:00:00,site_01,52.32,198.23,0.261,none
2026-09-12T05:00:00,site_01,47.61,173.11,0.185,none
2026-09-12T06:00:00,site_01,51.64,196.34,0.405,none
2026-09-12T07:00:00,site_01,55.26,180.21,0.257,none
2026-09-12T08:00:00,site_01,51.14,178.21,0.244,none
2026-09-12T09:00:00,site_01,46.33,186.35,0.251,none
2026-09-12T10:00:00,site_01,50.98,188.48,0.274,none
2026-09-12T11:00:00,site_01,54.64,200.24,0.289,none
2026-09-12T12:00:00,site_01,54.68,193.5,0.295,none
2026-09-12T13:00:00,site_01,52.52,160.09,0.3,none
2026-09-12T14:00:00,site_01,48.57,196.11,0.307,none
2026-09-12T15:00:00,site_01,50.14,159.27,0.253,none
2026-09-12T16:00:00,site_01,51.2,193.56,0.247,none
2026-09-12T17:00:00,site_01,47.99,183.31,0.265,none
2026-09-12T18:00:00,site_01,50.25,173.79,0.251,none
2026-09-12T19:00:00,site_01,50.66,172.89,0.16,none
2026-09-12T20:00:00,site_01,50.17,166.27,0.334,none
2026-09-12T21:00:00,site_01,54.82,177.48,0.267,none
2026-09-12T22:00:00,site_01,50.97,202.34,0.149,none
2026-09-12T23:00:00,site_01,49.33,176.77,0.299,none
2026-09-13T00:00:00,site_01,49.81,191.84,0.316,none
2026-09-13T01:00:00,site_01,53.85,180.64,0.237,none
2026-09-13T02:00:00,site_01,51.29,176.57,0.338,none
2026-09-13T03:00:00,site_01,46.71,158.75,0.246,none
2026-09-13T04:00:00,site_01,46.44,161.78,0.222,none
2026-09-13T05:00:00,site_01,56.36,170.38,0.246,none
2026-09-13T06:00:00,site_01,45.23,174.8,0.215,none
2026-09-13T07:00:00,site_01,46.16,165.12,0.272,none
2026-09-13T08:00:00,site_01,52.21,156.75,0.307,none
2026-09-13T09:00:00,site_01,52.86,176.39,0.196,none
2026-09-13T10:00:00,site_01,52.05,185.75,0.258,none
2026-09-13T11:00:00,site_01,53.98,172.7,0.302,none
2026-09-13T12:00:00,site_01,56.84,158.13,0.218,none
2026-09-13T13:00:00,site_01,47.78,156.72,0.24,none
2026-09-13T14:00:00,site_01,50.65,166.79,0.231,none
2026-09-13T15:00:00,site_01,48.32,210.78,0.28,none
2026-09-13T16:00:00,site_01,49.49,173.76,0.229,none
2026-09-13T17:00:00,site_01,46.82,149.39,0.152,none
2026-09-13T18:00:00,site_01,54.93,175.89,0.329,none
2026-09-13T19:00:00,site_01,53.31,163.04,0.291,none
2026-09-13T20:00:00,site_01,49.23,184.95,0.293,none
2026-09-13T21:00:00,site_01,47.59,158.79,0.269,none
2026-09-13T22:00:00,site_01,48.58,176.95,0.293,none
2026-09-13T23:00:00,site_01,55.61,195.71,0.215,none
2026-09-14T00:00:00,site_01,49.37,192.23,0.268,none
2026-09-14T01:00:00,site_01,45.54,173.98,0.187,none
2026-09-14T02:00:00,site_01,55.51,164.6,0.28,none
2026-09-14T03:00:00,site_01,49.07,188.17,0.263,none
2026-09-14T04:00:00,site_01,49.51,191.54,0.27,none
2026-09-14T05:00:00,site_01,49.62,175.81,0.259,none
2026-09-14T06:00:00,site_01,52.94,186.31,0.294,none
2026-09-14T07:00:00,site_01,55.31,170.93,0.283,none
2026-09-14T08:00:00,site_01,51.03,167.56,0.346,none
2026-09-14T09:00:00,site_01,50.3,194.46,0.156,none
2026-09-14T10:00:00,site_01,53.35,177.46,0.277,none
2026-09-14T11:00:00,site_01,50.89,206.61,0.306,none
2026-09-14T12:00:00,site_01,49.64,170.63,0.158,none
2026-09-14T13:00:00,site_01,53.49,152.92,0.232,none
2026-09-14T14:00:00,site_01,48.06,177.36,0.16,none
2026-09-14T15:00:00,site_01,53.22,172.79,0.141,none
2026-09-14T16:00:00,site_01,54.66,134.88,0.247,none
2026-09-14T17:00:00,site_01,53.37,166.43,0.285,none
2026-09-14T18:00:00,site_01,56.47,173.51,0.283,none
2026-09-14T19:00:00,site_01,54.53,165.15,0.237,none
2026-09-14T20:00:00,site_01,46.27,179.98,0.313,none
2026-09-14T21:00:00,site_01,46.19,174.7,0.302,none
2026-09-14T22:00:00,site_01,47.73,189.7,0.278,none
2026-09-14T23:00:00,site_01,56.54,183.58,0.298,none
2026-09-01T00:00:00,site_02,46.69,166.49,0.106,none
2026-09-01T01:00:00,site_02,46.35,163.4,0.204,none
2026-09-01T02:00:00,site_02,44.61,182.82,0.093,none
2026-09-01T03:00:00,site_02,47.53,203.08,0.181,none
2026-09-01T04:00:00,site_02,43.85,168.23,0.145,none
2026-09-01T05:00:00,site_02,48.12,148.39,0.201,none
2026-09-01T06:00:00,site_02,46.5,157.48,0.224,none
2026-09-01T07:00:00,site_02,48.25,151.66,0.199,none
2026-09-01T08:00:00,site_02,40.55,174.02,0.176,none
2026-09-01T09:00:00,site_02,45.9,178.75,0.231,none
2026-09-01T10:00:00,site_02,36.77,169.62,0.15,none
2026-09-01T11:00:00,site_02,45.65,193.12,0.103,none
2026-09-01T12:00:00,site_02,42.62,164.31,0.232,none
2026-09-01T13:00:00,site_02,46.76,146.32,0.251,none
2026-09-01T14:00:00,site_02,44.82,183.02,0.087,none
2026-09-01T15:00:00,site_02,44.4,171.32,0.133,none
2026-09-01T16:00:00,site_02,47.45,178.22,0.19,none
2026-09-01T17:00:00,site_02,46.91,168.1,0.269,none
2026-09-01T18:00:00,site_02,49.15,194.9,0.115,none
2026-09-01T19:00:00,site_02,48.36,188.95,0.159,none
2026-09-01T20:00:00,site_02,44.74,180.24,0.228,none
2026-09-01T21:00:00,site_02,42.64,186.75,0.204,none
2026-09-01T22:00:00,site_02,47.61,170.32,0.111,none
2026-09-01T23:00:00,site_02,40.46,177.94,0.154,none
2026-09-02T00:00:00,site_02,36.5,155.68,0.214,none
2026-09-02T01:00:00,site_02,46.45,153.53,0.23,none
2026-09-02T02:00:00,site_02,46.24,209.27,0.234,none
2026-09-02T03:00:00,site_02,43.59,169.5,0.183,none
2026-09-02T04:00:00,site_02,44.18,196.39,0.152,none
2026-09-02T05:00:00,site_02,45.64,201.17,0.176,none
2026-09-02T06:00:00,site_02,43.2,161.58,0.181,none
2026-09-02T07:00:00,site_02,45.49,155.09,0.09,none
2026-09-02T08:00:00,site_02,40.07,176.03,0.214,none
2026-09-02T09:00:00,site_02,38.59,171.52,0.15,none
2026-09-02T10:00:00,site_02,41.0,168.53,0.243,none
2026-09-02T11:00:00,site_02,47.06,176.1,0.174,none
2026-09-02T12:00:00,site_02,42.94,187.56,0.089,none
2026-09-02T13:00:00,site_02,45.91,165.14,0.157,none
2026-09-02T14:00:00,site_02,42.15,169.08,0.103,none
2026-09-02T15:00:00,site_02,41.92,185.07,0.099,none
2026-09-02T16:00:00,site_02,43.5,194.26,0.174,none
2026-09-02T17:00:00,site_02,46.87,142.78,0.156,none
2026-09-02T18:00:00,site_02,45.77,175.4,0.185,none
2026-09-02T19:00:00,site_02,39.38,149.15,0.168,none
2026-09-02T20:00:00,site_02,49.31,169.66,0.061,none
2026-09-02T21:00:00,site_02,37.12,170.87,0.148,none
2026-09-02T22:00:00,site_02,48.61,192.36,0.149,none
2026-09-02T23:00:00,site_02,47.22,182.72,0.173,none
2026-09-03T00:00:00,site_02,41.87,204.52,0.11,none
2026-09-03T01:00:00,site_02,40.31,160.43,0.234,none
2026-09-03T02:00:00,site_02,47.89,177.94,0.153,none
2026-09-03T03:00:00,site_02,44.66,147.67,0.118,none
2026-09-03T04:00:00,site_02,46.56,150.88,0.122,none
2026-09-03T05:00:00,site_02,44.27,153.75,0.126,none
2026-09-03T06:00:00,site_02,47.68,186.52,0.15,none
2026-09-03T07:00:00,site_02,45.79,162.14,0.1,none
2026-09-03T08:00:00,site_02,43.46,156.93,0.166,none
2026-09-03T09:00:00,site_02,40.61,174.76,0.147,none
2026-09-03T10:00:00,site_02,45.33,152.58,5.522,packet_loss
2026-09-03T11:00:00,site_02,38.73,179.57,0.217,none
2026-09-03T12:00:00,site_02,47.02,163.84,0.152,none
2026-09-03T13:00:00,site_02,38.34,188.53,0.109,none
2026-09-03T14:00:00,site_02,41.21,153.24,0.149,none
2026-09-03T15:00:00,site_02,46.5,181.17,0.174,none
2026-09-03T16:00:00,site_02,50.1,158.37,0.155,none
2026-09-03T17:00:00,site_02,49.16,153.06,0.142,none
2026-09-03T18:00:00,site_02,46.89,177.31,0.147,none
2026-09-03T19:00:00,site_02,46.23,170.6,0.156,none
2026-09-03T20:00:00,site_02,43.34,182.37,0.303,none
2026-09-03T21:00:00,site_02,46.34,162.98,0.187,none
2026-09-03T22:00:00,site_02,47.65,192.02,0.167,none
2026-09-03T23:00:00,site_02,38.34,198.24,0.177,none
2026-09-04T00:00:00,site_02,41.71,161.92,0.165,none
2026-09-04T01:00:00,site_02,46.22,190.65,0.07,none
2026-09-04T02:00:00,site_02,45.39,171.33,0.084,none
2026-09-04T03:00:00,site_02,38.13,184.11,0.083,none
2026-09-04T04:00:00,site_02,45.01,191.93,0.149,none
2026-09-04T05:00:00,site_02,43.85,193.48,0.185,none
2026-09-04T06:00:00,site_02,44.66,150.88,0.177,none
2026-09-04T07:00:00,site_02,47.62,176.32,0.277,none
2026-09-04T08:00:00,site_02,45.06,201.36,0.217,none
2026-09-04T09:00:00,site_02,46.04,174.42,0.172,none
2026-09-04T10:00:00,site_02,45.1,150.41,0.165,none
2026-09-04T11:00:00,site_02,44.69,150.16,0.207,none
2026-09-04T12:00:00,site_02,43.19,170.18,0.083,none
2026-09-04T13:00:00,site_02,43.76,192.81,0.126,none
2026-09-04T14:00:00,site_02,43.75,178.1,0.151,none
2026-09-04T15:00:00,site_02,43.76,150.8,0.089,none
2026-09-04T16:00:00,site_02,45.9,155.65,0.178,none
2026-09-04T17:00:00,site_02,52.49,148.32,0.168,none
2026-09-04T18:00:00,site_02,43.89,176.51,0.042,none
2026-09-04T19:00:00,site_02,51.08,167.58,0.171,none
2026-09-04T20:00:00,site_02,44.88,165.67,0.044,none
2026-09-04T21:00:00,site_02,45.03,159.2,0.164,none
2026-09-04T22:00:00,site_02,43.78,183.48,0.091,none
2026-09-04T23:00:00,site_02,41.18,164.45,0.254,none
2026-09-05T00:00:00,site_02,45.66,160.28,0.131,none
2026-09-05T01:00:00,site_02,45.48,173.02,0.156,none
2026-09-05T02:00:00,site_02,41.04,166.64,0.204,none
2026-09-05T03:00:00,site_02,44.8,162.09,0.163,none
2026-09-05T04:00:00,site_02,49.8,181.98,0.092,none
2026-09-05T05:00:00,site_02,43.05,165.73,0.173,none
2026-09-05T06:00:00,site_02,48.05,162.77,0.127,none
2026-09-05T07:00:00,site_02,43.67,190.87,0.189,none
2026-09-05T08:00:00,site_02,52.17,158.92,0.161,none
2026-09-05T09:00:00,site_02,43.04,164.93,0.105,none
2026-09-05T10:00:00,site_02,44.94,156.13,0.2,none
2026-09-05T11:00:00,site_02,53.8,167.61,0.161,none
2026-09-05T12:00:00,site_02,50.49,191.18,0.173,none
2026-09-05T13:00:00,site_02,46.0,157.56,0.231,none
2026-09-05T14:00:00,site_02,45.66,137.84,0.109,none
2026-09-05T15:00:00,site_02,49.01,191.02,0.078,none
2026-09-05T16:00:00,site_02,48.42,149.51,0.157,none
2026-09-05T17:00:00,site_02,44.47,146.6,0.141,none
2026-09-05T18:00:00,site_02,44.93,165.93,0.136,none
2026-09-05T19:00:00,site_02,46.7,169.82,0.137,none
2026-09-05T20:00:00,site_02,39.61,181.54,0.158,none
2026-09-05T21:00:00,site_02,48.25,145.09,0.059,none
2026-09-05T22:00:00,site_02,45.35,176.94,0.135,none
2026-09-05T23:00:00,site_02,48.17,181.65,0.145,none
2026-09-06T00:00:00,site_02,47.68,192.71,0.19,none
2026-09-06T01:00:00,site_02,47.39,187.29,0.236,none
2026-09-06T02:00:00,site_02,44.69,185.59,0.161,none
2026-09-06T03:00:00,site_02,46.61,183.07,0.162,none
2026-09-06T04:00:00,site_02,44.59,196.56,0.113,none
2026-09-06T05:00:00,site_02,45.4,187.57,0.083,none
2026-09-06T06:00:00,site_02,78.51,69.95,0.102,congestion
2026-09-06T07:00:00,site_02,43.44,177.85,0.143,none
2026-09-06T08:00:00,site_02,46.79,164.01,0.149,none
2026-09-06T09:00:00,site_02,46.55,153.43,0.191,none
2026-09-06T10:00:00,site_02,49.61,189.75,3.244,packet_loss
2026-09-06T11:00:00,site_02,47.4,168.82,0.17,none
2026-09-06T12:00:00,site_02,43.68,165.14,0.098,none
2026-09-06T13:00:00,site_02,39.88,185.33,0.248,none
2026-09-06T14:00:00,site_02,40.49,185.26,0.229,none
2026-09-06T15:00:00,site_02,45.67,144.27,0.171,none
2026-09-06T16:00:00,site_02,45.97,150.97,0.185,none
2026-09-06T17:00:00,site_02,43.02,157.33,0.05,none
2026-09-06T18:00:00,site_02,43.62,151.12,0.18,none
2026-09-06T19:00:00,site_02,42.14,166.07,0.211,none
2026-09-06T20:00:00,site_02,89.96,73.47,0.1,congestion
2026-09-06T21:00:00,site_02,43.96,180.92,0.119,none
2026-09-06T22:00:00,site_02,47.02,130.63,0.217,none
2026-09-06T23:00:00,site_02,43.52,189.77,0.142,none
2026-09-07T00:00:00,site_02,42.09,189.79,0.062,none
2026-09-07T01:00:00,site_02,45.2,156.5,0.129,none
2026-09-07T02:00:00,site_02,47.97,185.37,0.072,none
2026-09-07T03:00:00,site_02,42.78,193.79,0.09,none
2026-09-07T04:00:00,site_02,45.27,156.96,0.124,none
2026-09-07T05:00:00,site_02,41.55,175.81,0.096,none
2026-09-07T06:00:00,site_02,44.23,147.34,0.12,none
2026-09-07T07:00:00,site_02,42.76,204.4,0.161,none
2026-09-07T08:00:00,site_02,40.04,164.58,0.169,none
2026-09-07T09:00:00,site_02,48.09,156.35,0.143,none
2026-09-07T10:00:00,site_02,45.86,164.78,0.144,none
2026-09-07T11:00:00,site_02,43.17,181.66,0.17,none
2026-09-07T12:00:00,site_02,44.08,186.33,0.146,none
2026-09-07T13:00:00,site_02,45.68,199.83,0.091,none
2026-09-07T14:00:00,site_02,39.69,177.64,0.237,none
2026-09-07T15:00:00,site_02,45.88,165.98,0.159,none
2026-09-07T16:00:00,site_02,43.01,170.04,0.168,none
2026-09-07T17:00:00,site_02,42.95,153.98,0.177,none
2026-09-07T18:00:00,site_02,46.06,188.86,0.162,none
2026-09-07T19:00:00,site_02,46.28,173.01,0.131,none
2026-09-07T20:00:00,site_02,44.01,164.4,0.179,none
2026-09-07T21:00:00,site_02,41.16,191.23,0.153,none
2026-09-07T22:00:00,site_02,48.94,183.77,0.095,none
2026-09-07T23:00:00,site_02,47.35,174.23,0.237,none
2026-09-08T00:00:00,site_02,45.29,164.48,0.187,none
2026-09-08T01:00:00,site_02,45.41,162.54,0.164,none
2026-09-08T02:00:00,site_02,41.37,152.31,0.186,none
2026-09-08T03:00:00,site_02,45.99,167.21,0.223,none
2026-09-08T04:00:00,site_02,47.35,168.43,0.163,none
2026-09-08T05:00:00,site_02,43.98,189.33,0.108,none
2026-09-08T06:00:00,site_02,48.14,184.29,0.254,none
2026-09-08T07:00:00,site_02,41.23,159.47,0.191,none
2026-09-08T08:00:00,site_02,45.68,157.54,0.196,none
2026-09-08T09:00:00,site_02,48.85,217.25,0.176,none
2026-09-08T10:00:00,site_02,43.89,147.23,0.128,none
2026-09-08T11:00:00,site_02,41.03,200.22,0.171,none
2026-09-08T12:00:00,site_02,88.88,68.72,0.206,congestion
2026-09-08T13:00:00,site_02,46.96,171.45,0.141,none
2026-09-08T14:00:00,site_02,39.44,170.46,0.161,none
2026-09-08T15:00:00,site_02,45.27,175.19,0.05,none
2026-09-08T16:00:00,site_02,46.59,180.19,0.1,none
2026-09-08T17:00:00,site_02,48.44,186.04,0.153,none
2026-09-08T18:00:00,site_02,43.48,181.4,0.168,none
2026-09-08T19:00:00,site_02,45.76,186.67,0.162,none
2026-09-08T20:00:00,site_02,47.98,162.32,0.067,none
2026-09-08T21:00:00,site_02,46.14,148.67,0.122,none
2026-09-08T22:00:00,site_02,44.53,166.7,0.228,none
2026-09-08T23:00:00,site_02,42.97,177.56,0.177,none
2026-09-09T00:00:00,site_02,48.1,177.36,0.182,none
2026-09-09T01:00:00,site_02,45.56,176.0,0.169,none
2026-09-09T02:00:00,site_02,47.03,175.05,0.117,none
2026-09-09T03:00:00,site_02,45.29,177.28,0.268,none
2026-09-09T04:00:00,site_02,46.64,190.41,0.163,none
2026-09-09T05:00:00,site_02,44.24,179.25,0.118,none
2026-09-09T06:00:00,site_02,46.12,187.08,0.174,none
2026-09-09T07:00:00,site_02,45.08,169.4,0.293,none
2026-09-09T08:00:00,site_02,43.21,163.97,0.111,none
2026-09-09T09:00:00,site_02,44.28,176.3,0.155,none
2026-09-09T10:00:00,site_02,42.83,158.25,0.169,none
2026-09-09T11:00:00,site_02,46.37,162.24,0.192,none
2026-09-09T12:00:00,site_02,43.8,160.23,0.223,none
2026-09-09T13:00:00,site_02,47.18,193.09,0.298,none
2026-09-09T14:00:00,site_02,43.15,165.14,0.115,none
2026-09-09T15:00:00,site_02,44.47,156.14,0.175,none
2026-09-09T16:00:00,site_02,46.81,182.0,0.188,none
2026-09-09T17:00:00,site_02,51.73,177.9,0.065,none
2026-09-09T18:00:00,site_02,40.15,174.65,0.152,none
2026-09-09T19:00:00,site_02,51.4,182.62,0.194,none
2026-09-09T20:00:00,site_02,42.37,174.94,0.166,none
2026-09-09T21:00:00,site_02,44.83,174.6,0.147,none
2026-09-09T22:00:00,site_02,43.75,171.73,0.162,none
2026-09-09T23:00:00,site_02,48.61,169.97,0.135,none
2026-09-10T00:00:00,site_02,47.2,167.87,0.197,none
2026-09-10T01:00:00,site_02,49.24,201.06,0.114,none
2026-09-10T02:00:00,site_02,45.4,172.91,0.125,none
2026-09-10T03:00:00,site_02,45.65,162.86,0.162,none
2026-09-10T04:00:00,site_02,42.07,177.9,0.165,none
2026-09-10T05:00:00,site_02,51.93,178.55,0.182,none
2026-09-10T06:00:00,site_02,41.51,198.13,0.112,none
2026-09-10T07:00:00,site_02,45.25,173.03,0.113,none
2026-09-10T08:00:00,site_02,49.06,162.3,0.088,none
2026-09-10T09:00:00,site_02,46.85,165.08,0.079,none
2026-09-10T10:00:00,site_02,45.21,191.87,0.106,none
2026-09-10T11:00:00,site_02,47.39,138.67,0.209,none
2026-09-10T12:00:00,site_02,46.37,178.09,0.212,none
2026-09-10T13:00:00,site_02,38.24,162.61,0.165,none
2026-09-10T14:00:00,site_02,46.8,186.23,0.188,none
2026-09-10T15:00:00,site_02,39.83,167.55,0.179,none
2026-09-10T16:00:00,site_02,47.26,188.01,0.164,none
2026-09-10T17:00:00,site_02,41.54,202.68,0.13,none
2026-09-10T18:00:00,site_02,49.08,174.59,0.213,none
2026-09-10T19:00:00,site_02,46.75,179.83,0.193,none
2026-09-10T20:00:00,site_02,48.28,150.68,0.18,none
2026-09-10T21:00:00,site_02,48.98,167.99,0.216,none
2026-09-10T22:00:00,site_02,106.17,65.25,0.132,congestion
2026-09-10T23:00:00,site_02,42.7,132.95,0.136,none
2026-09-11T00:00:00,site_02,43.89,203.42,0.158,none
2026-09-11T01:00:00,site_02,46.15,186.78,0.172,none
2026-09-11T02:00:00,site_02,45.54,181.83,0.176,none
2026-09-11T03:00:00,site_02,46.58,207.9,0.144,none
2026-09-11T04:00:00,site_02,49.14,191.49,0.158,none
2026-09-11T05:00:00,site_02,46.92,141.09,0.231,none
2026-09-11T06:00:00,site_02,48.37,160.85,0.08,none
2026-09-11T07:00:00,site_02,45.27,167.01,0.162,none
2026-09-11T08:00:00,site_02,47.87,190.13,0.2,none
2026-09-11T09:00:00,site_02,44.8,143.56,0.148,none
2026-09-11T10:00:00,site_02,42.46,171.74,0.123,none
2026-09-11T11:00:00,site_02,47.62,184.16,0.189,none
2026-09-11T12:00:00,site_02,45.96,156.61,0.048,none
2026-09-11T13:00:00,site_02,46.34,192.52,0.236,none
2026-09-11T14:00:00,site_02,42.38,169.1,0.182,none
2026-09-11T15:00:00,site_02,49.81,191.18,0.138,none
2026-09-11T16:00:00,site_02,47.74,157.88,0.146,none
2026-09-11T17:00:00,site_02,50.15,169.07,0.036,none
2026-09-11T18:00:00,site_02,43.27,175.03,0.153,none
2026-09-11T19:00:00,site_02,47.74,151.39,0.132,none
2026-09-11T20:00:00,site_02,43.53,150.25,0.191,none
2026-09-11T21:00:00,site_02,45.23,144.97,0.193,none
2026-09-11T22:00:00,site_02,46.3,161.07,0.1,none
2026-09-11T23:00:00,site_02,44.82,164.72,0.187,none
2026-09-12T00:00:00,site_02,48.31,178.6,0.123,none
2026-09-12T01:00:00,site_02,47.1,161.4,0.075,none
2026-09-12T02:00:00,site_02,44.31,138.8,0.131,none
2026-09-12T03:00:00,site_02,50.1,148.84,0.086,none
2026-09-12T04:00:00,site_02,49.44,163.21,0.126,none
2026-09-12T05:00:00,site_02,38.39,146.47,0.144,none
2026-09-12T06:00:00,site_02,44.06,175.9,0.214,none
2026-09-12T07:00:00,site_02,43.64,174.13,0.249,none
2026-09-12T08:00:00,site_02,48.45,159.11,0.163,none
2026-09-12T09:00:00,site_02,42.5,159.64,0.172,none
2026-09-12T10:00:00,site_02,44.98,175.44,0.186,none
2026-09-12T11:00:00,site_02,47.59,186.68,0.288,none
2026-09-12T12:00:00,site_02,44.0,185.92,0.199,none
2026-09-12T13:00:00,site_02,44.16,182.5,0.116,none
2026-09-12T14:00:00,site_02,45.64,189.32,0.128,none
2026-09-12T15:00:00,site_02,39.62,155.49,0.092,none
2026-09-12T16:00:00,site_02,41.8,163.84,0.119,none
2026-09-12T17:00:00,site_02,49.34,184.31,0.159,none
2026-09-12T18:00:00,site_02,44.07,179.3,0.187,none
2026-09-12T19:00:00,site_02,45.48,143.91,0.168,none
2026-09-12T20:00:00,site_02,44.53,201.63,0.114,none
2026-09-12T21:00:00,site_02,45.26,172.88,0.152,none
2026-09-12T22:00:00,site_02,47.91,195.05,0.158,none
2026-09-12T23:00:00,site_02,43.26,185.88,0.12,none
2026-09-13T00:00:00,site_02,52.0,172.55,0.048,none
2026-09-13T01:00:00,site_02,49.07,182.68,0.17,none
2026-09-13T02:00:00,site_02,46.82,192.65,0.204,none
2026-09-13T03:00:00,site_02,46.45,187.96,0.142,none
2026-09-13T04:00:00,site_02,235.93,177.63,0.198,latency_spike
2026-09-13T05:00:00,site_02,45.4,195.93,0.186,none
2026-09-13T06:00:00,site_02,44.72,201.12,0.147,none
2026-09-13T07:00:00,site_02,51.05,184.62,0.154,none
2026-09-13T08:00:00,site_02,48.62,166.26,0.215,none
2026-09-13T09:00:00,site_02,46.1,176.57,0.149,none
2026-09-13T10:00:00,site_02,42.76,161.41,0.077,none
2026-09-13T11:00:00,site_02,47.26,181.59,0.178,none
2026-09-13T12:00:00,site_02,47.73,173.7,0.133,none
2026-09-13T13:00:00,site_02,51.43,148.36,0.183,none
2026-09-13T14:00:00,site_02,45.04,167.88,0.054,none
2026-09-13T15:00:00,site_02,44.23,142.9,0.2,none
2026-09-13T16:00:00,site_02,49.84,179.77,0.16,none
2026-09-13T17:00:00,site_02,50.42,191.39,0.111,none
2026-09-13T18:00:00,site_02,46.69,147.24,0.181,none
2026-09-13T19:00:00,site_02,47.29,196.49,0.167,none
2026-09-13T20:00:00,site_02,46.51,162.15,0.11,none
2026-09-13T21:00:00,site_02,49.49,159.52,0.206,none
2026-09-13T22:00:00,site_02,46.39,181.29,0.207,none
2026-09-13T23:00:00,site_02,49.6,179.03,0.189,none
2026-09-14T00:00:00,site_02,51.85,181.43,0.193,none
2026-09-14T01:00:00,site_02,42.9,192.95,0.172,none
2026-09-14T02:00:00,site_02,48.48,166.23,0.228,none
2026-09-14T03:00:00,site_02,45.98,192.07,0.113,none
2026-09-14T04:00:00,site_02,44.78,186.79,0.091,none
2026-09-14T05:00:00,site_02,47.84,165.34,0.138,none
2026-09-14T06:00:00,site_02,43.33,174.27,0.204,none
2026-09-14T07:00:00,site_02,50.34,164.12,0.124,none
2026-09-14T08:00:00,site_02,46.0,166.11,0.15,none
2026-09-14T09:00:00,site_02,49.77,162.13,0.156,none
2026-09-14T10:00:00,site_02,42.41,173.55,0.158,none
2026-09-14T11:00:00,site_02,48.99,169.45,0.147,none
2026-09-14T12:00:00,site_02,43.61,183.22,0.153,none
2026-09-14T13:00:00,site_02,42.5,196.09,0.15,none
2026-09-14T14:00:00,site_02,43.83,178.75,0.277,none
2026-09-14T15:00:00,site_02,39.68,193.68,0.116,none
2026-09-14T16:00:00,site_02,43.61,178.41,0.11,none
2026-09-14T17:00:00,site_02,46.72,159.26,0.123,none
2026-09-14T18:00:00,site_02,41.08,168.05,0.164,none
2026-09-14T19:00:00,site_02,44.56,174.09,0.125,none
2026-09-14T20:00:00,site_02,49.68,167.42,0.182,none
2026-09-14T21:00:00,site_02,46.47,197.87,0.183,none
2026-09-14T22:00:00,site_02,46.73,192.88,0.147,none
2026-09-14T23:00:00,site_02,43.3,152.1,0.165,none
2026-09-01T00:00:00,site_03,17.48,114.08,0.228,none
2026-09-01T01:00:00,site_03,25.51,143.88,0.256,none
2026-09-01T02:00:00,site_03,22.5,116.64,0.274,none
2026-09-01T03:00:00,site_03,23.82,147.36,0.242,none
2026-09-01T04:00:00,site_03,22.52,86.64,0.246,none
2026-09-01T05:00:00,site_03,21.17,140.16,0.227,none
2026-09-01T06:00:00,site_03,20.89,130.58,0.237,none
2026-09-01T07:00:00,site_03,24.44,113.27,0.24,none
2026-09-01T08:00:00,site_03,16.11,132.26,0.202,none
2026-09-01T09:00:00,site_03,18.6,127.02,0.323,none
2026-09-01T10:00:00,site_03,17.81,110.04,0.317,none
2026-09-01T11:00:00,site_03,21.24,123.52,0.184,none
2026-09-01T12:00:00,site_03,28.69,150.45,0.188,none
2026-09-01T13:00:00,site_03,18.82,102.92,0.282,none
2026-09-01T14:00:00,site_03,24.46,122.52,0.223,none
2026-09-01T15:00:00,site_03,18.16,135.44,0.211,none
2026-09-01T16:00:00,site_03,21.66,145.75,0.171,none
2026-09-01T17:00:00,site_03,22.31,140.82,0.275,none
2026-09-01T18:00:00,site_03,16.47,121.56,0.275,none
2026-09-01T19:00:00,site_03,19.24,102.25,0.319,none
2026-09-01T20:00:00,site_03,23.63,144.08,0.26,none
2026-09-01T21:00:00,site_03,20.83,123.15,0.363,none
2026-09-01T22:00:00,site_03,19.93,136.55,0.18,none
2026-09-01T23:00:00,site_03,19.33,137.08,0.284,none
2026-09-02T00:00:00,site_03,21.6,129.73,0.228,none
2026-09-02T01:00:00,site_03,19.97,151.76,0.226,none
2026-09-02T02:00:00,site_03,19.77,146.07,0.265,none
2026-09-02T03:00:00,site_03,20.54,138.17,0.199,none
2026-09-02T04:00:00,site_03,24.23,142.68,0.182,none
2026-09-02T05:00:00,site_03,21.64,155.46,2.846,packet_loss
2026-09-02T06:00:00,site_03,19.41,124.1,0.21,none
2026-09-02T07:00:00,site_03,21.34,121.54,0.158,none
2026-09-02T08:00:00,site_03,137.31,142.21,0.154,latency_spike
2026-09-02T09:00:00,site_03,18.22,129.7,0.225,none
2026-09-02T10:00:00,site_03,27.09,104.6,0.356,none
2026-09-02T11:00:00,site_03,24.26,144.12,0.181,none
2026-09-02T12:00:00,site_03,20.99,137.88,0.243,none
2026-09-02T13:00:00,site_03,21.54,127.05,0.286,none
2026-09-02T14:00:00,site_03,23.51,119.6,0.179,none
2026-09-02T15:00:00,site_03,19.45,141.36,0.28,none
2026-09-02T16:00:00,site_03,25.61,150.09,0.243,none
2026-09-02T17:00:00,site_03,26.04,128.65,0.237,none
2026-09-02T18:00:00,site_03,18.65,107.54,0.263,none
2026-09-02T19:00:00,site_03,30.5,113.27,0.168,none
2026-09-02T20:00:00,site_03,25.91,130.53,0.26,none
2026-09-02T21:00:00,site_03,70.73,113.46,0.136,latency_spike
2026-09-02T22:00:00,site_03,19.71,117.1,0.251,none
2026-09-02T23:00:00,site_03,24.0,140.85,0.288,none
2026-09-03T00:00:00,site_03,22.23,137.24,0.238,none
2026-09-03T01:00:00,site_03,40.64,46.92,0.252,congestion
2026-09-03T02:00:00,site_03,19.33,119.63,0.17,none
2026-09-03T03:00:00,site_03,21.55,116.62,0.271,none
2026-09-03T04:00:00,site_03,17.1,144.88,0.204,none
2026-09-03T05:00:00,site_03,21.44,146.7,0.232,none
2026-09-03T06:00:00,site_03,22.95,122.29,0.325,none
2026-09-03T07:00:00,site_03,14.61,134.93,0.328,none
2026-09-03T08:00:00,site_03,26.81,114.27,0.277,none
2026-09-03T09:00:00,site_03,21.99,110.47,0.199,none
2026-09-03T10:00:00,site_03,24.01,141.58,0.245,none
2026-09-03T11:00:00,site_03,20.38,118.37,0.274,none
2026-09-03T12:00:00,site_03,24.49,118.24,0.094,none
2026-09-03T13:00:00,site_03,25.58,123.55,0.193,none
2026-09-03T14:00:00,site_03,25.11,129.93,0.216,none
2026-09-03T15:00:00,site_03,22.0,153.57,0.252,none
2026-09-03T16:00:00,site_03,24.83,112.02,0.269,none
2026-09-03T17:00:00,site_03,20.33,91.82,0.125,none
2026-09-03T18:00:00,site_03,22.91,131.27,0.24,none
2026-09-03T19:00:00,site_03,17.51,129.15,0.246,none
2026-09-03T20:00:00,site_03,21.4,105.57,0.301,none
2026-09-03T21:00:00,site_03,27.41,129.08,0.282,none
2026-09-03T22:00:00,site_03,21.23,120.8,0.237,none
2026-09-03T23:00:00,site_03,18.96,127.69,0.2,none
2026-09-04T00:00:00,site_03,21.05,152.74,0.221,none
2026-09-04T01:00:00,site_03,17.35,122.86,0.242,none
2026-09-04T02:00:00,site_03,21.98,150.32,0.263,none
2026-09-04T03:00:00,site_03,21.14,165.42,0.207,none
2026-09-04T04:00:00,site_03,70.75,8.23,10.272,link_down
2026-09-04T05:00:00,site_03,23.38,159.06,0.154,none
2026-09-04T06:00:00,site_03,19.93,99.96,0.284,none
2026-09-04T07:00:00,site_03,23.54,164.96,0.213,none
2026-09-04T08:00:00,site_03,21.67,144.37,0.203,none
2026-09-04T09:00:00,site_03,24.49,135.25,0.129,none
2026-09-04T10:00:00,site_03,25.82,135.59,0.193,none
2026-09-04T11:00:00,site_03,21.36,140.6,0.163,none
2026-09-04T12:00:00,site_03,22.14,128.07,0.26,none
2026-09-04T13:00:00,site_03,22.39,145.94,0.255,none
2026-09-04T14:00:00,site_03,21.03,117.04,0.227,none
2026-09-04T15:00:00,site_03,20.96,116.22,0.206,none
2026-09-04T16:00:00,site_03,20.2,136.84,0.257,none
2026-09-04T17:00:00,site_03,25.59,144.5,0.184,none
2026-09-04T18:00:00,site_03,21.09,122.8,0.174,none
2026-09-04T19:00:00,site_03,19.89,119.49,0.215,none
2026-09-04T20:00:00,site_03,21.92,166.64,0.24,none
2026-09-04T21:00:00,site_03,21.33,133.41,0.253,none
2026-09-04T22:00:00,site_03,18.78,142.45,0.241,none
2026-09-04T23:00:00,site_03,47.26,59.43,0.188,congestion
2026-09-05T00:00:00,site_03,16.14,110.68,0.283,none
2026-09-05T01:00:00,site_03,17.99,133.01,0.205,none
2026-09-05T02:00:00,site_03,23.54,112.14,0.186,none
2026-09-05T03:00:00,site_03,24.23,148.14,0.198,none
2026-09-05T04:00:00,site_03,18.97,156.96,0.174,none
2026-09-05T05:00:00,site_03,19.35,159.76,0.261,none
2026-09-05T06:00:00,site_03,114.77,141.28,0.284,latency_spike
2026-09-05T07:00:00,site_03,21.71,110.16,0.19,none
2026-09-05T08:00:00,site_03,24.96,153.81,0.27,none
2026-09-05T09:00:00,site_03,23.56,119.56,0.223,none
2026-09-05T10:00:00,site_03,17.57,134.57,0.24,none
2026-09-05T11:00:00,site_03,22.96,133.21,0.259,none
2026-09-05T12:00:00,site_03,22.56,118.67,0.249,none
2026-09-05T13:00:00,site_03,19.31,130.34,0.2,none
2026-09-05T14:00:00,site_03,17.94,148.55,0.284,none
2026-09-05T15:00:00,site_03,108.94,6.34,10.383,link_down
2026-09-05T16:00:00,site_03,22.08,123.6,0.25,none
2026-09-05T17:00:00,site_03,20.98,156.22,0.243,none
2026-09-05T18:00:00,site_03,18.59,135.84,0.224,none
2026-09-05T19:00:00,site_03,18.99,169.64,0.218,none
2026-09-05T20:00:00,site_03,19.22,128.79,0.258,none
2026-09-05T21:00:00,site_03,23.35,119.89,0.248,none
2026-09-05T22:00:00,site_03,19.46,115.8,0.172,none
2026-09-05T23:00:00,site_03,23.38,144.22,0.233,none
2026-09-06T00:00:00,site_03,16.03,142.51,0.24,none
2026-09-06T01:00:00,site_03,22.46,114.76,0.156,none
2026-09-06T02:00:00,site_03,23.01,139.92,0.163,none
2026-09-06T03:00:00,site_03,19.15,124.21,0.163,none
2026-09-06T04:00:00,site_03,18.85,130.86,0.172,none
2026-09-06T05:00:00,site_03,24.49,110.04,0.221,none
2026-09-06T06:00:00,site_03,20.06,120.96,0.289,none
2026-09-06T07:00:00,site_03,24.63,136.0,0.214,none
2026-09-06T08:00:00,site_03,22.28,144.88,0.204,none
2026-09-06T09:00:00,site_03,21.13,140.13,0.18,none
2026-09-06T10:00:00,site_03,22.72,109.81,0.291,none
2026-09-06T11:00:00,site_03,24.32,150.97,0.235,none
2026-09-06T12:00:00,site_03,15.79,133.39,0.201,none
2026-09-06T13:00:00,site_03,21.13,138.8,2.588,packet_loss
2026-09-06T14:00:00,site_03,23.93,122.29,0.258,none
2026-09-06T15:00:00,site_03,23.54,143.2,0.173,none
2026-09-06T16:00:00,site_03,18.76,133.46,0.244,none
2026-09-06T17:00:00,site_03,22.33,116.91,0.164,none
2026-09-06T18:00:00,site_03,21.87,146.81,0.229,none
2026-09-06T19:00:00,site_03,24.22,124.01,0.248,none
2026-09-06T20:00:00,site_03,26.25,116.42,0.214,none
2026-09-06T21:00:00,site_03,18.04,134.52,0.312,none
2026-09-06T22:00:00,site_03,22.5,88.32,0.229,none
2026-09-06T23:00:00,site_03,18.86,145.79,0.215,none
2026-09-07T00:00:00,site_03,20.19,100.81,0.174,none
2026-09-07T01:00:00,site_03,14.99,118.07,0.211,none
2026-09-07T02:00:00,site_03,23.62,121.21,0.296,none
2026-09-07T03:00:00,site_03,24.34,109.18,0.285,none
2026-09-07T04:00:00,site_03,18.23,126.31,0.245,none
2026-09-07T05:00:00,site_03,22.98,120.82,0.262,none
2026-09-07T06:00:00,site_03,21.13,122.94,0.239,none
2026-09-07T07:00:00,site_03,27.5,143.66,0.28,none
2026-09-07T08:00:00,site_03,22.87,136.84,0.266,none
2026-09-07T09:00:00,site_03,19.99,121.97,0.263,none
2026-09-07T10:00:00,site_03,86.93,7.29,10.274,link_down
2026-09-07T11:00:00,site_03,19.31,146.59,0.27,none
2026-09-07T12:00:00,site_03,20.38,132.05,0.27,none
2026-09-07T13:00:00,site_03,22.17,138.34,0.234,none
2026-09-07T14:00:00,site_03,20.53,129.85,0.229,none
2026-09-07T15:00:00,site_03,20.12,130.41,0.217,none
2026-09-07T16:00:00,site_03,22.78,113.38,0.15,none
2026-09-07T17:00:00,site_03,23.61,154.88,0.27,none
2026-09-07T18:00:00,site_03,20.62,133.41,0.24,none
2026-09-07T19:00:00,site_03,18.57,130.54,0.252,none
2026-09-07T20:00:00,site_03,18.9,124.39,0.096,none
2026-09-07T21:00:00,site_03,25.1,121.7,0.18,none
2026-09-07T22:00:00,site_03,21.15,95.68,0.242,none
2026-09-07T23:00:00,site_03,22.77,110.34,0.233,none
2026-09-08T00:00:00,site_03,22.23,131.44,0.218,none
2026-09-08T01:00:00,site_03,16.89,120.81,0.231,none
2026-09-08T02:00:00,site_03,23.19,125.38,0.183,none
2026-09-08T03:00:00,site_03,22.0,134.44,0.325,none
2026-09-08T04:00:00,site_03,21.1,135.96,0.23,none
2026-09-08T05:00:00,site_03,16.67,121.9,0.177,none
2026-09-08T06:00:00,site_03,18.93,113.86,0.26,none
2026-09-08T07:00:00,site_03,18.61,125.66,0.138,none
2026-09-08T08:00:00,site_03,22.51,141.94,0.195,none
2026-09-08T09:00:00,site_03,16.77,110.85,0.266,none
2026-09-08T10:00:00,site_03,20.22,154.63,0.256,none
2026-09-08T11:00:00,site_03,16.68,128.96,0.121,none
2026-09-08T12:00:00,site_03,21.71,124.19,0.176,none
2026-09-08T13:00:00,site_03,21.66,143.73,0.238,none
2026-09-08T14:00:00,site_03,21.34,127.84,0.284,none
2026-09-08T15:00:00,site_03,29.76,135.19,0.25,none
2026-09-08T16:00:00,site_03,26.95,141.45,0.151,none
2026-09-08T17:00:00,site_03,20.29,131.17,0.167,none
2026-09-08T18:00:00,site_03,19.36,131.07,0.217,none
2026-09-08T19:00:00,site_03,27.26,130.26,0.234,none
2026-09-08T20:00:00,site_03,24.64,124.63,0.21,none
2026-09-08T21:00:00,site_03,19.7,129.0,0.152,none
2026-09-08T22:00:00,site_03,27.14,140.38,0.304,none
2026-09-08T23:00:00,site_03,22.03,115.42,0.22,none
2026-09-09T00:00:00,site_03,21.62,108.38,0.165,none
2026-09-09T01:00:00,site_03,22.79,160.52,0.299,none
2026-09-09T02:00:00,site_03,25.58,143.61,0.154,none
2026-09-09T03:00:00,site_03,24.6,137.82,0.166,none
2026-09-09T04:00:00,site_03,14.9,126.22,0.288,none
2026-09-09T05:00:00,site_03,19.82,142.91,0.28,none
2026-09-09T06:00:00,site_03,23.94,145.79,0.268,none
2026-09-09T07:00:00,site_03,21.59,126.01,0.17,none
2026-09-09T08:00:00,site_03,20.47,133.19,0.303,none
2026-09-09T09:00:00,site_03,24.33,145.76,0.219,none
2026-09-09T10:00:00,site_03,20.59,149.4,0.263,none
2026-09-09T11:00:00,site_03,21.8,154.29,0.222,none
2026-09-09T12:00:00,site_03,22.96,114.02,0.257,none
2026-09-09T13:00:00,site_03,19.44,145.7,0.249,none
2026-09-09T14:00:00,site_03,22.66,128.66,0.232,none
2026-09-09T15:00:00,site_03,19.14,130.17,0.215,none
2026-09-09T16:00:00,site_03,18.56,153.09,0.25,none
2026-09-09T17:00:00,site_03,16.7,127.88,0.309,none
2026-09-09T18:00:00,site_03,25.24,134.84,0.255,none
2026-09-09T19:00:00,site_03,24.13,124.54,0.274,none
2026-09-09T20:00:00,site_03,21.85,134.85,0.223,none
2026-09-09T21:00:00,site_03,20.52,119.83,0.311,none
2026-09-09T22:00:00,site_03,19.03,138.09,0.194,none
2026-09-09T23:00:00,site_03,24.42,104.0,0.277,none
2026-09-10T00:00:00,site_03,20.68,135.71,0.26,none
2026-09-10T01:00:00,site_03,23.47,131.27,0.168,none
2026-09-10T02:00:00,site_03,25.46,154.71,0.267,none
2026-09-10T03:00:00,site_03,22.79,142.33,0.267,none
2026-09-10T04:00:00,site_03,22.41,128.48,0.201,none
2026-09-10T05:00:00,site_03,22.34,132.36,0.259,none
2026-09-10T06:00:00,site_03,23.25,160.38,0.235,none
2026-09-10T07:00:00,site_03,22.24,160.05,0.18,none
2026-09-10T08:00:00,site_03,18.92,121.36,0.229,none
2026-09-10T09:00:00,site_03,26.72,136.29,0.212,none
2026-09-10T10:00:00,site_03,20.03,121.0,0.142,none
2026-09-10T11:00:00,site_03,24.22,165.83,0.162,none
2026-09-10T12:00:00,site_03,21.53,141.66,0.149,none
2026-09-10T13:00:00,site_03,23.68,128.98,0.263,none
2026-09-10T14:00:00,site_03,19.58,122.61,0.138,none
2026-09-10T15:00:00,site_03,24.89,119.05,0.248,none
2026-09-10T16:00:00,site_03,22.3,120.15,0.187,none
2026-09-10T17:00:00,site_03,21.13,159.9,0.233,none
2026-09-10T18:00:00,site_03,25.0,139.03,0.267,none
2026-09-10T19:00:00,site_03,19.36,127.66,0.222,none
2026-09-10T20:00:00,site_03,20.53,149.61,0.243,none
2026-09-10T21:00:00,site_03,16.65,154.54,0.226,none
2026-09-10T22:00:00,site_03,20.5,107.41,0.302,none
2026-09-10T23:00:00,site_03,25.42,130.34,0.302,none
2026-09-11T00:00:00,site_03,23.88,140.35,0.262,none
2026-09-11T01:00:00,site_03,20.62,158.3,0.186,none
2026-09-11T02:00:00,site_03,21.36,135.6,0.21,none
2026-09-11T03:00:00,site_03,20.81,105.84,0.231,none
2026-09-11T04:00:00,site_03,16.11,131.62,0.255,none
2026-09-11T05:00:00,site_03,23.02,100.58,0.163,none
2026-09-11T06:00:00,site_03,18.18,138.73,0.197,none
2026-09-11T07:00:00,site_03,19.42,137.99,0.238,none
2026-09-11T08:00:00,site_03,18.17,133.58,0.17,none
2026-09-11T09:00:00,site_03,29.2,149.82,0.267,none
2026-09-11T10:00:00,site_03,15.5,109.73,0.295,none
2026-09-11T11:00:00,site_03,19.22,127.08,0.178,none
2026-09-11T12:00:00,site_03,21.17,116.19,0.194,none
2026-09-11T13:00:00,site_03,22.88,126.08,0.222,none
2026-09-11T14:00:00,site_03,20.89,125.39,0.255,none
2026-09-11T15:00:00,site_03,20.88,130.77,0.192,none
2026-09-11T16:00:00,site_03,23.62,136.24,0.254,none
2026-09-11T17:00:00,site_03,21.46,140.01,0.278,none
2026-09-11T18:00:00,site_03,21.02,150.37,0.242,none
2026-09-11T19:00:00,site_03,22.16,133.27,0.194,none
2026-09-11T20:00:00,site_03,29.85,123.94,0.235,none
2026-09-11T21:00:00,site_03,19.85,152.73,0.197,none
2026-09-11T22:00:00,site_03,16.55,118.2,0.146,none
2026-09-11T23:00:00,site_03,29.72,124.07,0.148,none
2026-09-12T00:00:00,site_03,19.14,149.06,0.217,none
2026-09-12T01:00:00,site_03,20.78,140.93,0.22,none
2026-09-12T02:00:00,site_03,20.72,110.49,0.251,none
2026-09-12T03:00:00,site_03,19.99,140.96,0.246,none
2026-09-12T04:00:00,site_03,21.12,147.11,0.277,none
2026-09-12T05:00:00,site_03,24.1,140.82,0.209,none
2026-09-12T06:00:00,site_03,22.58,137.76,0.286,none
2026-09-12T07:00:00,site_03,18.6,136.46,0.227,none
2026-09-12T08:00:00,site_03,22.44,101.78,0.184,none
2026-09-12T09:00:00,site_03,81.98,111.33,0.215,latency_spike
2026-09-12T10:00:00,site_03,19.89,152.8,0.212,none
2026-09-12T11:00:00,site_03,16.89,127.0,0.148,none
2026-09-12T12:00:00,site_03,23.84,128.82,0.215,none
2026-09-12T13:00:00,site_03,20.66,134.08,0.28,none
2026-09-12T14:00:00,site_03,18.82,131.95,0.226,none
2026-09-12T15:00:00,site_03,22.12,124.99,0.205,none
2026-09-12T16:00:00,site_03,24.76,118.59,0.228,none
2026-09-12T17:00:00,site_03,26.0,125.06,0.279,none
2026-09-12T18:00:00,site_03,21.13,126.4,0.215,none
2026-09-12T19:00:00,site_03,23.88,133.03,0.243,none
2026-09-12T20:00:00,site_03,18.41,161.72,0.222,none
2026-09-12T21:00:00,site_03,25.61,133.79,0.26,none
2026-09-12T22:00:00,site_03,20.36,127.02,0.162,none
2026-09-12T23:00:00,site_03,22.21,157.32,0.235,none
2026-09-13T00:00:00,site_03,21.04,170.66,0.274,none
2026-09-13T01:00:00,site_03,23.09,118.44,0.163,none
2026-09-13T02:00:00,site_03,21.59,101.48,0.174,none
2026-09-13T03:00:00,site_03,20.09,135.49,0.17,none
2026-09-13T04:00:00,site_03,17.77,154.21,0.145,none
2026-09-13T05:00:00,site_03,22.57,154.53,0.247,none
2026-09-13T06:00:00,site_03,21.37,114.17,0.206,none
2026-09-13T07:00:00,site_03,17.48,135.59,0.175,none
2026-09-13T08:00:00,site_03,17.41,134.01,0.207,none
2026-09-13T09:00:00,site_03,22.29,148.1,0.193,none
2026-09-13T10:00:00,site_03,18.37,123.36,0.218,none
2026-09-13T11:00:00,site_03,17.67,108.36,0.114,none
2026-09-13T12:00:00,site_03,23.2,105.59,0.163,none
2026-09-13T13:00:00,site_03,19.41,134.38,0.263,none
2026-09-13T14:00:00,site_03,16.75,126.1,0.15,none
2026-09-13T15:00:00,site_03,16.53,113.85,0.179,none
2026-09-13T16:00:00,site_03,25.38,165.9,0.207,none
2026-09-13T17:00:00,site_03,14.61,125.9,0.215,none
2026-09-13T18:00:00,site_03,21.98,135.49,0.247,none
2026-09-13T19:00:00,site_03,18.01,139.55,0.232,none
2026-09-13T20:00:00,site_03,23.69,108.24,0.159,none
2026-09-13T21:00:00,site_03,18.15,140.89,0.249,none
2026-09-13T22:00:00,site_03,22.51,132.7,0.291,none
2026-09-13T23:00:00,site_03,21.52,151.77,0.237,none
2026-09-14T00:00:00,site_03,18.8,140.11,0.293,none
2026-09-14T01:00:00,site_03,25.24,100.02,0.228,none
2026-09-14T02:00:00,site_03,19.14,165.32,0.228,none
2026-09-14T03:00:00,site_03,21.4,99.52,0.193,none
2026-09-14T04:00:00,site_03,19.43,117.13,0.296,none
2026-09-14T05:00:00,site_03,22.87,122.74,0.219,none
2026-09-14T06:00:00,site_03,18.33,113.9,0.2,none
2026-09-14T07:00:00,site_03,16.63,132.86,0.243,none
2026-09-14T08:00:00,site_03,19.31,134.01,0.247,none
2026-09-14T09:00:00,site_03,23.55,141.19,0.247,none
2026-09-14T10:00:00,site_03,20.24,109.05,0.191,none
2026-09-14T11:00:00,site_03,17.95,136.16,0.291,none
2026-09-14T12:00:00,site_03,22.17,114.05,0.216,none
2026-09-14T13:00:00,site_03,23.12,119.38,0.282,none
2026-09-14T14:00:00,site_03,19.37,110.77,0.244,none
2026-09-14T15:00:00,site_03,22.14,163.15,0.302,none
2026-09-14T16:00:00,site_03,20.36,136.61,0.189,none
2026-09-14T17:00:00,site_03,22.4,133.41,0.265,none
2026-09-14T18:00:00,site_03,21.83,127.87,0.306,none
2026-09-14T19:00:00,site_03,20.35,129.64,0.241,none
2026-09-14T20:00:00,site_03,17.25,106.43,0.187,none
2026-09-14T21:00:00,site_03,19.39,139.09,0.223,none
2026-09-14T22:00:00,site_03,17.64,122.64,0.26,none
2026-09-14T23:00:00,site_03,19.14,131.99,0.341,none
2026-09-01T00:00:00,site_04,36.64,191.8,0.105,none
2026-09-01T01:00:00,site_04,36.65,189.79,0.149,none
2026-09-01T02:00:00,site_04,37.28,205.61,0.172,none
2026-09-01T03:00:00,site_04,35.47,200.85,0.196,none
2026-09-01T04:00:00,site_04,35.94,205.26,0.213,none
2026-09-01T05:00:00,site_04,36.8,195.95,0.231,none
2026-09-01T06:00:00,site_04,35.21,194.99,0.198,none
2026-09-01T07:00:00,site_04,73.75,76.34,0.067,congestion
2026-09-01T08:00:00,site_04,36.63,189.87,0.248,none
2026-09-01T09:00:00,site_04,34.62,153.09,0.153,none
2026-09-01T10:00:00,site_04,35.57,208.89,0.22,none
2026-09-01T11:00:00,site_04,35.99,207.66,0.176,none
2026-09-01T12:00:00,site_04,31.95,185.65,0.215,none
2026-09-01T13:00:00,site_04,37.28,180.79,0.118,none
2026-09-01T14:00:00,site_04,31.8,200.53,0.218,none
2026-09-01T15:00:00,site_04,36.44,200.75,0.186,none
2026-09-01T16:00:00,site_04,42.65,187.0,0.216,none
2026-09-01T17:00:00,site_04,40.93,214.3,0.179,none
2026-09-01T18:00:00,site_04,38.77,182.63,0.205,none
2026-09-01T19:00:00,site_04,35.27,209.18,0.226,none
2026-09-01T20:00:00,site_04,34.9,182.59,0.214,none
2026-09-01T21:00:00,site_04,38.17,203.47,0.173,none
2026-09-01T22:00:00,site_04,36.18,189.06,0.128,none
2026-09-01T23:00:00,site_04,34.8,197.52,0.174,none
2026-09-02T00:00:00,site_04,35.27,213.01,0.187,none
2026-09-02T01:00:00,site_04,38.01,190.08,0.35,none
2026-09-02T02:00:00,site_04,35.96,213.57,0.085,none
2026-09-02T03:00:00,site_04,86.16,76.21,0.091,congestion
2026-09-02T04:00:00,site_04,38.23,179.69,0.143,none
2026-09-02T05:00:00,site_04,38.18,212.34,0.23,none
2026-09-02T06:00:00,site_04,33.1,172.35,0.204,none
2026-09-02T07:00:00,site_04,36.42,196.83,0.12,none
2026-09-02T08:00:00,site_04,36.81,199.83,0.23,none
2026-09-02T09:00:00,site_04,37.32,181.08,0.124,none
2026-09-02T10:00:00,site_04,38.33,197.32,0.072,none
2026-09-02T11:00:00,site_04,40.71,193.46,0.106,none
2026-09-02T12:00:00,site_04,37.01,198.04,0.197,none
2026-09-02T13:00:00,site_04,34.91,224.1,0.227,none
2026-09-02T14:00:00,site_04,38.83,177.22,0.241,none
2026-09-02T15:00:00,site_04,37.95,167.68,0.075,none
2026-09-02T16:00:00,site_04,34.67,162.43,0.204,none
2026-09-02T17:00:00,site_04,41.27,188.41,0.178,none
2026-09-02T18:00:00,site_04,40.46,187.12,0.179,none
2026-09-02T19:00:00,site_04,38.76,190.28,0.171,none
2026-09-02T20:00:00,site_04,40.73,199.43,0.263,none
2026-09-02T21:00:00,site_04,41.97,200.41,0.341,none
2026-09-02T22:00:00,site_04,35.03,198.55,0.197,none
2026-09-02T23:00:00,site_04,35.09,205.85,0.235,none
2026-09-03T00:00:00,site_04,34.21,213.39,0.239,none
2026-09-03T01:00:00,site_04,37.71,195.66,0.173,none
2026-09-03T02:00:00,site_04,37.19,179.54,0.125,none
2026-09-03T03:00:00,site_04,37.76,191.87,0.188,none
2026-09-03T04:00:00,site_04,35.22,214.26,0.164,none
2026-09-03T05:00:00,site_04,38.54,164.72,0.138,none
2026-09-03T06:00:00,site_04,31.88,209.04,0.253,none
2026-09-03T07:00:00,site_04,37.97,209.06,0.154,none
2026-09-03T08:00:00,site_04,35.08,185.11,0.137,none
2026-09-03T09:00:00,site_04,40.57,189.51,0.114,none
2026-09-03T10:00:00,site_04,38.28,219.93,0.197,none
2026-09-03T11:00:00,site_04,39.4,188.68,0.158,none
2026-09-03T12:00:00,site_04,41.32,154.18,0.217,none
2026-09-03T13:00:00,site_04,35.87,217.66,0.142,none
2026-09-03T14:00:00,site_04,36.71,198.48,0.155,none
2026-09-03T15:00:00,site_04,34.5,211.49,0.181,none
2026-09-03T16:00:00,site_04,138.69,182.38,0.261,latency_spike
2026-09-03T17:00:00,site_04,40.39,181.44,0.148,none
2026-09-03T18:00:00,site_04,37.1,196.17,0.282,none
2026-09-03T19:00:00,site_04,29.96,197.17,0.179,none
2026-09-03T20:00:00,site_04,38.21,195.96,0.176,none
2026-09-03T21:00:00,site_04,38.94,184.14,0.13,none
2026-09-03T22:00:00,site_04,34.95,193.77,0.103,none
2026-09-03T23:00:00,site_04,34.3,185.63,0.23,none
2026-09-04T00:00:00,site_04,38.8,165.7,0.269,none
2026-09-04T01:00:00,site_04,41.68,207.59,0.206,none
2026-09-04T02:00:00,site_04,37.55,185.21,0.179,none
2026-09-04T03:00:00,site_04,30.98,209.1,0.173,none
2026-09-04T04:00:00,site_04,35.42,197.65,0.133,none
2026-09-04T05:00:00,site_04,38.32,200.06,0.167,none
2026-09-04T06:00:00,site_04,37.36,170.3,0.126,none
2026-09-04T07:00:00,site_04,39.63,186.83,0.155,none
2026-09-04T08:00:00,site_04,38.15,197.36,0.159,none
2026-09-04T09:00:00,site_04,30.54,206.8,0.2,none
2026-09-04T10:00:00,site_04,36.69,203.31,0.1,none
2026-09-04T11:00:00,site_04,33.69,218.84,0.221,none
2026-09-04T12:00:00,site_04,32.56,190.29,0.154,none
2026-09-04T13:00:00,site_04,42.93,196.96,0.201,none
2026-09-04T14:00:00,site_04,39.26,186.57,0.163,none
2026-09-04T15:00:00,site_04,32.21,216.23,0.186,none
2026-09-04T16:00:00,site_04,33.87,178.42,0.119,none
2026-09-04T17:00:00,site_04,37.3,185.31,0.127,none
2026-09-04T18:00:00,site_04,36.95,185.29,0.143,none
2026-09-04T19:00:00,site_04,36.85,211.32,0.151,none
2026-09-04T20:00:00,site_04,36.93,166.81,0.249,none
2026-09-04T21:00:00,site_04,39.34,180.99,0.169,none
2026-09-04T22:00:00,site_04,40.81,196.94,0.196,none
2026-09-04T23:00:00,site_04,40.57,203.75,0.106,none
2026-09-05T00:00:00,site_04,34.09,203.18,0.186,none
2026-09-05T01:00:00,site_04,36.53,169.86,0.175,none
2026-09-05T02:00:00,site_04,38.68,197.94,0.273,none
2026-09-05T03:00:00,site_04,35.83,204.54,0.107,none
2026-09-05T04:00:00,site_04,38.1,159.9,0.175,none
2026-09-05T05:00:00,site_04,37.4,176.11,3.701,packet_loss
2026-09-05T06:00:00,site_04,139.16,9.43,10.11,link_down
2026-09-05T07:00:00,site_04,38.87,229.31,0.146,none
2026-09-05T08:00:00,site_04,35.37,195.45,0.196,none
2026-09-05T09:00:00,site_04,40.36,183.02,0.227,none
2026-09-05T10:00:00,site_04,37.06,187.55,0.299,none
2026-09-05T11:00:00,site_04,37.99,181.02,0.267,none
2026-09-05T12:00:00,site_04,35.06,199.96,0.19,none
2026-09-05T13:00:00,site_04,39.37,198.11,0.188,none
2026-09-05T14:00:00,site_04,38.39,195.71,0.18,none
2026-09-05T15:00:00,site_04,42.18,176.52,0.199,none
2026-09-05T16:00:00,site_04,42.38,178.72,0.141,none
2026-09-05T17:00:00,site_04,38.07,171.68,0.153,none
2026-09-05T18:00:00,site_04,37.82,184.77,0.103,none
2026-09-05T19:00:00,site_04,33.17,204.23,0.142,none
2026-09-05T20:00:00,site_04,39.35,177.15,0.131,none
2026-09-05T21:00:00,site_04,36.31,189.73,0.241,none
2026-09-05T22:00:00,site_04,37.37,206.59,0.218,none
2026-09-05T23:00:00,site_04,36.23,166.19,0.125,none
2026-09-06T00:00:00,site_04,36.68,193.4,0.229,none
2026-09-06T01:00:00,site_04,36.39,195.1,0.142,none
2026-09-06T02:00:00,site_04,39.82,196.62,0.267,none
2026-09-06T03:00:00,site_04,37.07,197.77,0.132,none
2026-09-06T04:00:00,site_04,33.78,202.63,0.23,none
2026-09-06T05:00:00,site_04,31.54,177.77,0.206,none
2026-09-06T06:00:00,site_04,29.02,210.91,0.184,none
2026-09-06T07:00:00,site_04,40.08,182.11,0.143,none
2026-09-06T08:00:00,site_04,42.44,216.63,0.195,none
2026-09-06T09:00:00,site_04,39.47,173.42,0.21,none
2026-09-06T10:00:00,site_04,38.05,188.86,0.202,none
2026-09-06T11:00:00,site_04,27.88,194.96,0.209,none
2026-09-06T12:00:00,site_04,34.4,198.96,0.172,none
2026-09-06T13:00:00,site_04,38.03,198.84,0.23,none
2026-09-06T14:00:00,site_04,34.4,155.7,0.153,none
2026-09-06T15:00:00,site_04,36.04,204.29,0.185,none
2026-09-06T16:00:00,site_04,36.21,199.29,0.203,none
2026-09-06T17:00:00,site_04,31.98,185.4,0.22,none
2026-09-06T18:00:00,site_04,37.82,187.88,0.215,none
2026-09-06T19:00:00,site_04,36.02,197.23,0.236,none
2026-09-06T20:00:00,site_04,39.32,192.93,0.175,none
2026-09-06T21:00:00,site_04,36.75,195.12,0.124,none
2026-09-06T22:00:00,site_04,33.68,185.79,0.182,none
2026-09-06T23:00:00,site_04,35.83,182.28,0.15,none
2026-09-07T00:00:00,site_04,28.66,177.23,0.314,none
2026-09-07T01:00:00,site_04,33.78,191.64,0.181,none
2026-09-07T02:00:00,site_04,42.62,198.1,0.15,none
2026-09-07T03:00:00,site_04,35.0,176.77,0.089,none
2026-09-07T04:00:00,site_04,34.41,174.6,0.193,none
2026-09-07T05:00:00,site_04,27.67,176.61,0.154,none
2026-09-07T06:00:00,site_04,41.66,183.07,0.221,none
2026-09-07T07:00:00,site_04,36.97,179.74,0.174,none
2026-09-07T08:00:00,site_04,37.61,188.73,0.13,none
2026-09-07T09:00:00,site_04,115.83,185.55,0.185,latency_spike
2026-09-07T10:00:00,site_04,35.23,178.1,0.096,none
2026-09-07T11:00:00,site_04,38.8,181.85,0.303,none
2026-09-07T12:00:00,site_04,41.01,204.2,0.27,none
2026-09-07T13:00:00,site_04,29.41,185.58,3.851,packet_loss
2026-09-07T14:00:00,site_04,41.06,198.0,0.217,none
2026-09-07T15:00:00,site_04,33.81,216.48,0.182,none
2026-09-07T16:00:00,site_04,35.23,182.53,0.142,none
2026-09-07T17:00:00,site_04,32.6,189.35,0.148,none
2026-09-07T18:00:00,site_04,37.98,196.25,0.14,none
2026-09-07T19:00:00,site_04,38.18,203.01,0.173,none
2026-09-07T20:00:00,site_04,37.12,204.16,0.153,none
2026-09-07T21:00:00,site_04,37.9,203.15,0.206,none
2026-09-07T22:00:00,site_04,36.05,180.17,0.205,none
2026-09-07T23:00:00,site_04,35.41,208.91,0.133,none
2026-09-08T00:00:00,site_04,42.01,205.3,0.159,none
2026-09-08T01:00:00,site_04,37.56,151.09,0.132,none
2026-09-08T02:00:00,site_04,36.03,195.98,0.234,none
2026-09-08T03:00:00,site_04,33.92,197.14,0.161,none
2026-09-08T04:00:00,site_04,36.22,225.9,0.065,none
2026-09-08T05:00:00,site_04,37.09,180.55,0.222,none
2026-09-08T06:00:00,site_04,36.95,188.21,0.172,none
2026-09-08T07:00:00,site_04,36.86,189.45,0.19,none
2026-09-08T08:00:00,site_04,33.41,176.51,0.09,none
2026-09-08T09:00:00,site_04,37.85,199.85,0.106,none
2026-09-08T10:00:00,site_04,35.27,194.79,0.22,none
2026-09-08T11:00:00,site_04,35.46,194.96,0.32,none
2026-09-08T12:00:00,site_04,41.92,210.36,0.196,none
2026-09-08T13:00:00,site_04,40.28,169.8,0.257,none
2026-09-08T14:00:00,site_04,29.15,187.16,0.21,none
2026-09-08T15:00:00,site_04,39.24,179.52,0.112,none
2026-09-08T16:00:00,site_04,37.19,187.05,0.239,none
2026-09-08T17:00:00,site_04,38.04,193.29,0.099,none
2026-09-08T18:00:00,site_04,37.13,221.99,0.206,none
2026-09-08T19:00:00,site_04,27.77,203.27,0.173,none
2026-09-08T20:00:00,site_04,34.46,197.52,0.22,none
2026-09-08T21:00:00,site_04,35.82,192.65,0.204,none
2026-09-08T22:00:00,site_04,40.02,185.34,0.111,none
2026-09-08T23:00:00,site_04,35.28,183.75,0.174,none
2026-09-09T00:00:00,site_04,35.94,192.01,0.175,none
2026-09-09T01:00:00,site_04,30.02,220.48,0.17,none
2026-09-09T02:00:00,site_04,32.96,185.21,0.144,none
2026-09-09T03:00:00,site_04,35.34,203.64,0.145,none
2026-09-09T04:00:00,site_04,36.36,211.53,0.083,none
2026-09-09T05:00:00,site_04,31.26,175.96,0.137,none
2026-09-09T06:00:00,site_04,34.89,162.05,0.126,none
2026-09-09T07:00:00,site_04,38.31,195.08,0.127,none
2026-09-09T08:00:00,site_04,33.68,191.62,0.221,none
2026-09-09T09:00:00,site_04,38.99,181.21,0.179,none
2026-09-09T10:00:00,site_04,36.49,222.83,0.089,none
2026-09-09T11:00:00,site_04,40.73,170.28,0.145,none
2026-09-09T12:00:00,site_04,36.43,168.33,0.207,none
2026-09-09T13:00:00,site_04,38.62,179.22,0.182,none
2026-09-09T14:00:00,site_04,36.1,224.57,0.182,none
2026-09-09T15:00:00,site_04,37.64,171.99,0.117,none
2026-09-09T16:00:00,site_04,35.76,206.33,0.206,none
2026-09-09T17:00:00,site_04,33.8,184.15,0.191,none
2026-09-09T18:00:00,site_04,36.26,198.89,0.16,none
2026-09-09T19:00:00,site_04,41.88,189.69,0.236,none
2026-09-09T20:00:00,site_04,32.7,175.74,0.136,none
2026-09-09T21:00:00,site_04,36.83,201.49,0.24,none
2026-09-09T22:00:00,site_04,35.76,161.04,0.181,none
2026-09-09T23:00:00,site_04,37.65,223.87,0.239,none
2026-09-10T00:00:00,site_04,34.21,184.58,0.173,none
2026-09-10T01:00:00,site_04,38.6,197.63,0.123,none
2026-09-10T02:00:00,site_04,37.4,166.34,0.175,none
2026-09-10T03:00:00,site_04,40.02,187.21,0.219,none
2026-09-10T04:00:00,site_04,33.15,171.04,0.233,none
2026-09-10T05:00:00,site_04,38.07,214.71,0.23,none
2026-09-10T06:00:00,site_04,34.36,218.24,0.204,none
2026-09-10T07:00:00,site_04,35.09,196.12,0.094,none
2026-09-10T08:00:00,site_04,34.24,197.83,0.151,none
2026-09-10T09:00:00,site_04,34.83,189.85,0.272,none
2026-09-10T10:00:00,site_04,38.16,191.89,0.22,none
2026-09-10T11:00:00,site_04,34.61,191.11,0.086,none
2026-09-10T12:00:00,site_04,43.29,193.47,0.071,none
2026-09-10T13:00:00,site_04,34.38,182.32,0.209,none
2026-09-10T14:00:00,site_04,35.63,182.53,0.184,none
2026-09-10T15:00:00,site_04,33.77,187.28,0.194,none
2026-09-10T16:00:00,site_04,32.86,207.11,0.04,none
2026-09-10T17:00:00,site_04,35.24,194.49,0.205,none
2026-09-10T18:00:00,site_04,34.96,201.07,0.187,none
2026-09-10T19:00:00,site_04,42.8,170.69,0.198,none
2026-09-10T20:00:00,site_04,37.92,184.85,0.219,none
2026-09-10T21:00:00,site_04,36.9,183.81,0.143,none
2026-09-10T22:00:00,site_04,40.33,187.12,0.216,none
2026-09-10T23:00:00,site_04,34.42,188.4,0.162,none
2026-09-11T00:00:00,site_04,38.38,195.79,0.098,none
2026-09-11T01:00:00,site_04,38.37,180.04,0.192,none
2026-09-11T02:00:00,site_04,33.28,171.1,0.261,none
2026-09-11T03:00:00,site_04,35.84,178.26,0.152,none
2026-09-11T04:00:00,site_04,39.75,180.62,0.232,none
2026-09-11T05:00:00,site_04,33.97,185.88,0.046,none
2026-09-11T06:00:00,site_04,36.59,204.64,0.083,none
2026-09-11T07:00:00,site_04,39.56,211.05,0.175,none
2026-09-11T08:00:00,site_04,32.68,202.97,0.139,none
2026-09-11T09:00:00,site_04,33.72,192.35,0.136,none
2026-09-11T10:00:00,site_04,31.67,160.37,0.246,none
2026-09-11T11:00:00,site_04,34.07,176.53,0.177,none
2026-09-11T12:00:00,site_04,38.35,194.5,0.232,none
2026-09-11T13:00:00,site_04,37.19,192.0,0.164,none
2026-09-11T14:00:00,site_04,37.32,192.79,0.125,none
2026-09-11T15:00:00,site_04,34.17,189.0,0.163,none
2026-09-11T16:00:00,site_04,30.74,205.64,0.143,none
2026-09-11T17:00:00,site_04,35.66,191.54,0.273,none
2026-09-11T18:00:00,site_04,40.81,192.86,0.198,none
2026-09-11T19:00:00,site_04,39.64,181.99,0.128,none
2026-09-11T20:00:00,site_04,37.4,188.96,0.213,none
2026-09-11T21:00:00,site_04,34.17,181.26,0.106,none
2026-09-11T22:00:00,site_04,38.01,199.47,0.11,none
2026-09-11T23:00:00,site_04,38.62,188.48,0.231,none
2026-09-12T00:00:00,site_04,34.26,176.94,0.133,none
2026-09-12T01:00:00,site_04,40.22,190.24,0.179,none
2026-09-12T02:00:00,site_04,39.77,186.57,0.164,none
2026-09-12T03:00:00,site_04,36.53,188.75,0.178,none
2026-09-12T04:00:00,site_04,42.04,201.05,0.217,none
2026-09-12T05:00:00,site_04,34.97,202.08,0.186,none
2026-09-12T06:00:00,site_04,36.11,191.03,0.152,none
2026-09-12T07:00:00,site_04,38.54,212.87,0.19,none
2026-09-12T08:00:00,site_04,34.29,192.45,0.178,none
2026-09-12T09:00:00,site_04,35.48,187.42,0.198,none
2026-09-12T10:00:00,site_04,35.35,199.3,0.168,none
2026-09-12T11:00:00,site_04,35.64,208.46,0.093,none
2026-09-12T12:00:00,site_04,41.85,180.86,0.177,none
2026-09-12T13:00:00,site_04,41.98,191.02,0.18,none
2026-09-12T14:00:00,site_04,39.08,179.14,0.145,none
2026-09-12T15:00:00,site_04,35.22,160.51,0.175,none
2026-09-12T16:00:00,site_04,41.95,194.92,0.132,none
2026-09-12T17:00:00,site_04,31.43,175.78,0.228,none
2026-09-12T18:00:00,site_04,39.28,190.89,0.156,none
2026-09-12T19:00:00,site_04,43.28,189.44,0.283,none
2026-09-12T20:00:00,site_04,31.87,182.28,8.136,packet_loss
2026-09-12T21:00:00,site_04,38.25,176.11,0.189,none
2026-09-12T22:00:00,site_04,37.09,193.92,0.125,none
2026-09-12T23:00:00,site_04,38.63,197.19,0.206,none
2026-09-13T00:00:00,site_04,39.91,193.34,0.119,none
2026-09-13T01:00:00,site_04,36.44,196.06,0.153,none
2026-09-13T02:00:00,site_04,33.53,167.5,0.166,none
2026-09-13T03:00:00,site_04,34.1,186.36,0.111,none
2026-09-13T04:00:00,site_04,39.32,184.03,0.155,none
2026-09-13T05:00:00,site_04,34.96,180.53,0.237,none
2026-09-13T06:00:00,site_04,38.9,206.16,0.078,none
2026-09-13T07:00:00,site_04,38.27,207.43,0.197,none
2026-09-13T08:00:00,site_04,36.27,197.78,0.162,none
2026-09-13T09:00:00,site_04,32.34,184.15,0.28,none
2026-09-13T10:00:00,site_04,36.38,179.03,0.194,none
2026-09-13T11:00:00,site_04,36.54,205.0,0.142,none
2026-09-13T12:00:00,site_04,39.56,208.1,0.184,none
2026-09-13T13:00:00,site_04,36.41,208.09,0.194,none
2026-09-13T14:00:00,site_04,36.81,213.67,0.263,none
2026-09-13T15:00:00,site_04,39.45,173.44,0.202,none
2026-09-13T16:00:00,site_04,32.63,195.86,0.203,none
2026-09-13T17:00:00,site_04,38.59,200.25,0.128,none
2026-09-13T18:00:00,site_04,32.58,162.22,0.214,none
2026-09-13T19:00:00,site_04,39.71,208.9,0.146,none
2026-09-13T20:00:00,site_04,35.11,164.58,0.183,none
2026-09-13T21:00:00,site_04,35.78,221.9,0.101,none
2026-09-13T22:00:00,site_04,34.11,205.9,0.192,none
2026-09-13T23:00:00,site_04,34.26,180.79,0.224,none
2026-09-14T00:00:00,site_04,38.54,178.81,0.194,none
2026-09-14T01:00:00,site_04,149.62,10.71,10.14,link_down
2026-09-14T02:00:00,site_04,38.96,198.23,0.139,none
2026-09-14T03:00:00,site_04,40.06,210.14,0.253,none
2026-09-14T04:00:00,site_04,37.5,187.6,0.245,none
2026-09-14T05:00:00,site_04,34.15,176.77,0.202,none
2026-09-14T06:00:00,site_04,37.02,208.36,0.215,none
2026-09-14T07:00:00,site_04,31.3,196.07,0.212,none
2026-09-14T08:00:00,site_04,35.13,179.66,0.178,none
2026-09-14T09:00:00,site_04,43.16,180.06,0.204,none
2026-09-14T10:00:00,site_04,38.26,198.26,0.193,none
2026-09-14T11:00:00,site_04,40.4,176.37,0.217,none
2026-09-14T12:00:00,site_04,38.04,209.24,0.187,none
2026-09-14T13:00:00,site_04,37.46,162.0,0.173,none
2026-09-14T14:00:00,site_04,33.54,213.78,0.203,none
2026-09-14T15:00:00,site_04,35.4,196.71,0.227,none
2026-09-14T16:00:00,site_04,36.5,192.2,0.221,none
2026-09-14T17:00:00,site_04,36.92,185.83,0.171,none
2026-09-14T18:00:00,site_04,37.51,221.13,0.161,none
2026-09-14T19:00:00,site_04,43.08,184.02,0.268,none
2026-09-14T20:00:00,site_04,42.44,203.52,0.193,none
2026-09-14T21:00:00,site_04,35.23,193.41,0.222,none
2026-09-14T22:00:00,site_04,36.15,188.51,0.227,none
2026-09-14T23:00:00,site_04,35.1,182.24,0.196,none
2026-09-01T00:00:00,site_05,21.61,291.83,0.174,none
2026-09-01T01:00:00,site_05,19.55,283.42,0.108,none
2026-09-01T02:00:00,site_05,25.72,313.48,0.006,none
2026-09-01T03:00:00,site_05,23.47,306.82,0.028,none
2026-09-01T04:00:00,site_05,116.76,313.18,0.015,latency_spike
2026-09-01T05:00:00,site_05,26.74,315.15,0.067,none
2026-09-01T06:00:00,site_05,28.49,271.2,0.125,none
2026-09-01T07:00:00,site_05,23.63,277.68,0.141,none
2026-09-01T08:00:00,site_05,23.87,295.24,0.13,none
2026-09-01T09:00:00,site_05,22.35,297.33,0.144,none
2026-09-01T10:00:00,site_05,19.88,300.57,0.04,none
2026-09-01T11:00:00,site_05,21.59,285.72,0.065,none
2026-09-01T12:00:00,site_05,25.38,303.1,0.094,none
2026-09-01T13:00:00,site_05,26.59,295.05,0.152,none
2026-09-01T14:00:00,site_05,19.6,295.33,0.159,none
2026-09-01T15:00:00,site_05,23.81,282.79,0.182,none
2026-09-01T16:00:00,site_05,22.23,304.4,0.001,none
2026-09-01T17:00:00,site_05,52.56,123.73,0.122,congestion
2026-09-01T18:00:00,site_05,21.22,293.74,0.045,none
2026-09-01T19:00:00,site_05,26.83,318.0,0.113,none
2026-09-01T20:00:00,site_05,23.51,288.67,0.118,none
2026-09-01T21:00:00,site_05,25.21,279.93,0.05,none
2026-09-01T22:00:00,site_05,27.07,281.06,0.128,none
2026-09-01T23:00:00,site_05,24.46,317.1,0.134,none
2026-09-02T00:00:00,site_05,30.13,285.29,0.045,none
2026-09-02T01:00:00,site_05,23.64,260.53,0.084,none
2026-09-02T02:00:00,site_05,26.76,301.13,0.064,none
2026-09-02T03:00:00,site_05,26.58,284.32,0.069,none
2026-09-02T04:00:00,site_05,21.13,284.71,0.098,none
2026-09-02T05:00:00,site_05,22.87,277.46,0.103,none
2026-09-02T06:00:00,site_05,25.61,296.03,0.017,none
2026-09-02T07:00:00,site_05,23.18,289.8,0.098,none
2026-09-02T08:00:00,site_05,26.84,281.03,0.128,none
2026-09-02T09:00:00,site_05,21.99,308.58,0.086,none
2026-09-02T10:00:00,site_05,25.77,299.1,0.083,none
2026-09-02T11:00:00,site_05,22.25,305.0,0.092,none
2026-09-02T12:00:00,site_05,25.48,278.53,0.049,none
2026-09-02T13:00:00,site_05,26.1,277.66,0.101,none
2026-09-02T14:00:00,site_05,26.21,277.78,0.091,none
2026-09-02T15:00:00,site_05,29.55,310.65,0.111,none
2026-09-02T16:00:00,site_05,26.56,293.47,0.122,none
2026-09-02T17:00:00,site_05,23.89,298.31,0.106,none
2026-09-02T18:00:00,site_05,22.67,275.7,0.175,none
2026-09-02T19:00:00,site_05,25.75,275.98,0.055,none
2026-09-02T20:00:00,site_05,28.43,277.65,0.088,none
2026-09-02T21:00:00,site_05,27.0,290.69,0.016,none
2026-09-02T22:00:00,site_05,27.78,294.61,0.114,none
2026-09-02T23:00:00,site_05,21.87,311.24,0.113,none
2026-09-03T00:00:00,site_05,28.91,280.02,0.066,none
2026-09-03T01:00:00,site_05,22.71,307.59,0.085,none
2026-09-03T02:00:00,site_05,24.6,298.4,0.141,none
2026-09-03T03:00:00,site_05,25.79,300.65,0.085,none
2026-09-03T04:00:00,site_05,25.27,290.85,0.179,none
2026-09-03T05:00:00,site_05,26.3,301.52,0.09,none
2026-09-03T06:00:00,site_05,23.76,297.37,0.105,none
2026-09-03T07:00:00,site_05,27.17,285.46,0.06,none
2026-09-03T08:00:00,site_05,26.72,289.98,0.089,none
2026-09-03T09:00:00,site_05,24.5,302.93,0.221,none
2026-09-03T10:00:00,site_05,26.39,270.55,0.07,none
2026-09-03T11:00:00,site_05,25.61,230.01,0.128,none
2026-09-03T12:00:00,site_05,18.42,318.64,0.0,none
2026-09-03T13:00:00,site_05,24.38,260.6,0.116,none
2026-09-03T14:00:00,site_05,25.5,304.62,0.073,none
2026-09-03T15:00:00,site_05,26.48,322.09,0.15,none
2026-09-03T16:00:00,site_05,19.86,283.16,0.014,none
2026-09-03T17:00:00,site_05,25.59,274.39,0.133,none
2026-09-03T18:00:00,site_05,22.76,293.26,0.0,none
2026-09-03T19:00:00,site_05,24.43,298.38,0.113,none
2026-09-03T20:00:00,site_05,23.61,300.14,0.144,none
2026-09-03T21:00:00,site_05,25.36,293.05,0.062,none
2026-09-03T22:00:00,site_05,22.74,301.64,0.095,none
2026-09-03T23:00:00,site_05,23.42,288.22,0.012,none
2026-09-04T00:00:00,site_05,25.1,308.59,0.067,none
2026-09-04T01:00:00,site_05,23.27,282.72,0.044,none
2026-09-04T02:00:00,site_05,29.0,316.41,0.124,none
2026-09-04T03:00:00,site_05,29.84,290.57,0.081,none
2026-09-04T04:00:00,site_05,26.38,328.86,0.106,none
2026-09-04T05:00:00,site_05,22.57,268.14,0.08,none
2026-09-04T06:00:00,site_05,26.2,296.15,0.044,none
2026-09-04T07:00:00,site_05,27.44,302.31,0.102,none
2026-09-04T08:00:00,site_05,27.01,248.87,0.113,none
2026-09-04T09:00:00,site_05,19.88,292.22,0.094,none
2026-09-04T10:00:00,site_05,27.52,302.93,0.102,none
2026-09-04T11:00:00,site_05,24.46,343.54,0.102,none
2026-09-04T12:00:00,site_05,19.28,287.69,0.151,none
2026-09-04T13:00:00,site_05,17.93,296.33,0.163,none
2026-09-04T14:00:00,site_05,23.4,267.97,0.117,none
2026-09-04T15:00:00,site_05,19.06,312.86,0.132,none
2026-09-04T16:00:00,site_05,26.16,305.65,0.12,none
2026-09-04T17:00:00,site_05,18.95,273.33,0.057,none
2026-09-04T18:00:00,site_05,25.57,300.71,0.15,none
2026-09-04T19:00:00,site_05,87.16,14.97,10.052,link_down
2026-09-04T20:00:00,site_05,14.18,332.01,0.122,none
2026-09-04T21:00:00,site_05,30.19,290.63,0.101,none
2026-09-04T22:00:00,site_05,29.36,294.27,0.101,none
2026-09-04T23:00:00,site_05,26.16,295.03,0.15,none
2026-09-05T00:00:00,site_05,25.36,297.6,0.103,none
2026-09-05T01:00:00,site_05,22.61,291.67,0.017,none
2026-09-05T02:00:00,site_05,22.85,295.01,0.182,none
2026-09-05T03:00:00,site_05,21.67,284.92,0.163,none
2026-09-05T04:00:00,site_05,24.49,289.21,0.15,none
2026-09-05T05:00:00,site_05,25.58,329.93,0.104,none
2026-09-05T06:00:00,site_05,25.64,288.79,0.024,none
2026-09-05T07:00:00,site_05,27.76,291.18,0.075,none
2026-09-05T08:00:00,site_05,23.96,287.41,0.043,none
2026-09-05T09:00:00,site_05,25.81,304.43,0.138,none
2026-09-05T10:00:00,site_05,23.17,299.93,0.081,none
2026-09-05T11:00:00,site_05,50.86,116.04,0.028,congestion
2026-09-05T12:00:00,site_05,23.79,267.49,0.119,none
2026-09-05T13:00:00,site_05,31.99,289.98,0.067,none
2026-09-05T14:00:00,site_05,25.03,298.88,0.053,none
2026-09-05T15:00:00,site_05,18.47,309.74,0.055,none
2026-09-05T16:00:00,site_05,20.13,287.11,0.08,none
2026-09-05T17:00:00,site_05,25.85,317.43,0.131,none
2026-09-05T18:00:00,site_05,28.74,304.39,0.092,none
2026-09-05T19:00:00,site_05,27.63,305.57,0.021,none
2026-09-05T20:00:00,site_05,23.58,307.54,0.093,none
2026-09-05T21:00:00,site_05,28.35,313.83,0.154,none
2026-09-05T22:00:00,site_05,25.85,286.73,0.012,none
2026-09-05T23:00:00,site_05,28.38,302.76,0.195,none
2026-09-06T00:00:00,site_05,31.75,298.51,0.095,none
2026-09-06T01:00:00,site_05,27.74,288.31,0.062,none
2026-09-06T02:00:00,site_05,27.88,312.83,0.076,none
2026-09-06T03:00:00,site_05,24.23,307.58,0.172,none
2026-09-06T04:00:00,site_05,30.33,309.3,0.082,none
2026-09-06T05:00:00,site_05,29.52,325.82,0.153,none
2026-09-06T06:00:00,site_05,23.76,304.49,0.178,none
2026-09-06T07:00:00,site_05,25.77,296.62,0.078,none
2026-09-06T08:00:00,site_05,22.75,293.41,0.101,none
2026-09-06T09:00:00,site_05,23.69,296.63,0.051,none
2026-09-06T10:00:00,site_05,28.51,320.21,0.104,none
2026-09-06T11:00:00,site_05,23.95,303.76,0.11,none
2026-09-06T12:00:00,site_05,24.82,302.62,0.079,none
2026-09-06T13:00:00,site_05,29.53,336.5,0.034,none
2026-09-06T14:00:00,site_05,21.53,294.3,0.139,none
2026-09-06T15:00:00,site_05,24.92,303.78,0.059,none
2026-09-06T16:00:00,site_05,24.35,272.08,0.036,none
2026-09-06T17:00:00,site_05,26.7,299.52,0.125,none
2026-09-06T18:00:00,site_05,19.96,305.79,0.0,none
2026-09-06T19:00:00,site_05,18.94,308.49,0.05,none
2026-09-06T20:00:00,site_05,34.03,261.75,0.129,none
2026-09-06T21:00:00,site_05,22.56,302.25,0.084,none
2026-09-06T22:00:00,site_05,21.67,307.55,0.022,none
2026-09-06T23:00:00,site_05,23.18,274.8,0.174,none
2026-09-07T00:00:00,site_05,30.13,314.16,0.054,none
2026-09-07T01:00:00,site_05,24.77,318.74,0.116,none
2026-09-07T02:00:00,site_05,97.44,295.09,0.159,latency_spike
2026-09-07T03:00:00,site_05,22.75,274.81,0.056,none
2026-09-07T04:00:00,site_05,23.79,306.41,0.0,none
2026-09-07T05:00:00,site_05,23.92,288.62,0.103,none
2026-09-07T06:00:00,site_05,18.03,309.68,0.106,none
2026-09-07T07:00:00,site_05,21.51,273.8,0.105,none
2026-09-07T08:00:00,site_05,25.02,275.1,0.105,none
2026-09-07T09:00:00,site_05,27.0,304.95,0.0,none
2026-09-07T10:00:00,site_05,21.4,274.52,0.085,none
2026-09-07T11:00:00,site_05,112.9,306.41,0.132,latency_spike
2026-09-07T12:00:00,site_05,21.47,311.23,0.018,none
2026-09-07T13:00:00,site_05,23.91,294.41,0.009,none
2026-09-07T14:00:00,site_05,20.5,305.05,0.027,none
2026-09-07T15:00:00,site_05,24.67,286.19,0.137,none
2026-09-07T16:00:00,site_05,25.45,320.14,0.166,none
2026-09-07T17:00:00,site_05,23.5,286.31,0.079,none
2026-09-07T18:00:00,site_05,21.98,307.21,0.201,none
2026-09-07T19:00:00,site_05,20.37,275.67,0.133,none
2026-09-07T20:00:00,site_05,27.04,287.84,0.136,none
2026-09-07T21:00:00,site_05,22.21,289.83,0.034,none
2026-09-07T22:00:00,site_05,24.12,305.51,0.067,none
2026-09-07T23:00:00,site_05,23.7,312.36,0.068,none
2026-09-08T00:00:00,site_05,24.87,303.33,0.176,none
2026-09-08T01:00:00,site_05,26.34,306.63,0.036,none
2026-09-08T02:00:00,site_05,21.15,275.86,0.134,none
2026-09-08T03:00:00,site_05,24.64,256.95,0.197,none
2026-09-08T04:00:00,site_05,30.56,274.11,0.053,none
2026-09-08T05:00:00,site_05,25.49,279.33,0.04,none
2026-09-08T06:00:00,site_05,26.74,306.52,0.185,none
2026-09-08T07:00:00,site_05,25.06,276.5,0.077,none
2026-09-08T08:00:00,site_05,25.8,311.1,0.144,none
2026-09-08T09:00:00,site_05,27.4,295.18,0.078,none
2026-09-08T10:00:00,site_05,22.73,321.98,0.109,none
2026-09-08T11:00:00,site_05,23.62,332.53,0.159,none
2026-09-08T12:00:00,site_05,23.59,292.63,0.101,none
2026-09-08T13:00:00,site_05,25.72,317.63,0.028,none
2026-09-08T14:00:00,site_05,22.96,289.29,0.194,none
2026-09-08T15:00:00,site_05,27.24,291.88,0.08,none
2026-09-08T16:00:00,site_05,26.75,303.21,0.158,none
2026-09-08T17:00:00,site_05,23.98,298.4,0.139,none
2026-09-08T18:00:00,site_05,26.61,295.54,0.041,none
2026-09-08T19:00:00,site_05,24.0,317.56,0.178,none
2026-09-08T20:00:00,site_05,30.29,295.2,0.142,none
2026-09-08T21:00:00,site_05,22.86,285.68,0.0,none
2026-09-08T22:00:00,site_05,22.48,283.82,0.035,none
2026-09-08T23:00:00,site_05,29.7,327.25,0.011,none
2026-09-09T00:00:00,site_05,21.3,310.67,0.108,none
2026-09-09T01:00:00,site_05,24.62,288.68,0.175,none
2026-09-09T02:00:00,site_05,26.42,255.84,0.091,none
2026-09-09T03:00:00,site_05,28.38,268.14,0.078,none
2026-09-09T04:00:00,site_05,29.54,299.51,0.056,none
2026-09-09T05:00:00,site_05,16.58,279.57,0.096,none
2026-09-09T06:00:00,site_05,18.58,290.13,0.144,none
2026-09-09T07:00:00,site_05,25.09,296.83,0.18,none
2026-09-09T08:00:00,site_05,23.89,308.67,0.028,none
2026-09-09T09:00:00,site_05,26.0,292.53,0.071,none
2026-09-09T10:00:00,site_05,26.95,304.16,0.057,none
2026-09-09T11:00:00,site_05,28.88,283.37,0.101,none
2026-09-09T12:00:00,site_05,24.22,271.38,0.165,none
2026-09-09T13:00:00,site_05,27.48,286.52,0.063,none
2026-09-09T14:00:00,site_05,27.39,298.97,0.132,none
2026-09-09T15:00:00,site_05,24.38,285.92,0.139,none
2026-09-09T16:00:00,site_05,28.86,291.11,0.095,none
2026-09-09T17:00:00,site_05,24.48,291.38,0.093,none
2026-09-09T18:00:00,site_05,22.42,293.95,0.095,none
2026-09-09T19:00:00,site_05,24.11,322.97,0.086,none
2026-09-09T20:00:00,site_05,23.89,276.1,0.042,none
2026-09-09T21:00:00,site_05,27.81,295.35,0.07,none
2026-09-09T22:00:00,site_05,29.06,314.68,0.051,none
2026-09-09T23:00:00,site_05,29.85,299.46,0.081,none
2026-09-10T00:00:00,site_05,27.43,287.27,0.105,none
2026-09-10T01:00:00,site_05,20.93,296.03,0.038,none
2026-09-10T02:00:00,site_05,22.72,303.0,0.078,none
2026-09-10T03:00:00,site_05,24.56,278.64,0.115,none
2026-09-10T04:00:00,site_05,24.17,292.8,0.113,none
2026-09-10T05:00:00,site_05,26.02,342.37,0.088,none
2026-09-10T06:00:00,site_05,26.64,320.52,0.143,none
2026-09-10T07:00:00,site_05,26.1,334.42,0.125,none
2026-09-10T08:00:00,site_05,25.25,276.63,0.156,none
2026-09-10T09:00:00,site_05,24.63,282.98,0.067,none
2026-09-10T10:00:00,site_05,24.72,287.46,0.037,none
2026-09-10T11:00:00,site_05,20.65,297.52,0.143,none
2026-09-10T12:00:00,site_05,29.12,285.08,0.082,none
2026-09-10T13:00:00,site_05,27.38,327.31,0.006,none
2026-09-10T14:00:00,site_05,28.2,274.14,0.122,none
2026-09-10T15:00:00,site_05,24.64,304.1,0.182,none
2026-09-10T16:00:00,site_05,24.22,287.86,0.048,none
2026-09-10T17:00:00,site_05,20.29,292.06,0.099,none
2026-09-10T18:00:00,site_05,25.25,334.31,0.088,none
2026-09-10T19:00:00,site_05,109.81,14.97,10.166,link_down
2026-09-10T20:00:00,site_05,19.06,271.55,0.002,none
2026-09-10T21:00:00,site_05,20.32,314.68,0.096,none
2026-09-10T22:00:00,site_05,21.87,305.18,0.054,none
2026-09-10T23:00:00,site_05,27.97,301.16,0.082,none
2026-09-11T00:00:00,site_05,24.43,301.59,0.053,none
2026-09-11T01:00:00,site_05,22.67,319.18,0.085,none
2026-09-11T02:00:00,site_05,26.61,313.05,0.052,none
2026-09-11T03:00:00,site_05,29.95,291.96,0.096,none
2026-09-11T04:00:00,site_05,23.37,321.52,0.044,none
2026-09-11T05:00:00,site_05,29.24,305.21,0.2,none
2026-09-11T06:00:00,site_05,24.79,285.93,0.101,none
2026-09-11T07:00:00,site_05,26.46,300.7,0.091,none
2026-09-11T08:00:00,site_05,21.72,306.76,0.035,none
2026-09-11T09:00:00,site_05,30.63,318.13,0.019,none
2026-09-11T10:00:00,site_05,25.67,294.79,0.024,none
2026-09-11T11:00:00,site_05,24.38,324.56,0.081,none
2026-09-11T12:00:00,site_05,20.61,280.42,0.13,none
2026-09-11T13:00:00,site_05,21.53,296.21,0.025,none
2026-09-11T14:00:00,site_05,26.92,289.32,0.082,none
2026-09-11T15:00:00,site_05,22.46,322.22,0.098,none
2026-09-11T16:00:00,site_05,23.46,271.88,0.043,none
2026-09-11T17:00:00,site_05,23.98,324.21,7.89,packet_loss
2026-09-11T18:00:00,site_05,16.39,298.92,0.092,none
2026-09-11T19:00:00,site_05,27.3,278.84,0.156,none
2026-09-11T20:00:00,site_05,21.69,298.8,0.084,none
2026-09-11T21:00:00,site_05,25.43,298.93,0.139,none
2026-09-11T22:00:00,site_05,26.76,317.14,3.664,packet_loss
2026-09-11T23:00:00,site_05,24.51,321.67,0.175,none
2026-09-12T00:00:00,site_05,23.05,317.79,0.134,none
2026-09-12T01:00:00,site_05,23.44,300.82,0.093,none
2026-09-12T02:00:00,site_05,24.79,299.83,0.075,none
2026-09-12T03:00:00,site_05,28.27,310.39,0.08,none
2026-09-12T04:00:00,site_05,24.64,277.31,0.128,none
2026-09-12T05:00:00,site_05,32.19,317.7,0.13,none
2026-09-12T06:00:00,site_05,24.9,280.79,0.007,none
2026-09-12T07:00:00,site_05,97.05,13.21,10.067,link_down
2026-09-12T08:00:00,site_05,23.76,285.92,0.077,none
2026-09-12T09:00:00,site_05,26.39,287.44,0.091,none
2026-09-12T10:00:00,site_05,22.1,284.31,0.145,none
2026-09-12T11:00:00,site_05,21.12,295.2,0.1,none
2026-09-12T12:00:00,site_05,24.28,308.86,0.117,none
2026-09-12T13:00:00,site_05,28.16,317.58,0.234,none
2026-09-12T14:00:00,site_05,24.9,310.45,0.066,none
2026-09-12T15:00:00,site_05,22.46,301.81,0.061,none
2026-09-12T16:00:00,site_05,25.65,293.78,0.0,none
2026-09-12T17:00:00,site_05,20.96,282.6,0.115,none
2026-09-12T18:00:00,site_05,27.6,307.14,0.148,none
2026-09-12T19:00:00,site_05,25.04,312.33,0.14,none
2026-09-12T20:00:00,site_05,28.22,260.66,0.079,none
2026-09-12T21:00:00,site_05,27.86,319.42,0.022,none
2026-09-12T22:00:00,site_05,20.89,278.73,0.082,none
2026-09-12T23:00:00,site_05,19.73,305.59,0.128,none
2026-09-13T00:00:00,site_05,23.11,295.25,0.092,none
2026-09-13T01:00:00,site_05,15.9,281.49,0.094,none
2026-09-13T02:00:00,site_05,23.63,293.95,0.061,none
2026-09-13T03:00:00,site_05,26.29,292.3,0.071,none
2026-09-13T04:00:00,site_05,24.38,269.74,0.117,none
2026-09-13T05:00:00,site_05,28.19,304.71,0.153,none
2026-09-13T06:00:00,site_05,23.29,277.21,0.059,none
2026-09-13T07:00:00,site_05,57.74,111.45,0.071,congestion
2026-09-13T08:00:00,site_05,19.13,271.8,0.118,none
2026-09-13T09:00:00,site_05,23.07,298.28,0.115,none
2026-09-13T10:00:00,site_05,23.31,308.51,0.108,none
2026-09-13T11:00:00,site_05,24.52,301.59,0.18,none
2026-09-13T12:00:00,site_05,28.05,286.69,0.068,none
2026-09-13T13:00:00,site_05,23.98,280.72,0.157,none
2026-09-13T14:00:00,site_05,23.49,305.47,0.105,none
2026-09-13T15:00:00,site_05,20.37,293.66,0.091,none
2026-09-13T16:00:00,site_05,22.52,258.35,0.04,none
2026-09-13T17:00:00,site_05,24.6,321.1,0.123,none
2026-09-13T18:00:00,site_05,24.31,312.41,0.065,none
2026-09-13T19:00:00,site_05,21.14,317.13,0.114,none
2026-09-13T20:00:00,site_05,24.06,303.49,0.081,none
2026-09-13T21:00:00,site_05,22.44,300.93,0.076,none
2026-09-13T22:00:00,site_05,20.4,297.01,0.085,none
2026-09-13T23:00:00,site_05,25.0,307.06,0.129,none
2026-09-14T00:00:00,site_05,23.68,287.34,0.042,none
2026-09-14T01:00:00,site_05,24.47,284.05,0.099,none
2026-09-14T02:00:00,site_05,19.42,308.14,0.07,none
2026-09-14T03:00:00,site_05,21.12,302.19,0.163,none
2026-09-14T04:00:00,site_05,23.76,311.92,0.003,none
2026-09-14T05:00:00,site_05,31.74,255.25,0.089,none
2026-09-14T06:00:00,site_05,23.61,289.57,0.135,none
2026-09-14T07:00:00,site_05,21.67,293.26,0.12,none
2026-09-14T08:00:00,site_05,19.47,325.74,0.062,none
2026-09-14T09:00:00,site_05,31.71,289.88,0.121,none
2026-09-14T10:00:00,site_05,26.15,273.07,0.025,none
2026-09-14T11:00:00,site_05,23.6,270.02,0.135,none
2026-09-14T12:00:00,site_05,28.89,323.15,0.082,none
2026-09-14T13:00:00,site_05,20.71,305.2,0.069,none
2026-09-14T14:00:00,site_05,23.54,288.86,0.078,none
2026-09-14T15:00:00,site_05,22.05,321.87,0.028,none
2026-09-14T16:00:00,site_05,21.36,295.83,0.07,none
2026-09-14T17:00:00,site_05,26.81,318.34,0.154,none
2026-09-14T18:00:00,site_05,24.96,284.11,0.044,none
2026-09-14T19:00:00,site_05,23.09,299.59,0.0,none
2026-09-14T20:00:00,site_05,28.95,312.67,0.065,none
2026-09-14T21:00:00,site_05,123.92,261.08,0.15,latency_spike
2026-09-14T22:00:00,site_05,19.23,309.62,0.089,none
2026-09-14T23:00:00,site_05,20.3,304.78,0.128,none
2026-09-01T00:00:00,site_06,48.23,319.31,0.104,none
2026-09-01T01:00:00,site_06,53.91,302.16,0.127,none
2026-09-01T02:00:00,site_06,52.29,291.68,0.177,none
2026-09-01T03:00:00,site_06,49.94,306.21,0.139,none
2026-09-01T04:00:00,site_06,50.98,279.08,0.229,none
2026-09-01T05:00:00,site_06,54.99,291.4,0.128,none
2026-09-01T06:00:00,site_06,51.28,287.73,0.236,none
2026-09-01T07:00:00,site_06,57.64,276.24,0.168,none
2026-09-01T08:00:00,site_06,52.43,293.25,0.084,none
2026-09-01T09:00:00,site_06,50.03,295.79,0.081,none
2026-09-01T10:00:00,site_06,55.8,296.74,0.085,none
2026-09-01T11:00:00,site_06,51.24,280.64,0.054,none
2026-09-01T12:00:00,site_06,47.97,287.87,0.18,none
2026-09-01T13:00:00,site_06,53.41,286.36,0.146,none
2026-09-01T14:00:00,site_06,51.29,302.98,0.064,none
2026-09-01T15:00:00,site_06,50.91,312.97,0.136,none
2026-09-01T16:00:00,site_06,54.35,290.43,0.197,none
2026-09-01T17:00:00,site_06,54.67,291.36,0.16,none
2026-09-01T18:00:00,site_06,209.95,14.05,10.155,link_down
2026-09-01T19:00:00,site_06,52.17,299.22,0.112,none
2026-09-01T20:00:00,site_06,49.32,332.4,0.196,none
2026-09-01T21:00:00,site_06,55.85,267.53,0.015,none
2026-09-01T22:00:00,site_06,48.2,293.67,0.153,none
2026-09-01T23:00:00,site_06,48.92,303.21,0.143,none
2026-09-02T00:00:00,site_06,50.78,317.96,0.137,none
2026-09-02T01:00:00,site_06,153.94,308.36,0.14,latency_spike
2026-09-02T02:00:00,site_06,51.44,257.29,0.0,none
2026-09-02T03:00:00,site_06,56.03,325.52,0.142,none
2026-09-02T04:00:00,site_06,51.08,297.39,0.092,none
2026-09-02T05:00:00,site_06,59.06,304.39,0.142,none
2026-09-02T06:00:00,site_06,56.98,298.36,0.128,none
2026-09-02T07:00:00,site_06,50.58,299.42,0.07,none
2026-09-02T08:00:00,site_06,52.02,314.6,0.133,none
2026-09-02T09:00:00,site_06,48.7,308.61,0.099,none
2026-09-02T10:00:00,site_06,52.34,299.03,0.057,none
2026-09-02T11:00:00,site_06,174.32,291.54,0.131,latency_spike
2026-09-02T12:00:00,site_06,52.23,312.13,0.09,none
2026-09-02T13:00:00,site_06,48.19,311.34,0.138,none
2026-09-02T14:00:00,site_06,52.61,279.16,0.091,none
2026-09-02T15:00:00,site_06,49.14,317.57,0.106,none
2026-09-02T16:00:00,site_06,49.83,308.61,0.091,none
2026-09-02T17:00:00,site_06,52.5,332.13,0.174,none
2026-09-02T18:00:00,site_06,54.39,329.29,0.061,none
2026-09-02T19:00:00,site_06,51.63,290.96,0.126,none
2026-09-02T20:00:00,site_06,56.55,275.88,0.133,none
2026-09-02T21:00:00,site_06,52.25,282.52,0.075,none
2026-09-02T22:00:00,site_06,50.07,300.29,0.073,none
2026-09-02T23:00:00,site_06,52.68,300.06,0.215,none
2026-09-03T00:00:00,site_06,50.16,289.0,0.133,none
2026-09-03T01:00:00,site_06,49.85,266.87,0.115,none
2026-09-03T02:00:00,site_06,52.75,315.21,0.24,none
2026-09-03T03:00:00,site_06,56.49,308.72,0.228,none
2026-09-03T04:00:00,site_06,55.19,307.81,0.132,none
2026-09-03T05:00:00,site_06,51.32,306.53,0.107,none
2026-09-03T06:00:00,site_06,45.27,323.06,0.132,none
2026-09-03T07:00:00,site_06,56.71,301.72,0.215,none
2026-09-03T08:00:00,site_06,59.53,313.52,0.153,none
2026-09-03T09:00:00,site_06,48.83,292.89,0.215,none
2026-09-03T10:00:00,site_06,54.02,305.2,0.241,none
2026-09-03T11:00:00,site_06,57.17,288.82,0.12,none
2026-09-03T12:00:00,site_06,49.07,303.27,0.087,none
2026-09-03T13:00:00,site_06,50.35,279.02,0.116,none
2026-09-03T14:00:00,site_06,51.51,297.73,0.177,none
2026-09-03T15:00:00,site_06,51.41,281.55,0.146,none
2026-09-03T16:00:00,site_06,47.96,283.86,0.107,none
2026-09-03T17:00:00,site_06,50.05,307.82,0.062,none
2026-09-03T18:00:00,site_06,51.34,294.58,0.07,none
2026-09-03T19:00:00,site_06,51.13,291.32,0.15,none
2026-09-03T20:00:00,site_06,56.77,304.54,0.102,none
2026-09-03T21:00:00,site_06,52.71,315.44,0.113,none
2026-09-03T22:00:00,site_06,47.83,297.84,0.217,none
2026-09-03T23:00:00,site_06,52.93,293.28,0.168,none
2026-09-04T00:00:00,site_06,57.38,298.39,0.122,none
2026-09-04T01:00:00,site_06,48.7,305.56,0.102,none
2026-09-04T02:00:00,site_06,48.46,299.12,0.2,none
2026-09-04T03:00:00,site_06,58.39,290.84,0.15,none
2026-09-04T04:00:00,site_06,54.52,301.32,0.192,none
2026-09-04T05:00:00,site_06,57.62,305.05,0.241,none
2026-09-04T06:00:00,site_06,46.92,336.38,0.114,none
2026-09-04T07:00:00,site_06,52.42,313.13,0.108,none
2026-09-04T08:00:00,site_06,51.58,320.9,0.165,none
2026-09-04T09:00:00,site_06,45.85,295.93,0.163,none
2026-09-04T10:00:00,site_06,55.22,291.73,0.145,none
2026-09-04T11:00:00,site_06,45.5,306.06,0.126,none
2026-09-04T12:00:00,site_06,53.35,315.63,0.195,none
2026-09-04T13:00:00,site_06,54.97,310.24,0.138,none
2026-09-04T14:00:00,site_06,50.43,309.78,0.14,none
2026-09-04T15:00:00,site_06,47.28,309.69,3.552,packet_loss
2026-09-04T16:00:00,site_06,48.41,296.54,0.134,none
2026-09-04T17:00:00,site_06,56.06,277.27,0.171,none
2026-09-04T18:00:00,site_06,51.78,295.15,0.164,none
2026-09-04T19:00:00,site_06,54.09,305.63,0.093,none
2026-09-04T20:00:00,site_06,55.84,300.01,0.068,none
2026-09-04T21:00:00,site_06,52.92,280.05,0.125,none
2026-09-04T22:00:00,site_06,54.16,299.7,0.06,none
2026-09-04T23:00:00,site_06,52.17,304.96,0.123,none
2026-09-05T00:00:00,site_06,50.03,289.14,0.144,none
2026-09-05T01:00:00,site_06,51.77,290.87,0.125,none
2026-09-05T02:00:00,site_06,50.03,288.85,0.307,none
2026-09-05T03:00:00,site_06,48.2,309.86,0.097,none
2026-09-05T04:00:00,site_06,51.71,290.62,0.223,none
2026-09-05T05:00:00,site_06,55.26,303.74,0.12,none
2026-09-05T06:00:00,site_06,55.97,299.24,0.233,none
2026-09-05T07:00:00,site_06,52.97,300.99,0.149,none
2026-09-05T08:00:00,site_06,52.07,300.53,0.122,none
2026-09-05T09:00:00,site_06,52.4,308.82,0.176,none
2026-09-05T10:00:00,site_06,48.24,324.08,0.135,none
2026-09-05T11:00:00,site_06,51.31,289.89,0.22,none
2026-09-05T12:00:00,site_06,53.67,295.6,0.174,none
2026-09-05T13:00:00,site_06,51.77,302.29,0.121,none
2026-09-05T14:00:00,site_06,52.95,306.26,0.112,none
2026-09-05T15:00:00,site_06,49.62,288.63,0.116,none
2026-09-05T16:00:00,site_06,55.38,282.68,0.108,none
2026-09-05T17:00:00,site_06,50.63,294.39,0.092,none
2026-09-05T18:00:00,site_06,54.88,308.3,0.169,none
2026-09-05T19:00:00,site_06,50.76,284.99,0.207,none
2026-09-05T20:00:00,site_06,50.26,297.81,0.128,none
2026-09-05T21:00:00,site_06,52.87,290.98,0.095,none
2026-09-05T22:00:00,site_06,47.65,291.64,0.138,none
2026-09-05T23:00:00,site_06,54.29,296.23,0.171,none
2026-09-06T00:00:00,site_06,49.98,298.93,0.079,none
2026-09-06T01:00:00,site_06,49.53,310.99,0.126,none
2026-09-06T02:00:00,site_06,48.97,287.05,0.162,none
2026-09-06T03:00:00,site_06,57.34,297.84,0.234,none
2026-09-06T04:00:00,site_06,55.63,283.08,0.164,none
2026-09-06T05:00:00,site_06,48.97,304.21,0.077,none
2026-09-06T06:00:00,site_06,55.06,289.7,0.094,none
2026-09-06T07:00:00,site_06,49.44,295.7,0.148,none
2026-09-06T08:00:00,site_06,57.36,286.42,0.212,none
2026-09-06T09:00:00,site_06,52.56,314.96,0.199,none
2026-09-06T10:00:00,site_06,54.0,303.53,0.116,none
2026-09-06T11:00:00,site_06,50.53,306.45,0.236,none
2026-09-06T12:00:00,site_06,54.04,307.3,0.07,none
2026-09-06T13:00:00,site_06,49.29,288.37,0.251,none
2026-09-06T14:00:00,site_06,50.12,314.5,0.095,none
2026-09-06T15:00:00,site_06,56.09,297.86,0.065,none
2026-09-06T16:00:00,site_06,51.15,320.31,0.112,none
2026-09-06T17:00:00,site_06,57.67,284.45,0.133,none
2026-09-06T18:00:00,site_06,49.77,301.27,0.131,none
2026-09-06T19:00:00,site_06,52.48,298.28,0.151,none
2026-09-06T20:00:00,site_06,50.67,295.44,0.14,none
2026-09-06T21:00:00,site_06,53.31,269.99,0.106,none
2026-09-06T22:00:00,site_06,49.77,321.65,0.144,none
2026-09-06T23:00:00,site_06,50.89,296.98,0.082,none
2026-09-07T00:00:00,site_06,49.53,293.05,0.015,none
2026-09-07T01:00:00,site_06,56.73,309.67,0.209,none
2026-09-07T02:00:00,site_06,54.36,290.42,0.091,none
2026-09-07T03:00:00,site_06,52.53,334.63,0.124,none
2026-09-07T04:00:00,site_06,51.87,317.26,0.227,none
2026-09-07T05:00:00,site_06,50.88,281.72,0.081,none
2026-09-07T06:00:00,site_06,51.75,298.0,0.17,none
2026-09-07T07:00:00,site_06,56.2,291.98,0.169,none
2026-09-07T08:00:00,site_06,56.45,295.64,0.036,none
2026-09-07T09:00:00,site_06,52.94,281.7,0.15,none
2026-09-07T10:00:00,site_06,48.31,307.29,0.114,none
2026-09-07T11:00:00,site_06,50.95,315.75,0.141,none
2026-09-07T12:00:00,site_06,51.02,304.16,0.21,none
2026-09-07T13:00:00,site_06,54.4,306.31,0.074,none
2026-09-07T14:00:00,site_06,51.72,286.33,0.089,none
2026-09-07T15:00:00,site_06,48.3,293.37,0.139,none
2026-09-07T16:00:00,site_06,52.57,290.71,0.197,none
2026-09-07T17:00:00,site_06,108.85,120.11,0.072,congestion
2026-09-07T18:00:00,site_06,52.01,286.04,0.162,none
2026-09-07T19:00:00,site_06,52.38,305.8,0.188,none
2026-09-07T20:00:00,site_06,52.39,299.98,0.22,none
2026-09-07T21:00:00,site_06,49.6,339.28,0.129,none
2026-09-07T22:00:00,site_06,50.59,255.68,0.155,none
2026-09-07T23:00:00,site_06,49.6,290.15,0.189,none
2026-09-08T00:00:00,site_06,48.37,293.79,0.105,none
2026-09-08T01:00:00,site_06,48.55,300.43,0.135,none
2026-09-08T02:00:00,site_06,52.94,300.32,0.07,none
2026-09-08T03:00:00,site_06,51.35,294.72,0.195,none
2026-09-08T04:00:00,site_06,56.39,318.88,0.18,none
2026-09-08T05:00:00,site_06,45.78,313.4,0.148,none
2026-09-08T06:00:00,site_06,55.86,284.29,0.121,none
2026-09-08T07:00:00,site_06,49.0,295.57,0.197,none
2026-09-08T08:00:00,site_06,56.08,314.22,0.143,none
2026-09-08T09:00:00,site_06,49.02,308.66,0.065,none
2026-09-08T10:00:00,site_06,53.35,319.26,0.114,none
2026-09-08T11:00:00,site_06,52.18,302.48,0.135,none
2026-09-08T12:00:00,site_06,49.94,299.02,0.165,none
2026-09-08T13:00:00,site_06,54.86,299.45,0.182,none
2026-09-08T14:00:00,site_06,53.47,287.73,0.111,none
2026-09-08T15:00:00,site_06,54.24,281.87,0.152,none
2026-09-08T16:00:00,site_06,50.62,311.63,0.136,none
2026-09-08T17:00:00,site_06,43.29,291.33,0.159,none
2026-09-08T18:00:00,site_06,55.23,294.06,0.134,none
2026-09-08T19:00:00,site_06,51.72,278.29,0.05,none
2026-09-08T20:00:00,site_06,56.86,293.16,0.154,none
2026-09-08T21:00:00,site_06,46.97,311.26,0.034,none
2026-09-08T22:00:00,site_06,52.17,300.67,0.106,none
2026-09-08T23:00:00,site_06,49.93,285.98,0.104,none
2026-09-09T00:00:00,site_06,48.7,301.73,0.15,none
2026-09-09T01:00:00,site_06,51.94,309.08,0.134,none
2026-09-09T02:00:00,site_06,47.83,257.64,0.161,none
2026-09-09T03:00:00,site_06,53.76,289.34,0.217,none
2026-09-09T04:00:00,site_06,53.6,306.13,0.229,none
2026-09-09T05:00:00,site_06,50.38,274.74,0.22,none
2026-09-09T06:00:00,site_06,53.7,343.97,0.159,none
2026-09-09T07:00:00,site_06,51.75,282.59,0.123,none
2026-09-09T08:00:00,site_06,50.58,276.32,0.222,none
2026-09-09T09:00:00,site_06,51.66,308.58,0.166,none
2026-09-09T10:00:00,site_06,54.39,299.22,0.176,none
2026-09-09T11:00:00,site_06,52.83,293.91,0.219,none
2026-09-09T12:00:00,site_06,53.51,303.42,0.112,none
2026-09-09T13:00:00,site_06,51.28,289.83,0.07,none
2026-09-09T14:00:00,site_06,53.14,316.2,0.17,none
2026-09-09T15:00:00,site_06,54.26,288.84,0.165,none
2026-09-09T16:00:00,site_06,51.76,295.68,0.141,none
2026-09-09T17:00:00,site_06,52.28,313.5,0.19,none
2026-09-09T18:00:00,site_06,46.98,313.96,0.12,none
2026-09-09T19:00:00,site_06,49.42,279.44,0.241,none
2026-09-09T20:00:00,site_06,55.78,298.99,0.122,none
2026-09-09T21:00:00,site_06,48.43,297.01,0.088,none
2026-09-09T22:00:00,site_06,55.11,301.03,0.068,none
2026-09-09T23:00:00,site_06,52.32,289.08,0.18,none
2026-09-10T00:00:00,site_06,48.84,324.93,0.142,none
2026-09-10T01:00:00,site_06,51.12,314.91,0.116,none
2026-09-10T02:00:00,site_06,50.3,317.12,0.184,none
2026-09-10T03:00:00,site_06,56.46,308.43,0.129,none
2026-09-10T04:00:00,site_06,53.33,284.74,0.143,none
2026-09-10T05:00:00,site_06,47.28,294.38,0.127,none
2026-09-10T06:00:00,site_06,46.8,291.49,0.118,none
2026-09-10T07:00:00,site_06,52.21,324.16,0.176,none
2026-09-10T08:00:00,site_06,53.06,291.9,0.186,none
2026-09-10T09:00:00,site_06,49.87,304.05,0.204,none
2026-09-10T10:00:00,site_06,56.46,295.11,0.048,none
2026-09-10T11:00:00,site_06,47.75,296.92,0.139,none
2026-09-10T12:00:00,site_06,50.69,280.59,0.122,none
2026-09-10T13:00:00,site_06,53.03,285.38,0.188,none
2026-09-10T14:00:00,site_06,49.73,289.08,0.196,none
2026-09-10T15:00:00,site_06,50.25,311.11,0.25,none
2026-09-10T16:00:00,site_06,56.04,312.76,0.112,none
2026-09-10T17:00:00,site_06,48.49,294.14,0.111,none
2026-09-10T18:00:00,site_06,50.09,292.91,0.169,none
2026-09-10T19:00:00,site_06,46.74,286.02,0.067,none
2026-09-10T20:00:00,site_06,53.85,301.06,0.103,none
2026-09-10T21:00:00,site_06,50.93,280.14,0.18,none
2026-09-10T22:00:00,site_06,55.18,288.09,0.202,none
2026-09-10T23:00:00,site_06,54.3,289.55,0.131,none
2026-09-11T00:00:00,site_06,51.43,298.58,0.122,none
2026-09-11T01:00:00,site_06,48.85,288.76,0.097,none
2026-09-11T02:00:00,site_06,55.43,319.39,0.108,none
2026-09-11T03:00:00,site_06,48.87,316.81,0.199,none
2026-09-11T04:00:00,site_06,48.15,277.61,0.151,none
2026-09-11T05:00:00,site_06,46.14,292.4,0.223,none
2026-09-11T06:00:00,site_06,56.81,306.95,0.088,none
2026-09-11T07:00:00,site_06,51.95,282.93,0.094,none
2026-09-11T08:00:00,site_06,98.81,125.36,0.121,congestion
2026-09-11T09:00:00,site_06,54.02,288.24,0.171,none
2026-09-11T10:00:00,site_06,53.66,260.19,0.131,none
2026-09-11T11:00:00,site_06,54.2,277.74,0.084,none
2026-09-11T12:00:00,site_06,52.9,266.74,0.142,none
2026-09-11T13:00:00,site_06,51.49,305.09,0.154,none
2026-09-11T14:00:00,site_06,46.53,299.22,0.095,none
2026-09-11T15:00:00,site_06,53.78,318.47,0.141,none
2026-09-11T16:00:00,site_06,48.0,300.9,0.14,none
2026-09-11T17:00:00,site_06,50.72,293.59,0.196,none
2026-09-11T18:00:00,site_06,49.01,335.49,0.089,none
2026-09-11T19:00:00,site_06,53.38,301.23,0.133,none
2026-09-11T20:00:00,site_06,51.63,280.48,0.25,none
2026-09-11T21:00:00,site_06,54.13,292.2,0.125,none
2026-09-11T22:00:00,site_06,47.69,294.81,0.122,none
2026-09-11T23:00:00,site_06,48.75,288.56,0.098,none
2026-09-12T00:00:00,site_06,49.73,305.65,0.191,none
2026-09-12T01:00:00,site_06,48.21,276.75,0.186,none
2026-09-12T02:00:00,site_06,53.51,298.93,0.161,none
2026-09-12T03:00:00,site_06,49.54,282.58,0.178,none
2026-09-12T04:00:00,site_06,44.09,306.95,0.091,none
2026-09-12T05:00:00,site_06,56.52,297.47,0.192,none
2026-09-12T06:00:00,site_06,57.1,281.28,0.142,none
2026-09-12T07:00:00,site_06,51.77,314.5,0.121,none
2026-09-12T08:00:00,site_06,58.7,301.45,0.17,none
2026-09-12T09:00:00,site_06,48.78,277.53,0.205,none
2026-09-12T10:00:00,site_06,51.66,297.38,0.023,none
2026-09-12T11:00:00,site_06,50.08,310.99,0.192,none
2026-09-12T12:00:00,site_06,53.52,274.75,0.172,none
2026-09-12T13:00:00,site_06,56.07,328.99,0.058,none
2026-09-12T14:00:00,site_06,50.11,299.8,0.143,none
2026-09-12T15:00:00,site_06,55.42,280.69,0.091,none
2026-09-12T16:00:00,site_06,51.26,278.79,0.14,none
2026-09-12T17:00:00,site_06,49.98,310.32,0.14,none
2026-09-12T18:00:00,site_06,51.75,296.85,0.114,none
2026-09-12T19:00:00,site_06,54.47,291.04,0.169,none
2026-09-12T20:00:00,site_06,109.23,115.41,0.185,congestion
2026-09-12T21:00:00,site_06,48.88,275.07,0.112,none
2026-09-12T22:00:00,site_06,48.19,306.54,0.142,none
2026-09-12T23:00:00,site_06,51.18,288.26,0.225,none
2026-09-13T00:00:00,site_06,48.37,309.16,0.132,none
2026-09-13T01:00:00,site_06,50.76,309.9,0.197,none
2026-09-13T02:00:00,site_06,50.11,308.34,0.171,none
2026-09-13T03:00:00,site_06,185.04,259.17,0.172,latency_spike
2026-09-13T04:00:00,site_06,47.26,280.74,0.119,none
2026-09-13T05:00:00,site_06,52.69,305.97,0.256,none
2026-09-13T06:00:00,site_06,55.68,284.77,0.059,none
2026-09-13T07:00:00,site_06,47.54,297.43,0.104,none
2026-09-13T08:00:00,site_06,57.55,289.15,0.061,none
2026-09-13T09:00:00,site_06,50.15,313.57,0.106,none
2026-09-13T10:00:00,site_06,53.37,306.11,0.181,none
2026-09-13T11:00:00,site_06,53.92,308.4,0.153,none
2026-09-13T12:00:00,site_06,48.0,306.2,0.145,none
2026-09-13T13:00:00,site_06,56.17,275.8,0.225,none
2026-09-13T14:00:00,site_06,53.29,291.29,0.059,none
2026-09-13T15:00:00,site_06,53.34,307.36,0.133,none
2026-09-13T16:00:00,site_06,47.71,328.0,0.088,none
2026-09-13T17:00:00,site_06,49.54,294.48,0.174,none
2026-09-13T18:00:00,site_06,57.11,298.35,0.166,none
2026-09-13T19:00:00,site_06,54.31,320.9,0.136,none
2026-09-13T20:00:00,site_06,50.5,308.68,0.167,none
2026-09-13T21:00:00,site_06,52.98,297.33,0.1,none
2026-09-13T22:00:00,site_06,52.78,296.13,0.139,none
2026-09-13T23:00:00,site_06,51.23,299.31,0.11,none
2026-09-14T00:00:00,site_06,53.29,276.07,0.113,none
2026-09-14T01:00:00,site_06,58.46,277.41,0.164,none
2026-09-14T02:00:00,site_06,53.34,315.76,0.203,none
2026-09-14T03:00:00,site_06,52.92,269.25,0.148,none
2026-09-14T04:00:00,site_06,51.78,271.93,0.163,none
2026-09-14T05:00:00,site_06,52.78,278.82,0.1,none
2026-09-14T06:00:00,site_06,54.1,314.45,0.221,none
2026-09-14T07:00:00,site_06,56.83,275.23,0.18,none
2026-09-14T08:00:00,site_06,49.55,306.43,0.19,none
2026-09-14T09:00:00,site_06,52.98,299.19,0.169,none
2026-09-14T10:00:00,site_06,53.96,300.27,0.185,none
2026-09-14T11:00:00,site_06,51.94,276.46,0.156,none
2026-09-14T12:00:00,site_06,50.92,299.12,0.18,none
2026-09-14T13:00:00,site_06,50.77,302.68,0.0,none
2026-09-14T14:00:00,site_06,55.64,312.26,0.161,none
2026-09-14T15:00:00,site_06,52.98,305.55,0.127,none
2026-09-14T16:00:00,site_06,50.44,316.17,0.219,none
2026-09-14T17:00:00,site_06,51.11,282.91,0.206,none
2026-09-14T18:00:00,site_06,53.32,287.71,0.164,none
2026-09-14T19:00:00,site_06,54.24,317.9,0.224,none
2026-09-14T20:00:00,site_06,48.19,300.17,0.25,none
2026-09-14T21:00:00,site_06,52.16,318.42,0.173,none
2026-09-14T22:00:00,site_06,50.14,282.37,0.204,none
2026-09-14T23:00:00,site_06,51.75,296.23,0.194,none
2026-09-01T00:00:00,site_07,48.12,291.66,0.142,none
2026-09-01T01:00:00,site_07,174.56,278.08,0.111,latency_spike
2026-09-01T02:00:00,site_07,35.57,263.16,0.204,none
2026-09-01T03:00:00,site_07,30.86,291.97,0.189,none
2026-09-01T04:00:00,site_07,33.57,279.63,0.174,none
2026-09-01T05:00:00,site_07,33.55,292.19,0.114,none
2026-09-01T06:00:00,site_07,32.71,261.0,0.175,none
2026-09-01T07:00:00,site_07,38.81,273.3,0.098,none
2026-09-01T08:00:00,site_07,31.48,300.06,0.203,none
2026-09-01T09:00:00,site_07,33.98,269.04,0.127,none
2026-09-01T10:00:00,site_07,33.16,290.96,0.17,none
2026-09-01T11:00:00,site_07,38.07,288.1,0.213,none
2026-09-01T12:00:00,site_07,39.22,288.44,0.186,none
2026-09-01T13:00:00,site_07,35.68,280.7,2.43,packet_loss
2026-09-01T14:00:00,site_07,37.22,278.63,0.101,none
2026-09-01T15:00:00,site_07,37.09,266.01,0.128,none
2026-09-01T16:00:00,site_07,36.15,278.31,0.109,none
2026-09-01T17:00:00,site_07,32.58,291.88,0.247,none
2026-09-01T18:00:00,site_07,35.95,264.28,0.069,none
2026-09-01T19:00:00,site_07,33.98,270.49,0.121,none
2026-09-01T20:00:00,site_07,37.5,262.72,0.103,none
2026-09-01T21:00:00,site_07,35.46,308.83,0.149,none
2026-09-01T22:00:00,site_07,37.3,289.47,0.131,none
2026-09-01T23:00:00,site_07,41.32,265.24,0.17,none
2026-09-02T00:00:00,site_07,37.85,306.89,0.165,none
2026-09-02T01:00:00,site_07,39.36,271.82,0.146,none
2026-09-02T02:00:00,site_07,32.94,282.06,0.156,none
2026-09-02T03:00:00,site_07,37.54,269.0,0.201,none
2026-09-02T04:00:00,site_07,32.67,282.42,0.092,none
2026-09-02T05:00:00,site_07,36.05,279.01,0.167,none
2026-09-02T06:00:00,site_07,32.18,287.41,0.082,none
2026-09-02T07:00:00,site_07,38.55,289.16,0.075,none
2026-09-02T08:00:00,site_07,33.33,307.93,0.183,none
2026-09-02T09:00:00,site_07,213.29,260.94,0.104,latency_spike
2026-09-02T10:00:00,site_07,36.79,282.46,0.129,none
2026-09-02T11:00:00,site_07,34.77,284.77,0.158,none
2026-09-02T12:00:00,site_07,32.51,266.3,0.157,none
2026-09-02T13:00:00,site_07,36.5,275.11,0.149,none
2026-09-02T14:00:00,site_07,33.21,264.23,0.203,none
2026-09-02T15:00:00,site_07,34.04,278.78,0.111,none
2026-09-02T16:00:00,site_07,35.44,283.62,0.166,none
2026-09-02T17:00:00,site_07,36.63,285.4,0.06,none
2026-09-02T18:00:00,site_07,35.91,283.24,0.139,none
2026-09-02T19:00:00,site_07,40.06,263.59,0.12,none
2026-09-02T20:00:00,site_07,37.49,288.18,0.275,none
2026-09-02T21:00:00,site_07,138.93,276.68,0.088,latency_spike
2026-09-02T22:00:00,site_07,37.26,287.34,0.127,none
2026-09-02T23:00:00,site_07,35.5,292.15,0.179,none
2026-09-03T00:00:00,site_07,38.33,271.53,0.161,none
2026-09-03T01:00:00,site_07,40.74,275.02,0.146,none
2026-09-03T02:00:00,site_07,33.42,280.19,0.124,none
2026-09-03T03:00:00,site_07,34.72,297.97,0.107,none
2026-09-03T04:00:00,site_07,36.99,260.33,0.163,none
2026-09-03T05:00:00,site_07,37.93,273.68,0.138,none
2026-09-03T06:00:00,site_07,36.41,295.19,0.097,none
2026-09-03T07:00:00,site_07,37.41,288.48,0.016,none
2026-09-03T08:00:00,site_07,37.63,291.74,0.13,none
2026-09-03T09:00:00,site_07,38.07,272.81,0.165,none
2026-09-03T10:00:00,site_07,36.76,269.66,0.181,none
2026-09-03T11:00:00,site_07,42.78,314.86,0.219,none
2026-09-03T12:00:00,site_07,35.79,298.78,0.133,none
2026-09-03T13:00:00,site_07,40.55,298.22,0.136,none
2026-09-03T14:00:00,site_07,34.29,253.97,0.185,none
2026-09-03T15:00:00,site_07,36.9,268.63,0.066,none
2026-09-03T16:00:00,site_07,35.04,293.86,0.074,none
2026-09-03T17:00:00,site_07,28.88,248.52,0.227,none
2026-09-03T18:00:00,site_07,36.32,268.93,0.122,none
2026-09-03T19:00:00,site_07,34.5,284.85,0.137,none
2026-09-03T20:00:00,site_07,34.47,285.69,0.088,none
2026-09-03T21:00:00,site_07,34.63,283.2,0.207,none
2026-09-03T22:00:00,site_07,155.21,12.72,10.114,link_down
2026-09-03T23:00:00,site_07,30.16,279.84,0.21,none
2026-09-04T00:00:00,site_07,35.41,286.26,0.147,none
2026-09-04T01:00:00,site_07,37.39,301.2,0.119,none
2026-09-04T02:00:00,site_07,35.37,263.9,0.162,none
2026-09-04T03:00:00,site_07,34.03,288.77,0.08,none
2026-09-04T04:00:00,site_07,34.61,298.67,0.118,none
2026-09-04T05:00:00,site_07,36.58,292.45,0.143,none
2026-09-04T06:00:00,site_07,39.07,279.97,0.177,none
2026-09-04T07:00:00,site_07,33.72,267.56,0.17,none
2026-09-04T08:00:00,site_07,38.85,278.61,0.189,none
2026-09-04T09:00:00,site_07,36.91,275.68,0.149,none
2026-09-04T10:00:00,site_07,35.88,289.25,0.14,none
2026-09-04T11:00:00,site_07,41.21,299.31,0.141,none
2026-09-04T12:00:00,site_07,33.94,278.69,0.153,none
2026-09-04T13:00:00,site_07,38.29,264.65,0.186,none
2026-09-04T14:00:00,site_07,33.08,301.33,0.211,none
2026-09-04T15:00:00,site_07,38.17,292.8,0.207,none
2026-09-04T16:00:00,site_07,32.06,311.43,0.191,none
2026-09-04T17:00:00,site_07,32.96,288.86,0.123,none
2026-09-04T18:00:00,site_07,38.27,272.79,0.082,none
2026-09-04T19:00:00,site_07,34.44,283.48,0.07,none
2026-09-04T20:00:00,site_07,38.19,290.38,0.098,none
2026-09-04T21:00:00,site_07,36.09,289.7,0.158,none
2026-09-04T22:00:00,site_07,36.94,303.82,0.148,none
2026-09-04T23:00:00,site_07,36.65,311.95,0.073,none
2026-09-05T00:00:00,site_07,35.37,282.72,0.147,none
2026-09-05T01:00:00,site_07,36.3,300.45,0.131,none
2026-09-05T02:00:00,site_07,34.04,254.03,0.151,none
2026-09-05T03:00:00,site_07,37.42,291.59,0.117,none
2026-09-05T04:00:00,site_07,39.0,311.42,0.212,none
2026-09-05T05:00:00,site_07,36.15,284.43,0.1,none
2026-09-05T06:00:00,site_07,32.66,282.03,0.123,none
2026-09-05T07:00:00,site_07,35.93,276.51,0.079,none
2026-09-05T08:00:00,site_07,35.08,272.04,0.184,none
2026-09-05T09:00:00,site_07,30.09,281.34,0.142,none
2026-09-05T10:00:00,site_07,34.43,267.52,0.137,none
2026-09-05T11:00:00,site_07,40.7,276.42,0.135,none
2026-09-05T12:00:00,site_07,35.46,289.63,0.17,none
2026-09-05T13:00:00,site_07,36.91,284.19,0.142,none
2026-09-05T14:00:00,site_07,37.02,311.72,0.198,none
2026-09-05T15:00:00,site_07,38.61,268.25,0.124,none
2026-09-05T16:00:00,site_07,40.51,269.72,0.113,none
2026-09-05T17:00:00,site_07,36.33,308.64,0.148,none
2026-09-05T18:00:00,site_07,35.13,295.42,0.205,none
2026-09-05T19:00:00,site_07,34.99,295.01,0.131,none
2026-09-05T20:00:00,site_07,39.07,297.84,0.115,none
2026-09-05T21:00:00,site_07,32.42,267.85,0.144,none
2026-09-05T22:00:00,site_07,33.14,270.55,0.084,none
2026-09-05T23:00:00,site_07,30.14,266.11,0.044,none
2026-09-06T00:00:00,site_07,30.64,281.76,0.219,none
2026-09-06T01:00:00,site_07,30.63,285.76,0.088,none
2026-09-06T02:00:00,site_07,35.7,299.71,0.167,none
2026-09-06T03:00:00,site_07,38.16,247.63,0.1,none
2026-09-06T04:00:00,site_07,36.28,278.24,0.13,none
2026-09-06T05:00:00,site_07,36.11,289.39,0.145,none
2026-09-06T06:00:00,site_07,37.25,293.68,0.11,none
2026-09-06T07:00:00,site_07,39.53,264.75,0.228,none
2026-09-06T08:00:00,site_07,35.01,267.03,0.247,none
2026-09-06T09:00:00,site_07,34.54,275.73,0.142,none
2026-09-06T10:00:00,site_07,35.65,228.35,0.14,none
2026-09-06T11:00:00,site_07,39.16,300.92,0.128,none
2026-09-06T12:00:00,site_07,32.74,292.8,0.109,none
2026-09-06T13:00:00,site_07,35.49,302.29,0.146,none
2026-09-06T14:00:00,site_07,33.8,297.0,0.105,none
2026-09-06T15:00:00,site_07,36.69,291.21,0.15,none
2026-09-06T16:00:00,site_07,38.68,307.26,0.108,none
2026-09-06T17:00:00,site_07,37.54,276.32,0.131,none
2026-09-06T18:00:00,site_07,34.67,277.25,0.132,none
2026-09-06T19:00:00,site_07,36.13,262.75,0.078,none
2026-09-06T20:00:00,site_07,32.66,257.85,0.169,none
2026-09-06T21:00:00,site_07,34.94,285.69,0.147,none
2026-09-06T22:00:00,site_07,75.72,96.88,0.125,congestion
2026-09-06T23:00:00,site_07,34.81,281.83,0.175,none
2026-09-07T00:00:00,site_07,32.15,303.91,0.194,none
2026-09-07T01:00:00,site_07,35.45,238.53,0.121,none
2026-09-07T02:00:00,site_07,36.71,283.58,0.172,none
2026-09-07T03:00:00,site_07,35.97,315.49,0.149,none
2026-09-07T04:00:00,site_07,34.36,275.7,0.167,none
2026-09-07T05:00:00,site_07,35.15,278.87,0.115,none
2026-09-07T06:00:00,site_07,37.97,298.79,0.121,none
2026-09-07T07:00:00,site_07,31.95,260.46,0.077,none
2026-09-07T08:00:00,site_07,39.65,272.25,0.114,none
2026-09-07T09:00:00,site_07,37.76,274.12,0.111,none
2026-09-07T10:00:00,site_07,34.33,298.95,0.142,none
2026-09-07T11:00:00,site_07,39.75,272.51,0.208,none
2026-09-07T12:00:00,site_07,36.21,258.81,0.252,none
2026-09-07T13:00:00,site_07,35.07,295.63,0.172,none
2026-09-07T14:00:00,site_07,34.06,286.06,0.078,none
2026-09-07T15:00:00,site_07,35.98,285.5,0.13,none
2026-09-07T16:00:00,site_07,33.44,293.14,0.212,none
2026-09-07T17:00:00,site_07,37.7,287.77,0.138,none
2026-09-07T18:00:00,site_07,32.14,269.57,0.03,none
2026-09-07T19:00:00,site_07,37.15,280.84,0.028,none
2026-09-07T20:00:00,site_07,36.04,310.84,0.102,none
2026-09-07T21:00:00,site_07,34.6,282.12,0.198,none
2026-09-07T22:00:00,site_07,33.97,302.56,0.14,none
2026-09-07T23:00:00,site_07,33.99,302.39,0.151,none
2026-09-08T00:00:00,site_07,36.44,273.7,0.137,none
2026-09-08T01:00:00,site_07,38.92,278.24,0.063,none
2026-09-08T02:00:00,site_07,30.86,290.56,0.08,none
2026-09-08T03:00:00,site_07,36.45,280.32,0.159,none
2026-09-08T04:00:00,site_07,27.91,276.43,0.159,none
2026-09-08T05:00:00,site_07,41.1,260.84,0.12,none
2026-09-08T06:00:00,site_07,81.21,118.59,0.155,congestion
2026-09-08T07:00:00,site_07,39.68,298.66,0.16,none
2026-09-08T08:00:00,site_07,38.35,293.53,0.128,none
2026-09-08T09:00:00,site_07,39.44,306.25,0.1,none
2026-09-08T10:00:00,site_07,37.1,288.59,0.111,none
2026-09-08T11:00:00,site_07,37.31,289.26,0.225,none
2026-09-08T12:00:00,site_07,35.78,262.49,0.129,none
2026-09-08T13:00:00,site_07,38.29,287.59,0.123,none
2026-09-08T14:00:00,site_07,38.33,264.25,0.148,none
2026-09-08T15:00:00,site_07,30.7,291.56,0.054,none
2026-09-08T16:00:00,site_07,32.55,302.76,0.079,none
2026-09-08T17:00:00,site_07,36.44,275.08,0.062,none
2026-09-08T18:00:00,site_07,30.07,265.74,0.109,none
2026-09-08T19:00:00,site_07,39.93,297.83,0.13,none
2026-09-08T20:00:00,site_07,37.22,303.35,0.199,none
2026-09-08T21:00:00,site_07,32.48,273.41,0.234,none
2026-09-08T22:00:00,site_07,32.6,295.42,0.116,none
2026-09-08T23:00:00,site_07,40.63,288.2,0.118,none
2026-09-09T00:00:00,site_07,42.19,280.92,0.207,none
2026-09-09T01:00:00,site_07,34.48,273.59,0.21,none
2026-09-09T02:00:00,site_07,30.41,289.53,0.131,none
2026-09-09T03:00:00,site_07,36.83,261.04,0.114,none
2026-09-09T04:00:00,site_07,34.54,280.21,0.087,none
2026-09-09T05:00:00,site_07,37.52,308.21,0.129,none
2026-09-09T06:00:00,site_07,41.32,272.62,0.128,none
2026-09-09T07:00:00,site_07,32.33,291.96,0.167,none
2026-09-09T08:00:00,site_07,38.71,300.79,0.132,none
2026-09-09T09:00:00,site_07,42.37,258.39,0.066,none
2026-09-09T10:00:00,site_07,40.92,284.13,0.187,none
2026-09-09T11:00:00,site_07,34.55,253.18,0.176,none
2026-09-09T12:00:00,site_07,32.21,289.0,0.19,none
2026-09-09T13:00:00,site_07,37.75,289.35,0.127,none
2026-09-09T14:00:00,site_07,150.95,14.52,10.182,link_down
2026-09-09T15:00:00,site_07,32.54,291.64,0.137,none
2026-09-09T16:00:00,site_07,35.16,270.93,0.182,none
2026-09-09T17:00:00,site_07,33.06,276.35,0.218,none
2026-09-09T18:00:00,site_07,31.12,301.56,0.205,none
2026-09-09T19:00:00,site_07,28.48,280.2,0.193,none
2026-09-09T20:00:00,site_07,33.43,307.57,0.026,none
2026-09-09T21:00:00,site_07,34.79,298.57,0.202,none
2026-09-09T22:00:00,site_07,31.99,294.23,0.163,none
2026-09-09T23:00:00,site_07,29.84,296.86,0.128,none
2026-09-10T00:00:00,site_07,35.42,286.75,0.133,none
2026-09-10T01:00:00,site_07,41.7,296.35,0.121,none
2026-09-10T02:00:00,site_07,37.12,264.34,0.153,none
2026-09-10T03:00:00,site_07,35.83,263.76,0.081,none
2026-09-10T04:00:00,site_07,36.22,284.4,0.037,none
2026-09-10T05:00:00,site_07,37.43,284.2,0.03,none
2026-09-10T06:00:00,site_07,37.14,300.54,0.105,none
2026-09-10T07:00:00,site_07,33.05,264.83,0.174,none
2026-09-10T08:00:00,site_07,34.7,302.67,0.138,none
2026-09-10T09:00:00,site_07,31.12,257.26,0.209,none
2026-09-10T10:00:00,site_07,36.35,264.51,0.142,none
2026-09-10T11:00:00,site_07,39.6,322.2,0.162,none
2026-09-10T12:00:00,site_07,28.44,256.02,0.215,none
2026-09-10T13:00:00,site_07,34.93,291.12,0.211,none
2026-09-10T14:00:00,site_07,34.83,282.36,0.106,none
2026-09-10T15:00:00,site_07,37.28,284.07,0.244,none
2026-09-10T16:00:00,site_07,39.5,265.22,0.164,none
2026-09-10T17:00:00,site_07,37.23,291.61,0.14,none
2026-09-10T18:00:00,site_07,40.33,298.95,0.176,none
2026-09-10T19:00:00,site_07,31.73,301.84,0.088,none
2026-09-10T20:00:00,site_07,37.73,299.78,0.08,none
2026-09-10T21:00:00,site_07,36.34,278.49,0.18,none
2026-09-10T22:00:00,site_07,37.3,270.26,0.073,none
2026-09-10T23:00:00,site_07,33.22,288.3,0.16,none
2026-09-11T00:00:00,site_07,42.0,270.25,0.131,none
2026-09-11T01:00:00,site_07,38.72,300.45,0.159,none
2026-09-11T02:00:00,site_07,34.05,295.06,0.183,none
2026-09-11T03:00:00,site_07,31.04,267.68,0.178,none
2026-09-11T04:00:00,site_07,37.52,297.18,0.109,none
2026-09-11T05:00:00,site_07,32.82,273.46,0.113,none
2026-09-11T06:00:00,site_07,33.83,277.22,0.123,none
2026-09-11T07:00:00,site_07,34.86,286.45,0.108,none
2026-09-11T08:00:00,site_07,61.86,103.09,0.077,congestion
2026-09-11T09:00:00,site_07,30.68,273.05,0.069,none
2026-09-11T10:00:00,site_07,39.27,274.58,0.135,none
2026-09-11T11:00:00,site_07,37.42,269.89,0.145,none
2026-09-11T12:00:00,site_07,37.31,289.02,0.069,none
2026-09-11T13:00:00,site_07,35.69,289.46,0.179,none
2026-09-11T14:00:00,site_07,35.13,295.29,0.094,none
2026-09-11T15:00:00,site_07,26.46,280.23,0.096,none
2026-09-11T16:00:00,site_07,30.13,271.58,0.161,none
2026-09-11T17:00:00,site_07,37.27,272.93,0.136,none
2026-09-11T18:00:00,site_07,38.9,282.67,0.097,none
2026-09-11T19:00:00,site_07,37.95,265.97,0.128,none
2026-09-11T20:00:00,site_07,35.73,266.15,0.045,none
2026-09-11T21:00:00,site_07,38.94,254.4,0.156,none
2026-09-11T22:00:00,site_07,37.83,275.04,0.09,none
2026-09-11T23:00:00,site_07,36.79,282.72,0.128,none
2026-09-12T00:00:00,site_07,37.31,288.35,0.147,none
2026-09-12T01:00:00,site_07,41.08,271.92,0.201,none
2026-09-12T02:00:00,site_07,39.37,299.79,0.123,none
2026-09-12T03:00:00,site_07,37.45,268.13,0.119,none
2026-09-12T04:00:00,site_07,38.81,265.42,0.13,none
2026-09-12T05:00:00,site_07,34.52,316.65,0.149,none
2026-09-12T06:00:00,site_07,39.62,275.81,0.188,none
2026-09-12T07:00:00,site_07,34.68,297.02,0.216,none
2026-09-12T08:00:00,site_07,33.37,289.8,0.106,none
2026-09-12T09:00:00,site_07,38.67,273.13,0.039,none
2026-09-12T10:00:00,site_07,36.07,253.34,0.122,none
2026-09-12T11:00:00,site_07,40.96,313.76,0.084,none
2026-09-12T12:00:00,site_07,33.16,276.65,0.228,none
2026-09-12T13:00:00,site_07,35.19,267.15,0.195,none
2026-09-12T14:00:00,site_07,34.72,280.6,0.104,none
2026-09-12T15:00:00,site_07,39.65,260.11,0.242,none
2026-09-12T16:00:00,site_07,39.91,283.53,0.112,none
2026-09-12T17:00:00,site_07,35.94,284.41,0.091,none
2026-09-12T18:00:00,site_07,33.73,263.06,0.096,none
2026-09-12T19:00:00,site_07,34.78,287.77,0.143,none
2026-09-12T20:00:00,site_07,29.41,288.33,0.138,none
2026-09-12T21:00:00,site_07,38.19,278.81,0.146,none
2026-09-12T22:00:00,site_07,37.89,253.1,0.176,none
2026-09-12T23:00:00,site_07,34.58,277.8,0.129,none
2026-09-13T00:00:00,site_07,45.74,299.58,0.109,none
2026-09-13T01:00:00,site_07,38.06,267.41,2.569,packet_loss
2026-09-13T02:00:00,site_07,31.21,270.47,0.166,none
2026-09-13T03:00:00,site_07,40.29,260.12,0.255,none
2026-09-13T04:00:00,site_07,29.96,280.4,0.081,none
2026-09-13T05:00:00,site_07,35.82,278.35,0.095,none
2026-09-13T06:00:00,site_07,35.09,297.84,0.128,none
2026-09-13T07:00:00,site_07,30.98,278.7,0.074,none
2026-09-13T08:00:00,site_07,37.63,254.62,0.208,none
2026-09-13T09:00:00,site_07,35.91,265.77,0.176,none
2026-09-13T10:00:00,site_07,33.99,284.28,0.053,none
2026-09-13T11:00:00,site_07,32.68,286.53,0.137,none
2026-09-13T12:00:00,site_07,33.28,289.91,0.132,none
2026-09-13T13:00:00,site_07,37.2,280.3,0.106,none
2026-09-13T14:00:00,site_07,35.66,278.98,0.117,none
2026-09-13T15:00:00,site_07,36.27,269.25,0.086,none
2026-09-13T16:00:00,site_07,38.25,284.07,0.111,none
2026-09-13T17:00:00,site_07,37.95,245.34,0.177,none
2026-09-13T18:00:00,site_07,31.8,273.57,0.246,none
2026-09-13T19:00:00,site_07,38.16,286.63,0.044,none
2026-09-13T20:00:00,site_07,34.4,269.04,0.145,none
2026-09-13T21:00:00,site_07,38.65,252.25,0.141,none
2026-09-13T22:00:00,site_07,34.82,285.86,0.081,none
2026-09-13T23:00:00,site_07,35.41,271.38,0.114,none
2026-09-14T00:00:00,site_07,33.74,281.39,0.123,none
2026-09-14T01:00:00,site_07,40.81,287.52,0.118,none
2026-09-14T02:00:00,site_07,32.96,274.74,0.121,none
2026-09-14T03:00:00,site_07,37.21,273.7,0.12,none
2026-09-14T04:00:00,site_07,44.92,271.35,0.034,none
2026-09-14T05:00:00,site_07,38.32,301.33,0.103,none
2026-09-14T06:00:00,site_07,38.27,278.44,0.124,none
2026-09-14T07:00:00,site_07,38.68,287.25,0.103,none
2026-09-14T08:00:00,site_07,41.99,285.05,0.181,none
2026-09-14T09:00:00,site_07,36.86,282.92,0.182,none
2026-09-14T10:00:00,site_07,36.84,270.88,0.157,none
2026-09-14T11:00:00,site_07,35.12,321.47,0.06,none
2026-09-14T12:00:00,site_07,33.46,283.25,0.266,none
2026-09-14T13:00:00,site_07,33.87,281.02,0.095,none
2026-09-14T14:00:00,site_07,34.44,291.1,0.071,none
2026-09-14T15:00:00,site_07,35.36,257.76,0.213,none
2026-09-14T16:00:00,site_07,32.93,287.49,0.108,none
2026-09-14T17:00:00,site_07,84.33,106.5,0.128,congestion
2026-09-14T18:00:00,site_07,39.23,291.94,0.16,none
2026-09-14T19:00:00,site_07,35.07,277.88,0.175,none
2026-09-14T20:00:00,site_07,42.1,269.9,0.137,none
2026-09-14T21:00:00,site_07,32.15,268.17,0.089,none
2026-09-14T22:00:00,site_07,33.11,291.72,0.098,none
2026-09-14T23:00:00,site_07,34.87,296.18,0.148,none
2026-09-01T00:00:00,site_08,57.31,104.69,0.192,none
2026-09-01T01:00:00,site_08,50.91,83.44,0.258,none
2026-09-01T02:00:00,site_08,59.63,115.49,0.301,none
2026-09-01T03:00:00,site_08,52.12,105.7,0.218,none
2026-09-01T04:00:00,site_08,54.6,100.67,0.242,none
2026-09-01T05:00:00,site_08,49.09,124.31,0.226,none
2026-09-01T06:00:00,site_08,51.13,71.97,0.268,none
2026-09-01T07:00:00,site_08,53.9,113.74,0.202,none
2026-09-01T08:00:00,site_08,49.48,90.91,0.364,none
2026-09-01T09:00:00,site_08,52.6,87.56,0.233,none
2026-09-01T10:00:00,site_08,52.13,104.68,0.188,none
2026-09-01T11:00:00,site_08,218.0,3.96,10.272,link_down
2026-09-01T12:00:00,site_08,47.91,98.37,0.151,none
2026-09-01T13:00:00,site_08,52.64,124.5,0.289,none
2026-09-01T14:00:00,site_08,47.33,85.4,0.174,none
2026-09-01T15:00:00,site_08,53.36,110.73,0.221,none
2026-09-01T16:00:00,site_08,53.29,113.33,0.251,none
2026-09-01T17:00:00,site_08,58.26,92.34,0.212,none
2026-09-01T18:00:00,site_08,55.29,98.25,0.24,none
2026-09-01T19:00:00,site_08,51.66,91.19,0.258,none
2026-09-01T20:00:00,site_08,52.7,110.97,0.231,none
2026-09-01T21:00:00,site_08,53.99,76.34,0.247,none
2026-09-01T22:00:00,site_08,50.31,66.45,0.226,none
2026-09-01T23:00:00,site_08,53.04,106.39,0.353,none
2026-09-02T00:00:00,site_08,51.09,87.32,0.235,none
2026-09-02T01:00:00,site_08,51.72,111.51,0.286,none
2026-09-02T02:00:00,site_08,50.94,89.77,0.265,none
2026-09-02T03:00:00,site_08,61.5,89.75,0.214,none
2026-09-02T04:00:00,site_08,51.34,94.62,0.214,none
2026-09-02T05:00:00,site_08,53.76,94.0,0.299,none
2026-09-02T06:00:00,site_08,49.63,92.86,0.131,none
2026-09-02T07:00:00,site_08,55.3,93.02,0.281,none
2026-09-02T08:00:00,site_08,52.66,89.6,0.283,none
2026-09-02T09:00:00,site_08,55.32,119.85,0.217,none
2026-09-02T10:00:00,site_08,50.26,80.52,0.273,none
2026-09-02T11:00:00,site_08,55.11,98.25,0.289,none
2026-09-02T12:00:00,site_08,53.56,104.37,0.202,none
2026-09-02T13:00:00,site_08,54.81,96.29,0.215,none
2026-09-02T14:00:00,site_08,58.17,90.09,0.212,none
2026-09-02T15:00:00,site_08,53.26,106.58,0.277,none
2026-09-02T16:00:00,site_08,58.02,98.35,0.283,none
2026-09-02T17:00:00,site_08,226.92,5.57,10.314,link_down
2026-09-02T18:00:00,site_08,55.38,108.44,0.314,none
2026-09-02T19:00:00,site_08,59.23,106.03,0.247,none
2026-09-02T20:00:00,site_08,54.31,88.44,0.246,none
2026-09-02T21:00:00,site_08,54.81,95.27,0.282,none
2026-09-02T22:00:00,site_08,53.96,114.77,0.329,none
2026-09-02T23:00:00,site_08,58.44,99.27,0.235,none
2026-09-03T00:00:00,site_08,53.38,85.0,0.209,none
2026-09-03T01:00:00,site_08,54.98,96.9,0.217,none
2026-09-03T02:00:00,site_08,51.71,88.23,0.26,none
2026-09-03T03:00:00,site_08,50.0,77.42,0.283,none
2026-09-03T04:00:00,site_08,55.03,120.98,0.316,none
2026-09-03T05:00:00,site_08,54.13,107.8,0.271,none
2026-09-03T06:00:00,site_08,46.39,89.77,0.278,none
2026-09-03T07:00:00,site_08,57.11,96.14,0.242,none
2026-09-03T08:00:00,site_08,51.82,88.52,0.249,none
2026-09-03T09:00:00,site_08,56.25,106.53,0.29,none
2026-09-03T10:00:00,site_08,48.29,96.67,0.38,none
2026-09-03T11:00:00,site_08,51.73,103.1,0.272,none
2026-09-03T12:00:00,site_08,57.5,94.22,0.231,none
2026-09-03T13:00:00,site_08,56.82,85.4,0.15,none
2026-09-03T14:00:00,site_08,47.26,92.21,0.295,none
2026-09-03T15:00:00,site_08,56.52,106.04,0.356,none
2026-09-03T16:00:00,site_08,54.58,90.16,0.283,none
2026-09-03T17:00:00,site_08,58.55,88.77,0.306,none
2026-09-03T18:00:00,site_08,53.29,104.87,0.248,none
2026-09-03T19:00:00,site_08,52.77,86.21,0.218,none
2026-09-03T20:00:00,site_08,55.92,78.2,0.224,none
2026-09-03T21:00:00,site_08,55.91,70.11,0.231,none
2026-09-03T22:00:00,site_08,53.55,116.89,0.194,none
2026-09-03T23:00:00,site_08,55.82,88.68,0.147,none
2026-09-04T00:00:00,site_08,57.08,77.78,0.352,none
2026-09-04T01:00:00,site_08,221.06,78.44,0.237,latency_spike
2026-09-04T02:00:00,site_08,61.87,89.3,0.21,none
2026-09-04T03:00:00,site_08,58.83,113.63,0.175,none
2026-09-04T04:00:00,site_08,47.75,110.26,0.153,none
2026-09-04T05:00:00,site_08,53.38,103.41,0.222,none
2026-09-04T06:00:00,site_08,55.56,106.4,0.174,none
2026-09-04T07:00:00,site_08,50.98,122.79,0.336,none
2026-09-04T08:00:00,site_08,56.49,50.49,0.225,none
2026-09-04T09:00:00,site_08,56.16,78.44,0.22,none
2026-09-04T10:00:00,site_08,54.63,68.48,0.292,none
2026-09-04T11:00:00,site_08,51.97,104.55,0.224,none
2026-09-04T12:00:00,site_08,49.95,106.07,0.153,none
2026-09-04T13:00:00,site_08,53.02,93.56,0.249,none
2026-09-04T14:00:00,site_08,59.05,99.14,0.247,none
2026-09-04T15:00:00,site_08,56.4,105.37,0.257,none
2026-09-04T16:00:00,site_08,47.92,69.93,0.231,none
2026-09-04T17:00:00,site_08,55.13,97.03,0.264,none
2026-09-04T18:00:00,site_08,53.36,76.62,0.255,none
2026-09-04T19:00:00,site_08,56.07,101.96,0.162,none
2026-09-04T20:00:00,site_08,56.07,100.14,0.153,none
2026-09-04T21:00:00,site_08,48.89,71.31,0.241,none
2026-09-04T22:00:00,site_08,54.71,105.77,4.71,packet_loss
2026-09-04T23:00:00,site_08,49.43,84.05,0.24,none
2026-09-05T00:00:00,site_08,62.58,76.54,0.229,none
2026-09-05T01:00:00,site_08,52.23,91.52,0.277,none
2026-09-05T02:00:00,site_08,52.82,90.28,0.165,none
2026-09-05T03:00:00,site_08,52.24,97.84,0.263,none
2026-09-05T04:00:00,site_08,52.63,70.92,0.262,none
2026-09-05T05:00:00,site_08,55.63,116.48,0.226,none
2026-09-05T06:00:00,site_08,53.34,101.96,0.219,none
2026-09-05T07:00:00,site_08,55.08,104.2,0.218,none
2026-09-05T08:00:00,site_08,54.76,85.22,0.246,none
2026-09-05T09:00:00,site_08,47.72,97.95,0.261,none
2026-09-05T10:00:00,site_08,53.74,67.07,0.299,none
2026-09-05T11:00:00,site_08,49.78,84.91,0.247,none
2026-09-05T12:00:00,site_08,51.93,109.11,0.146,none
2026-09-05T13:00:00,site_08,47.2,83.27,0.311,none
2026-09-05T14:00:00,site_08,54.09,87.15,0.224,none
2026-09-05T15:00:00,site_08,48.7,88.14,0.307,none
2026-09-05T16:00:00,site_08,51.14,96.93,0.249,none
2026-09-05T17:00:00,site_08,53.62,105.85,0.333,none
2026-09-05T18:00:00,site_08,53.27,119.64,0.208,none
2026-09-05T19:00:00,site_08,54.14,112.87,0.253,none
2026-09-05T20:00:00,site_08,61.69,75.01,0.232,none
2026-09-05T21:00:00,site_08,49.69,93.06,0.216,none
2026-09-05T22:00:00,site_08,54.13,103.38,0.257,none
2026-09-05T23:00:00,site_08,48.45,100.67,0.21,none
2026-09-06T00:00:00,site_08,59.04,126.59,0.188,none
2026-09-06T01:00:00,site_08,56.0,108.11,0.217,none
2026-09-06T02:00:00,site_08,53.39,98.65,0.158,none
2026-09-06T03:00:00,site_08,52.61,103.7,0.247,none
2026-09-06T04:00:00,site_08,53.25,108.53,0.225,none
2026-09-06T05:00:00,site_08,55.1,84.6,0.169,none
2026-09-06T06:00:00,site_08,54.24,95.28,0.129,none
2026-09-06T07:00:00,site_08,56.9,89.96,0.227,none
2026-09-06T08:00:00,site_08,55.78,112.06,0.097,none
2026-09-06T09:00:00,site_08,55.3,133.65,0.196,none
2026-09-06T10:00:00,site_08,53.41,92.6,0.268,none
2026-09-06T11:00:00,site_08,53.13,93.12,0.261,none
2026-09-06T12:00:00,site_08,52.37,112.29,0.298,none
2026-09-06T13:00:00,site_08,52.89,64.63,0.228,none
2026-09-06T14:00:00,site_08,53.0,86.66,0.234,none
2026-09-06T15:00:00,site_08,198.19,5.75,10.187,link_down
2026-09-06T16:00:00,site_08,56.25,110.45,0.275,none
2026-09-06T17:00:00,site_08,55.56,117.33,0.256,none
2026-09-06T18:00:00,site_08,51.8,107.18,0.204,none
2026-09-06T19:00:00,site_08,53.2,98.01,0.291,none
2026-09-06T20:00:00,site_08,53.92,110.22,0.162,none
2026-09-06T21:00:00,site_08,55.88,97.72,0.309,none
2026-09-06T22:00:00,site_08,48.32,108.28,0.278,none
2026-09-06T23:00:00,site_08,54.59,107.91,0.194,none
2026-09-07T00:00:00,site_08,53.96,110.29,0.177,none
2026-09-07T01:00:00,site_08,52.66,103.0,0.235,none
2026-09-07T02:00:00,site_08,57.14,88.64,0.221,none
2026-09-07T03:00:00,site_08,51.25,104.47,0.251,none
2026-09-07T04:00:00,site_08,55.04,128.05,0.198,none
2026-09-07T05:00:00,site_08,50.24,86.18,0.186,none
2026-09-07T06:00:00,site_08,57.15,119.83,0.26,none
2026-09-07T07:00:00,site_08,52.32,72.24,0.288,none
2026-09-07T08:00:00,site_08,51.12,104.53,0.23,none
2026-09-07T09:00:00,site_08,49.85,96.57,0.285,none
2026-09-07T10:00:00,site_08,50.9,78.02,0.195,none
2026-09-07T11:00:00,site_08,54.42,84.72,0.125,none
2026-09-07T12:00:00,site_08,49.25,83.27,0.27,none
2026-09-07T13:00:00,site_08,50.43,99.03,0.353,none
2026-09-07T14:00:00,site_08,53.8,102.11,0.148,none
2026-09-07T15:00:00,site_08,45.86,122.68,0.312,none
2026-09-07T16:00:00,site_08,53.8,73.46,0.224,none
2026-09-07T17:00:00,site_08,53.78,88.26,0.147,none
2026-09-07T18:00:00,site_08,53.18,70.38,0.189,none
2026-09-07T19:00:00,site_08,52.99,99.84,0.21,none
2026-09-07T20:00:00,site_08,53.63,112.67,0.217,none
2026-09-07T21:00:00,site_08,51.7,83.18,0.184,none
2026-09-07T22:00:00,site_08,48.23,101.15,0.14,none
2026-09-07T23:00:00,site_08,49.34,91.01,0.265,none
2026-09-08T00:00:00,site_08,50.16,94.48,0.199,none
2026-09-08T01:00:00,site_08,51.24,109.09,0.211,none
2026-09-08T02:00:00,site_08,54.64,81.58,0.217,none
2026-09-08T03:00:00,site_08,55.79,72.15,0.168,none
2026-09-08T04:00:00,site_08,55.44,115.23,0.304,none
2026-09-08T05:00:00,site_08,53.14,108.65,0.178,none
2026-09-08T06:00:00,site_08,54.7,81.65,0.232,none
2026-09-08T07:00:00,site_08,108.27,44.32,0.277,congestion
2026-09-08T08:00:00,site_08,53.71,87.79,0.225,none
2026-09-08T09:00:00,site_08,53.94,103.49,0.2,none
2026-09-08T10:00:00,site_08,55.67,108.24,0.246,none
2026-09-08T11:00:00,site_08,57.2,100.98,0.229,none
2026-09-08T12:00:00,site_08,50.68,85.96,0.233,none
2026-09-08T13:00:00,site_08,55.87,82.29,0.212,none
2026-09-08T14:00:00,site_08,53.51,91.58,0.232,none
2026-09-08T15:00:00,site_08,52.05,85.13,0.289,none
2026-09-08T16:00:00,site_08,52.77,89.7,0.256,none
2026-09-08T17:00:00,site_08,51.89,95.2,0.289,none
2026-09-08T18:00:00,site_08,49.84,89.42,0.279,none
2026-09-08T19:00:00,site_08,53.15,96.59,0.216,none
2026-09-08T20:00:00,site_08,52.15,103.48,0.197,none
2026-09-08T21:00:00,site_08,56.0,87.91,0.232,none
2026-09-08T22:00:00,site_08,49.96,112.28,0.207,none
2026-09-08T23:00:00,site_08,58.69,84.7,0.223,none
2026-09-09T00:00:00,site_08,52.96,94.28,0.174,none
2026-09-09T01:00:00,site_08,52.89,102.17,0.25,none
2026-09-09T02:00:00,site_08,106.9,27.67,0.258,congestion
2026-09-09T03:00:00,site_08,59.31,96.84,0.188,none
2026-09-09T04:00:00,site_08,52.41,103.25,0.237,none
2026-09-09T05:00:00,site_08,48.48,100.67,0.304,none
2026-09-09T06:00:00,site_08,55.83,111.92,0.249,none
2026-09-09T07:00:00,site_08,53.98,114.84,0.262,none
2026-09-09T08:00:00,site_08,52.0,93.7,0.229,none
2026-09-09T09:00:00,site_08,56.89,61.52,0.237,none
2026-09-09T10:00:00,site_08,49.28,106.81,0.199,none
2026-09-09T11:00:00,site_08,58.94,111.88,0.264,none
2026-09-09T12:00:00,site_08,52.9,126.72,0.275,none
2026-09-09T13:00:00,site_08,49.19,105.23,0.232,none
2026-09-09T14:00:00,site_08,54.68,92.7,0.262,none
2026-09-09T15:00:00,site_08,51.57,106.22,0.21,none
2026-09-09T16:00:00,site_08,51.79,113.7,0.221,none
2026-09-09T17:00:00,site_08,58.74,85.65,0.089,none
2026-09-09T18:00:00,site_08,52.36,83.74,0.206,none
2026-09-09T19:00:00,site_08,57.28,99.13,0.299,none
2026-09-09T20:00:00,site_08,52.46,90.88,0.263,none
2026-09-09T21:00:00,site_08,56.38,92.81,0.244,none
2026-09-09T22:00:00,site_08,52.24,79.71,0.195,none
2026-09-09T23:00:00,site_08,55.38,115.62,0.167,none
2026-09-10T00:00:00,site_08,52.32,108.65,0.209,none
2026-09-10T01:00:00,site_08,49.15,103.98,0.227,none
2026-09-10T02:00:00,site_08,52.61,113.64,0.185,none
2026-09-10T03:00:00,site_08,57.15,97.87,0.269,none
2026-09-10T04:00:00,site_08,53.28,91.51,0.277,none
2026-09-10T05:00:00,site_08,56.64,78.95,0.3,none
2026-09-10T06:00:00,site_08,51.12,94.19,0.277,none
2026-09-10T07:00:00,site_08,52.62,109.3,0.242,none
2026-09-10T08:00:00,site_08,51.27,102.88,0.231,none
2026-09-10T09:00:00,site_08,55.93,89.53,0.315,none
2026-09-10T10:00:00,site_08,52.85,86.23,0.186,none
2026-09-10T11:00:00,site_08,58.7,98.88,0.196,none
2026-09-10T12:00:00,site_08,48.23,88.68,0.203,none
2026-09-10T13:00:00,site_08,46.57,95.36,0.287,none
2026-09-10T14:00:00,site_08,47.71,84.71,0.192,none
2026-09-10T15:00:00,site_08,49.73,121.97,0.237,none
2026-09-10T16:00:00,site_08,58.17,96.49,0.255,none
2026-09-10T17:00:00,site_08,49.28,87.58,0.345,none
2026-09-10T18:00:00,site_08,54.21,82.09,0.281,none
2026-09-10T19:00:00,site_08,48.69,88.35,0.333,none
2026-09-10T20:00:00,site_08,52.04,86.62,0.153,none
2026-09-10T21:00:00,site_08,53.88,108.57,0.281,none
2026-09-10T22:00:00,site_08,55.06,86.22,0.262,none
2026-09-10T23:00:00,site_08,54.77,102.41,0.239,none
2026-09-11T00:00:00,site_08,48.68,80.76,0.222,none
2026-09-11T01:00:00,site_08,52.17,91.11,0.301,none
2026-09-11T02:00:00,site_08,56.48,101.26,0.208,none
2026-09-11T03:00:00,site_08,55.58,114.63,0.229,none
2026-09-11T04:00:00,site_08,48.24,91.84,0.118,none
2026-09-11T05:00:00,site_08,55.18,87.2,0.18,none
2026-09-11T06:00:00,site_08,50.05,81.46,0.197,none
2026-09-11T07:00:00,site_08,55.25,114.62,0.287,none
2026-09-11T08:00:00,site_08,56.45,86.67,0.144,none
2026-09-11T09:00:00,site_08,50.97,87.25,0.187,none
2026-09-11T10:00:00,site_08,55.25,122.46,0.149,none
2026-09-11T11:00:00,site_08,51.02,108.22,0.225,none
2026-09-11T12:00:00,site_08,55.54,111.08,0.234,none
2026-09-11T13:00:00,site_08,54.2,93.23,0.223,none
2026-09-11T14:00:00,site_08,56.16,100.48,0.287,none
2026-09-11T15:00:00,site_08,54.77,89.13,0.287,none
2026-09-11T16:00:00,site_08,61.2,101.38,0.27,none
2026-09-11T17:00:00,site_08,53.09,92.85,0.25,none
2026-09-11T18:00:00,site_08,56.85,101.36,0.212,none
2026-09-11T19:00:00,site_08,49.42,121.65,0.208,none
2026-09-11T20:00:00,site_08,54.22,101.29,0.229,none
2026-09-11T21:00:00,site_08,50.48,122.66,0.241,none
2026-09-11T22:00:00,site_08,57.54,90.57,0.256,none
2026-09-11T23:00:00,site_08,49.92,93.95,0.265,none
2026-09-12T00:00:00,site_08,52.42,94.13,0.341,none
2026-09-12T01:00:00,site_08,54.89,92.93,0.203,none
2026-09-12T02:00:00,site_08,55.39,107.6,0.244,none
2026-09-12T03:00:00,site_08,57.2,108.98,0.208,none
2026-09-12T04:00:00,site_08,54.89,84.5,0.157,none
2026-09-12T05:00:00,site_08,53.6,101.2,0.176,none
2026-09-12T06:00:00,site_08,53.85,116.97,0.254,none
2026-09-12T07:00:00,site_08,54.76,106.78,0.208,none
2026-09-12T08:00:00,site_08,53.69,81.72,0.291,none
2026-09-12T09:00:00,site_08,58.56,64.87,0.242,none
2026-09-12T10:00:00,site_08,56.85,118.17,0.191,none
2026-09-12T11:00:00,site_08,52.18,86.47,0.247,none
2026-09-12T12:00:00,site_08,53.06,104.47,0.224,none
2026-09-12T13:00:00,site_08,56.48,107.69,0.183,none
2026-09-12T14:00:00,site_08,50.53,104.91,0.249,none
2026-09-12T15:00:00,site_08,52.41,82.86,0.281,none
2026-09-12T16:00:00,site_08,53.95,73.48,0.207,none
2026-09-12T17:00:00,site_08,51.24,108.95,0.119,none
2026-09-12T18:00:00,site_08,52.88,122.87,0.177,none
2026-09-12T19:00:00,site_08,56.56,85.91,0.217,none
2026-09-12T20:00:00,site_08,48.95,89.9,0.299,none
2026-09-12T21:00:00,site_08,52.92,98.43,0.264,none
2026-09-12T22:00:00,site_08,51.72,119.75,0.301,none
2026-09-12T23:00:00,site_08,50.86,81.43,0.219,none
2026-09-13T00:00:00,site_08,48.08,104.15,0.3,none
2026-09-13T01:00:00,site_08,51.36,84.82,0.25,none
2026-09-13T02:00:00,site_08,54.72,105.76,0.29,none
2026-09-13T03:00:00,site_08,54.05,91.28,0.23,none
2026-09-13T04:00:00,site_08,56.31,117.71,0.256,none
2026-09-13T05:00:00,site_08,52.63,70.71,0.302,none
2026-09-13T06:00:00,site_08,54.91,106.92,0.173,none
2026-09-13T07:00:00,site_08,58.03,101.09,0.206,none
2026-09-13T08:00:00,site_08,56.65,110.75,0.162,none
2026-09-13T09:00:00,site_08,56.29,94.44,0.176,none
2026-09-13T10:00:00,site_08,53.97,112.54,0.259,none
2026-09-13T11:00:00,site_08,52.69,143.62,0.236,none
2026-09-13T12:00:00,site_08,50.36,123.31,0.278,none
2026-09-13T13:00:00,site_08,54.13,115.54,0.193,none
2026-09-13T14:00:00,site_08,54.25,117.47,0.251,none
2026-09-13T15:00:00,site_08,53.58,71.59,0.119,none
2026-09-13T16:00:00,site_08,52.27,92.81,0.277,none
2026-09-13T17:00:00,site_08,54.99,125.65,0.26,none
2026-09-13T18:00:00,site_08,54.11,77.45,0.283,none
2026-09-13T19:00:00,site_08,51.63,97.08,0.196,none
2026-09-13T20:00:00,site_08,58.91,113.29,0.201,none
2026-09-13T21:00:00,site_08,49.56,107.31,0.223,none
2026-09-13T22:00:00,site_08,53.69,103.32,0.283,none
2026-09-13T23:00:00,site_08,52.27,126.53,0.236,none
2026-09-14T00:00:00,site_08,51.77,107.08,0.162,none
2026-09-14T01:00:00,site_08,49.77,87.66,0.298,none
2026-09-14T02:00:00,site_08,55.54,119.49,0.234,none
2026-09-14T03:00:00,site_08,54.98,98.48,0.273,none
2026-09-14T04:00:00,site_08,51.48,82.34,0.184,none
2026-09-14T05:00:00,site_08,56.78,88.68,0.128,none
2026-09-14T06:00:00,site_08,55.03,95.73,0.244,none
2026-09-14T07:00:00,site_08,56.43,101.88,0.265,none
2026-09-14T08:00:00,site_08,54.96,103.61,0.189,none
2026-09-14T09:00:00,site_08,55.76,114.06,0.256,none
2026-09-14T10:00:00,site_08,50.96,90.2,0.245,none
2026-09-14T11:00:00,site_08,50.02,79.79,0.13,none
2026-09-14T12:00:00,site_08,52.88,94.75,0.351,none
2026-09-14T13:00:00,site_08,50.46,98.98,0.162,none
2026-09-14T14:00:00,site_08,49.8,93.35,0.226,none
2026-09-14T15:00:00,site_08,55.38,91.68,0.237,none
2026-09-14T16:00:00,site_08,49.36,74.25,0.268,none
2026-09-14T17:00:00,site_08,47.78,95.79,0.173,none
2026-09-14T18:00:00,site_08,51.65,106.95,0.29,none
2026-09-14T19:00:00,site_08,53.62,105.03,0.241,none
2026-09-14T20:00:00,site_08,49.4,105.04,0.211,none
2026-09-14T21:00:00,site_08,56.15,106.76,0.253,none
2026-09-14T22:00:00,site_08,55.46,119.16,0.233,none
2026-09-14T23:00:00,site_08,56.19,89.38,0.168,none
2026-09-01T00:00:00,site_09,45.03,155.81,0.239,none
2026-09-01T01:00:00,site_09,39.54,207.86,0.172,none
2026-09-01T02:00:00,site_09,43.03,154.51,0.192,none
2026-09-01T03:00:00,site_09,46.33,161.72,0.169,none
2026-09-01T04:00:00,site_09,37.64,197.17,0.19,none
2026-09-01T05:00:00,site_09,39.19,171.81,0.165,none
2026-09-01T06:00:00,site_09,39.96,174.87,0.15,none
2026-09-01T07:00:00,site_09,41.46,171.91,0.181,none
2026-09-01T08:00:00,site_09,47.1,164.45,0.142,none
2026-09-01T09:00:00,site_09,43.91,174.28,0.2,none
2026-09-01T10:00:00,site_09,40.71,190.85,0.214,none
2026-09-01T11:00:00,site_09,43.92,167.51,0.255,none
2026-09-01T12:00:00,site_09,39.3,163.93,0.142,none
2026-09-01T13:00:00,site_09,33.44,176.76,0.163,none
2026-09-01T14:00:00,site_09,42.01,169.64,0.165,none
2026-09-01T15:00:00,site_09,45.2,167.92,0.152,none
2026-09-01T16:00:00,site_09,36.29,184.86,0.198,none
2026-09-01T17:00:00,site_09,43.86,216.21,0.185,none
2026-09-01T18:00:00,site_09,36.84,190.71,0.194,none
2026-09-01T19:00:00,site_09,41.47,163.17,0.206,none
2026-09-01T20:00:00,site_09,41.16,170.01,0.248,none
2026-09-01T21:00:00,site_09,37.41,191.06,0.044,none
2026-09-01T22:00:00,site_09,35.13,172.38,0.123,none
2026-09-01T23:00:00,site_09,43.26,152.4,0.17,none
2026-09-02T00:00:00,site_09,45.48,186.73,0.129,none
2026-09-02T01:00:00,site_09,181.63,9.55,10.142,link_down
2026-09-02T02:00:00,site_09,39.12,154.6,0.154,none
2026-09-02T03:00:00,site_09,39.6,178.71,0.195,none
2026-09-02T04:00:00,site_09,40.77,196.67,0.158,none
2026-09-02T05:00:00,site_09,40.78,168.65,0.178,none
2026-09-02T06:00:00,site_09,38.34,180.26,0.224,none
2026-09-02T07:00:00,site_09,44.02,181.35,0.18,none
2026-09-02T08:00:00,site_09,39.62,185.83,0.275,none
2026-09-02T09:00:00,site_09,44.12,162.12,0.182,none
2026-09-02T10:00:00,site_09,38.08,194.74,0.225,none
2026-09-02T11:00:00,site_09,39.75,165.46,0.277,none
2026-09-02T12:00:00,site_09,41.76,174.06,0.19,none
2026-09-02T13:00:00,site_09,44.89,186.26,0.225,none
2026-09-02T14:00:00,site_09,128.04,181.52,0.101,latency_spike
2026-09-02T15:00:00,site_09,42.21,210.0,0.091,none
2026-09-02T16:00:00,site_09,40.04,185.47,0.117,none
2026-09-02T17:00:00,site_09,40.86,179.34,0.091,none
2026-09-02T18:00:00,site_09,43.28,176.71,0.247,none
2026-09-02T19:00:00,site_09,38.82,204.18,0.19,none
2026-09-02T20:00:00,site_09,41.04,181.3,0.057,none
2026-09-02T21:00:00,site_09,36.65,204.65,0.268,none
2026-09-02T22:00:00,site_09,40.02,165.14,0.155,none
2026-09-02T23:00:00,site_09,38.66,144.92,0.24,none
2026-09-03T00:00:00,site_09,45.72,195.83,0.248,none
2026-09-03T01:00:00,site_09,34.51,180.68,0.219,none
2026-09-03T02:00:00,site_09,40.7,177.54,0.14,none
2026-09-03T03:00:00,site_09,46.25,208.37,0.188,none
2026-09-03T04:00:00,site_09,37.8,189.9,0.276,none
2026-09-03T05:00:00,site_09,42.13,188.34,0.215,none
2026-09-03T06:00:00,site_09,46.85,176.75,0.222,none
2026-09-03T07:00:00,site_09,38.84,184.32,0.222,none
2026-09-03T08:00:00,site_09,38.1,173.3,0.165,none
2026-09-03T09:00:00,site_09,41.68,186.53,0.237,none
2026-09-03T10:00:00,site_09,39.01,203.58,0.18,none
2026-09-03T11:00:00,site_09,40.21,197.25,0.247,none
2026-09-03T12:00:00,site_09,40.82,167.17,0.284,none
2026-09-03T13:00:00,site_09,39.37,201.61,0.161,none
2026-09-03T14:00:00,site_09,45.17,166.43,0.217,none
2026-09-03T15:00:00,site_09,48.58,169.12,0.26,none
2026-09-03T16:00:00,site_09,37.01,178.46,0.188,none
2026-09-03T17:00:00,site_09,41.68,194.62,0.2,none
2026-09-03T18:00:00,site_09,40.29,180.19,0.199,none
2026-09-03T19:00:00,site_09,41.55,159.22,0.16,none
2026-09-03T20:00:00,site_09,165.12,199.72,0.277,latency_spike
2026-09-03T21:00:00,site_09,42.03,164.13,0.185,none
2026-09-03T22:00:00,site_09,41.65,167.3,0.209,none
2026-09-03T23:00:00,site_09,37.86,211.8,0.242,none
2026-09-04T00:00:00,site_09,39.56,175.6,0.265,none
2026-09-04T01:00:00,site_09,31.49,216.57,0.197,none
2026-09-04T02:00:00,site_09,44.0,187.24,0.226,none
2026-09-04T03:00:00,site_09,37.05,184.46,0.26,none
2026-09-04T04:00:00,site_09,38.55,198.57,0.165,none
2026-09-04T05:00:00,site_09,39.62,179.28,0.11,none
2026-09-04T06:00:00,site_09,41.43,183.61,0.246,none
2026-09-04T07:00:00,site_09,45.28,193.98,0.181,none
2026-09-04T08:00:00,site_09,40.79,189.04,0.229,none
2026-09-04T09:00:00,site_09,40.38,192.06,0.251,none
2026-09-04T10:00:00,site_09,40.64,167.75,0.145,none
2026-09-04T11:00:00,site_09,41.51,188.05,0.117,none
2026-09-04T12:00:00,site_09,41.47,166.76,0.21,none
2026-09-04T13:00:00,site_09,38.57,181.06,0.208,none
2026-09-04T14:00:00,site_09,40.01,187.27,0.15,none
2026-09-04T15:00:00,site_09,36.13,173.99,0.122,none
2026-09-04T16:00:00,site_09,45.73,159.58,0.174,none
2026-09-04T17:00:00,site_09,41.96,174.74,0.18,none
2026-09-04T18:00:00,site_09,45.83,172.29,0.15,none
2026-09-04T19:00:00,site_09,41.05,159.17,0.165,none
2026-09-04T20:00:00,site_09,43.96,172.63,0.208,none
2026-09-04T21:00:00,site_09,40.94,182.23,0.128,none
2026-09-04T22:00:00,site_09,47.37,194.24,0.182,none
2026-09-04T23:00:00,site_09,37.99,197.74,0.112,none
2026-09-05T00:00:00,site_09,36.7,184.12,0.191,none
2026-09-05T01:00:00,site_09,44.01,171.75,0.205,none
2026-09-05T02:00:00,site_09,36.29,169.03,0.191,none
2026-09-05T03:00:00,site_09,45.0,177.02,0.172,none
2026-09-05T04:00:00,site_09,41.73,175.8,0.175,none
2026-09-05T05:00:00,site_09,42.39,171.8,0.15,none
2026-09-05T06:00:00,site_09,31.66,171.2,0.131,none
2026-09-05T07:00:00,site_09,39.42,171.85,0.186,none
2026-09-05T08:00:00,site_09,39.53,181.71,0.167,none
2026-09-05T09:00:00,site_09,44.04,173.82,0.138,none
2026-09-05T10:00:00,site_09,40.92,184.86,0.117,none
2026-09-05T11:00:00,site_09,43.03,194.88,0.203,none
2026-09-05T12:00:00,site_09,47.29,175.73,0.136,none
2026-09-05T13:00:00,site_09,46.01,206.79,0.142,none
2026-09-05T14:00:00,site_09,39.77,198.62,0.124,none
2026-09-05T15:00:00,site_09,188.97,9.25,10.211,link_down
2026-09-05T16:00:00,site_09,42.14,157.54,5.346,packet_loss
2026-09-05T17:00:00,site_09,39.65,175.72,0.161,none
2026-09-05T18:00:00,site_09,35.27,182.43,0.173,none
2026-09-05T19:00:00,site_09,40.93,175.83,0.165,none
2026-09-05T20:00:00,site_09,42.79,161.76,0.191,none
2026-09-05T21:00:00,site_09,39.57,197.54,0.215,none
2026-09-05T22:00:00,site_09,83.46,74.48,0.099,congestion
2026-09-05T23:00:00,site_09,40.06,198.61,0.163,none
2026-09-06T00:00:00,site_09,41.42,197.62,0.182,none
2026-09-06T01:00:00,site_09,35.62,156.05,0.074,none
2026-09-06T02:00:00,site_09,39.48,190.36,0.233,none
2026-09-06T03:00:00,site_09,39.05,178.44,0.26,none
2026-09-06T04:00:00,site_09,43.12,185.22,0.255,none
2026-09-06T05:00:00,site_09,39.57,178.32,0.139,none
2026-09-06T06:00:00,site_09,37.39,195.63,0.215,none
2026-09-06T07:00:00,site_09,35.85,208.78,0.11,none
2026-09-06T08:00:00,site_09,38.88,199.87,0.2,none
2026-09-06T09:00:00,site_09,38.36,159.62,0.245,none
2026-09-06T10:00:00,site_09,44.8,186.21,0.056,none
2026-09-06T11:00:00,site_09,42.13,174.71,0.16,none
2026-09-06T12:00:00,site_09,43.58,187.1,0.213,none
2026-09-06T13:00:00,site_09,41.27,160.19,0.182,none
2026-09-06T14:00:00,site_09,36.03,175.42,0.307,none
2026-09-06T15:00:00,site_09,37.01,183.51,0.277,none
2026-09-06T16:00:00,site_09,42.85,175.19,0.163,none
2026-09-06T17:00:00,site_09,38.76,191.12,0.108,none
2026-09-06T18:00:00,site_09,40.86,177.04,0.106,none
2026-09-06T19:00:00,site_09,44.33,177.13,0.202,none
2026-09-06T20:00:00,site_09,40.65,159.67,0.193,none
2026-09-06T21:00:00,site_09,41.7,166.7,0.171,none
2026-09-06T22:00:00,site_09,40.1,175.95,0.283,none
2026-09-06T23:00:00,site_09,43.98,162.94,0.221,none
2026-09-07T00:00:00,site_09,39.21,161.99,0.09,none
2026-09-07T01:00:00,site_09,42.32,164.09,0.193,none
2026-09-07T02:00:00,site_09,40.04,163.05,0.184,none
2026-09-07T03:00:00,site_09,37.17,170.37,0.142,none
2026-09-07T04:00:00,site_09,43.99,174.85,0.078,none
2026-09-07T05:00:00,site_09,43.48,168.84,0.263,none
2026-09-07T06:00:00,site_09,42.25,195.81,0.211,none
2026-09-07T07:00:00,site_09,37.91,197.81,0.148,none
2026-09-07T08:00:00,site_09,39.45,182.38,0.119,none
2026-09-07T09:00:00,site_09,38.11,183.64,0.193,none
2026-09-07T10:00:00,site_09,39.27,166.3,0.197,none
2026-09-07T11:00:00,site_09,43.97,178.54,0.172,none
2026-09-07T12:00:00,site_09,40.51,155.39,0.135,none
2026-09-07T13:00:00,site_09,40.99,155.03,0.206,none
2026-09-07T14:00:00,site_09,38.12,163.08,0.238,none
2026-09-07T15:00:00,site_09,38.23,182.06,0.267,none
2026-09-07T16:00:00,site_09,38.2,203.2,0.12,none
2026-09-07T17:00:00,site_09,42.2,167.04,0.223,none
2026-09-07T18:00:00,site_09,42.82,152.66,0.205,none
2026-09-07T19:00:00,site_09,44.19,179.6,0.251,none
2026-09-07T20:00:00,site_09,40.36,192.07,0.228,none
2026-09-07T21:00:00,site_09,33.86,165.52,0.257,none
2026-09-07T22:00:00,site_09,43.39,190.85,0.152,none
2026-09-07T23:00:00,site_09,39.03,211.43,0.145,none
2026-09-08T00:00:00,site_09,37.75,198.48,0.176,none
2026-09-08T01:00:00,site_09,44.98,188.95,0.142,none
2026-09-08T02:00:00,site_09,44.21,180.51,0.111,none
2026-09-08T03:00:00,site_09,37.39,161.66,0.086,none
2026-09-08T04:00:00,site_09,37.98,173.32,0.273,none
2026-09-08T05:00:00,site_09,40.24,187.9,0.176,none
2026-09-08T06:00:00,site_09,41.58,182.1,0.327,none
2026-09-08T07:00:00,site_09,37.49,185.81,0.149,none
2026-09-08T08:00:00,site_09,36.61,163.64,0.205,none
2026-09-08T09:00:00,site_09,42.25,193.07,0.207,none
2026-09-08T10:00:00,site_09,39.23,192.45,0.239,none
2026-09-08T11:00:00,site_09,40.39,204.13,0.187,none
2026-09-08T12:00:00,site_09,84.38,71.52,0.147,congestion
2026-09-08T13:00:00,site_09,46.27,192.08,0.158,none
2026-09-08T14:00:00,site_09,41.66,199.9,0.162,none
2026-09-08T15:00:00,site_09,40.44,181.13,0.144,none
2026-09-08T16:00:00,site_09,41.99,199.54,0.188,none
2026-09-08T17:00:00,site_09,43.11,168.34,0.242,none
2026-09-08T18:00:00,site_09,44.51,185.91,0.164,none
2026-09-08T19:00:00,site_09,41.88,171.85,0.255,none
2026-09-08T20:00:00,site_09,38.06,208.5,0.193,none
2026-09-08T21:00:00,site_09,38.25,202.57,0.279,none
2026-09-08T22:00:00,site_09,44.7,198.51,0.216,none
2026-09-08T23:00:00,site_09,42.36,191.3,0.151,none
2026-09-09T00:00:00,site_09,45.11,177.16,0.173,none
2026-09-09T01:00:00,site_09,38.79,160.5,0.246,none
2026-09-09T02:00:00,site_09,39.52,180.53,0.158,none
2026-09-09T03:00:00,site_09,43.3,176.65,0.129,none
2026-09-09T04:00:00,site_09,42.45,183.09,0.194,none
2026-09-09T05:00:00,site_09,43.02,179.63,0.211,none
2026-09-09T06:00:00,site_09,48.4,176.0,0.198,none
2026-09-09T07:00:00,site_09,39.51,180.37,0.188,none
2026-09-09T08:00:00,site_09,42.05,155.52,0.276,none
2026-09-09T09:00:00,site_09,42.66,154.21,0.149,none
2026-09-09T10:00:00,site_09,53.19,198.18,0.24,none
2026-09-09T11:00:00,site_09,38.2,195.18,0.133,none
2026-09-09T12:00:00,site_09,36.92,194.89,0.185,none
2026-09-09T13:00:00,site_09,40.69,163.37,0.155,none
2026-09-09T14:00:00,site_09,36.52,172.69,0.134,none
2026-09-09T15:00:00,site_09,42.72,160.85,0.173,none
2026-09-09T16:00:00,site_09,37.8,186.66,0.193,none
2026-09-09T17:00:00,site_09,41.63,173.79,0.192,none
2026-09-09T18:00:00,site_09,40.46,160.47,0.25,none
2026-09-09T19:00:00,site_09,37.61,175.75,0.177,none
2026-09-09T20:00:00,site_09,35.14,170.2,0.17,none
2026-09-09T21:00:00,site_09,41.27,197.7,0.23,none
2026-09-09T22:00:00,site_09,35.22,190.99,0.196,none
2026-09-09T23:00:00,site_09,46.55,167.88,0.044,none
2026-09-10T00:00:00,site_09,42.2,180.66,0.127,none
2026-09-10T01:00:00,site_09,39.67,161.57,0.214,none
2026-09-10T02:00:00,site_09,38.86,168.88,0.201,none
2026-09-10T03:00:00,site_09,41.34,182.96,0.185,none
2026-09-10T04:00:00,site_09,36.8,164.76,0.152,none
2026-09-10T05:00:00,site_09,46.93,160.02,0.167,none
2026-09-10T06:00:00,site_09,39.83,196.37,0.173,none
2026-09-10T07:00:00,site_09,43.18,207.42,0.259,none
2026-09-10T08:00:00,site_09,39.97,178.21,0.186,none
2026-09-10T09:00:00,site_09,41.18,167.55,0.235,none
2026-09-10T10:00:00,site_09,40.6,161.19,0.191,none
2026-09-10T11:00:00,site_09,38.99,171.81,0.203,none
2026-09-10T12:00:00,site_09,42.45,201.98,0.22,none
2026-09-10T13:00:00,site_09,46.31,169.28,0.148,none
2026-09-10T14:00:00,site_09,40.73,183.56,0.176,none
2026-09-10T15:00:00,site_09,45.6,163.76,0.223,none
2026-09-10T16:00:00,site_09,36.0,167.8,0.155,none
2026-09-10T17:00:00,site_09,39.64,178.97,0.115,none
2026-09-10T18:00:00,site_09,40.95,187.74,0.161,none
2026-09-10T19:00:00,site_09,46.48,151.51,0.202,none
2026-09-10T20:00:00,site_09,39.52,170.69,0.139,none
2026-09-10T21:00:00,site_09,33.03,175.52,0.184,none
2026-09-10T22:00:00,site_09,45.28,171.34,0.176,none
2026-09-10T23:00:00,site_09,40.49,199.88,0.312,none
2026-09-11T00:00:00,site_09,44.0,206.0,0.201,none
2026-09-11T01:00:00,site_09,43.12,182.42,0.206,none
2026-09-11T02:00:00,site_09,41.62,157.1,0.107,none
2026-09-11T03:00:00,site_09,37.4,180.15,0.195,none
2026-09-11T04:00:00,site_09,38.03,193.74,0.184,none
2026-09-11T05:00:00,site_09,37.15,177.58,0.243,none
2026-09-11T06:00:00,site_09,38.35,172.07,0.139,none
2026-09-11T07:00:00,site_09,36.54,178.18,0.22,none
2026-09-11T08:00:00,site_09,40.47,176.95,0.241,none
2026-09-11T09:00:00,site_09,39.01,167.57,0.131,none
2026-09-11T10:00:00,site_09,40.33,181.08,0.252,none
2026-09-11T11:00:00,site_09,35.8,189.97,0.2,none
2026-09-11T12:00:00,site_09,41.72,154.36,0.261,none
2026-09-11T13:00:00,site_09,38.14,171.48,0.103,none
2026-09-11T14:00:00,site_09,39.29,160.38,0.227,none
2026-09-11T15:00:00,site_09,40.66,175.67,0.21,none
2026-09-11T16:00:00,site_09,37.49,170.47,0.173,none
2026-09-11T17:00:00,site_09,40.77,183.41,0.112,none
2026-09-11T18:00:00,site_09,40.75,218.55,0.169,none
2026-09-11T19:00:00,site_09,49.23,183.17,0.185,none
2026-09-11T20:00:00,site_09,45.32,162.87,0.21,none
2026-09-11T21:00:00,site_09,40.17,158.9,0.255,none
2026-09-11T22:00:00,site_09,161.87,199.05,0.163,latency_spike
2026-09-11T23:00:00,site_09,42.16,147.31,0.223,none
2026-09-12T00:00:00,site_09,39.75,178.62,0.108,none
2026-09-12T01:00:00,site_09,36.65,175.97,0.196,none
2026-09-12T02:00:00,site_09,38.28,202.03,0.236,none
2026-09-12T03:00:00,site_09,37.41,158.6,0.202,none
2026-09-12T04:00:00,site_09,44.34,170.06,0.143,none
2026-09-12T05:00:00,site_09,38.68,180.39,0.238,none
2026-09-12T06:00:00,site_09,41.1,183.33,0.104,none
2026-09-12T07:00:00,site_09,41.22,193.65,0.219,none
2026-09-12T08:00:00,site_09,43.84,175.87,0.201,none
2026-09-12T09:00:00,site_09,42.12,174.61,0.271,none
2026-09-12T10:00:00,site_09,43.36,203.38,0.111,none
2026-09-12T11:00:00,site_09,39.77,180.88,0.178,none
2026-09-12T12:00:00,site_09,44.19,212.57,0.252,none
2026-09-12T13:00:00,site_09,41.42,167.61,0.192,none
2026-09-12T14:00:00,site_09,39.68,173.43,0.244,none
2026-09-12T15:00:00,site_09,38.2,176.33,0.163,none
2026-09-12T16:00:00,site_09,44.05,168.2,0.243,none
2026-09-12T17:00:00,site_09,47.72,185.04,0.183,none
2026-09-12T18:00:00,site_09,39.73,153.33,0.176,none
2026-09-12T19:00:00,site_09,35.96,179.16,0.085,none
2026-09-12T20:00:00,site_09,41.47,181.71,0.168,none
2026-09-12T21:00:00,site_09,38.39,180.42,0.191,none
2026-09-12T22:00:00,site_09,41.54,184.18,0.18,none
2026-09-12T23:00:00,site_09,40.32,176.07,0.167,none
2026-09-13T00:00:00,site_09,42.8,169.96,0.16,none
2026-09-13T01:00:00,site_09,37.78,153.99,0.165,none
2026-09-13T02:00:00,site_09,41.33,203.67,0.226,none
2026-09-13T03:00:00,site_09,46.39,178.8,0.191,none
2026-09-13T04:00:00,site_09,45.37,180.29,0.156,none
2026-09-13T05:00:00,site_09,38.29,188.26,0.209,none
2026-09-13T06:00:00,site_09,42.44,157.94,0.196,none
2026-09-13T07:00:00,site_09,49.33,182.59,0.158,none
2026-09-13T08:00:00,site_09,44.65,175.01,0.149,none
2026-09-13T09:00:00,site_09,42.69,189.77,0.189,none
2026-09-13T10:00:00,site_09,41.43,185.3,0.209,none
2026-09-13T11:00:00,site_09,40.91,168.01,0.181,none
2026-09-13T12:00:00,site_09,35.38,153.55,0.234,none
2026-09-13T13:00:00,site_09,36.94,181.76,0.168,none
2026-09-13T14:00:00,site_09,41.66,160.86,0.133,none
2026-09-13T15:00:00,site_09,40.3,163.37,0.228,none
2026-09-13T16:00:00,site_09,39.47,184.5,0.182,none
2026-09-13T17:00:00,site_09,37.94,159.3,0.173,none
2026-09-13T18:00:00,site_09,37.02,159.44,0.197,none
2026-09-13T19:00:00,site_09,36.38,194.74,0.157,none
2026-09-13T20:00:00,site_09,40.82,184.68,0.178,none
2026-09-13T21:00:00,site_09,41.83,163.21,0.182,none
2026-09-13T22:00:00,site_09,35.37,179.45,0.132,none
2026-09-13T23:00:00,site_09,40.68,191.41,0.242,none
2026-09-14T00:00:00,site_09,43.32,175.0,0.329,none
2026-09-14T01:00:00,site_09,39.16,193.78,0.226,none
2026-09-14T02:00:00,site_09,42.76,149.0,0.268,none
2026-09-14T03:00:00,site_09,44.48,149.75,0.201,none
2026-09-14T04:00:00,site_09,42.46,185.01,0.207,none
2026-09-14T05:00:00,site_09,40.57,177.55,0.213,none
2026-09-14T06:00:00,site_09,41.19,161.11,0.194,none
2026-09-14T07:00:00,site_09,45.68,135.64,0.191,none
2026-09-14T08:00:00,site_09,40.19,173.36,0.175,none
2026-09-14T09:00:00,site_09,37.29,198.09,0.185,none
2026-09-14T10:00:00,site_09,44.11,157.08,0.16,none
2026-09-14T11:00:00,site_09,47.17,169.98,0.08,none
2026-09-14T12:00:00,site_09,42.11,192.02,0.302,none
2026-09-14T13:00:00,site_09,41.3,166.89,0.269,none
2026-09-14T14:00:00,site_09,38.76,174.0,0.126,none
2026-09-14T15:00:00,site_09,40.04,191.22,0.169,none
2026-09-14T16:00:00,site_09,35.93,183.4,0.192,none
2026-09-14T17:00:00,site_09,39.34,186.08,0.258,none
2026-09-14T18:00:00,site_09,41.01,194.63,0.149,none
2026-09-14T19:00:00,site_09,40.62,160.59,0.197,none
2026-09-14T20:00:00,site_09,42.4,162.45,0.189,none
2026-09-14T21:00:00,site_09,46.97,199.46,0.129,none
2026-09-14T22:00:00,site_09,39.29,184.52,0.15,none
2026-09-14T23:00:00,site_09,39.71,191.1,0.203,none
2026-09-01T00:00:00,site_10,46.51,253.09,0.366,none
2026-09-01T01:00:00,site_10,47.46,253.39,0.268,none
2026-09-01T02:00:00,site_10,47.96,244.26,0.271,none
2026-09-01T03:00:00,site_10,47.66,260.61,0.268,none
2026-09-01T04:00:00,site_10,49.1,253.65,0.229,none
2026-09-01T05:00:00,site_10,43.14,267.53,0.276,none
2026-09-01T06:00:00,site_10,47.87,245.75,0.251,none
2026-09-01T07:00:00,site_10,46.95,244.57,0.186,none
2026-09-01T08:00:00,site_10,46.6,240.87,0.222,none
2026-09-01T09:00:00,site_10,43.44,253.86,0.25,none
2026-09-01T10:00:00,site_10,44.02,242.54,0.279,none
2026-09-01T11:00:00,site_10,48.93,240.06,0.274,none
2026-09-01T12:00:00,site_10,42.35,251.75,0.231,none
2026-09-01T13:00:00,site_10,48.12,243.67,0.218,none
2026-09-01T14:00:00,site_10,50.09,222.86,0.205,none
2026-09-01T15:00:00,site_10,46.48,274.36,0.31,none
2026-09-01T16:00:00,site_10,44.27,259.22,0.215,none
2026-09-01T17:00:00,site_10,48.6,239.47,0.319,none
2026-09-01T18:00:00,site_10,46.68,260.1,0.257,none
2026-09-01T19:00:00,site_10,42.81,251.84,0.281,none
2026-09-01T20:00:00,site_10,41.95,247.63,0.343,none
2026-09-01T21:00:00,site_10,46.82,239.35,0.232,none
2026-09-01T22:00:00,site_10,45.45,237.01,0.285,none
2026-09-01T23:00:00,site_10,45.89,245.06,0.276,none
2026-09-02T00:00:00,site_10,44.15,253.13,0.332,none
2026-09-02T01:00:00,site_10,45.5,250.0,0.176,none
2026-09-02T02:00:00,site_10,46.13,237.85,0.241,none
2026-09-02T03:00:00,site_10,50.31,268.23,0.232,none
2026-09-02T04:00:00,site_10,45.86,263.99,0.286,none
2026-09-02T05:00:00,site_10,48.94,242.9,0.347,none
2026-09-02T06:00:00,site_10,44.77,248.4,0.34,none
2026-09-02T07:00:00,site_10,50.18,242.47,0.24,none
2026-09-02T08:00:00,site_10,44.71,264.19,0.296,none
2026-09-02T09:00:00,site_10,47.12,243.62,0.296,none
2026-09-02T10:00:00,site_10,46.22,259.85,0.28,none
2026-09-02T11:00:00,site_10,46.84,238.99,0.296,none
2026-09-02T12:00:00,site_10,44.62,267.06,0.284,none
2026-09-02T13:00:00,site_10,51.35,224.31,0.342,none
2026-09-02T14:00:00,site_10,47.97,243.03,0.233,none
2026-09-02T15:00:00,site_10,52.9,248.53,0.296,none
2026-09-02T16:00:00,site_10,52.52,220.15,0.298,none
2026-09-02T17:00:00,site_10,40.27,246.44,0.371,none
2026-09-02T18:00:00,site_10,49.71,269.83,0.278,none
2026-09-02T19:00:00,site_10,42.18,241.1,0.324,none
2026-09-02T20:00:00,site_10,48.44,253.84,0.388,none
2026-09-02T21:00:00,site_10,52.15,253.85,0.363,none
2026-09-02T22:00:00,site_10,47.89,245.94,0.286,none
2026-09-02T23:00:00,site_10,48.47,270.15,0.245,none
2026-09-03T00:00:00,site_10,47.38,251.27,0.269,none
2026-09-03T01:00:00,site_10,50.93,246.4,0.35,none
2026-09-03T02:00:00,site_10,49.28,260.21,0.238,none
2026-09-03T03:00:00,site_10,53.12,255.62,0.324,none
2026-09-03T04:00:00,site_10,48.25,254.64,0.306,none
2026-09-03T05:00:00,site_10,43.28,255.56,0.27,none
2026-09-03T06:00:00,site_10,51.22,240.85,0.209,none
2026-09-03T07:00:00,site_10,172.29,11.15,10.324,link_down
2026-09-03T08:00:00,site_10,46.01,231.08,0.219,none
2026-09-03T09:00:00,site_10,43.52,256.45,0.256,none
2026-09-03T10:00:00,site_10,47.8,257.65,0.304,none
2026-09-03T11:00:00,site_10,47.89,255.39,0.157,none
2026-09-03T12:00:00,site_10,47.78,260.31,0.214,none
2026-09-03T13:00:00,site_10,44.06,263.02,0.209,none
2026-09-03T14:00:00,site_10,48.94,242.41,0.232,none
2026-09-03T15:00:00,site_10,50.18,262.68,0.321,none
2026-09-03T16:00:00,site_10,46.72,242.13,0.287,none
2026-09-03T17:00:00,site_10,46.03,260.85,0.338,none
2026-09-03T18:00:00,site_10,52.72,241.26,0.187,none
2026-09-03T19:00:00,site_10,45.02,247.74,0.19,none
2026-09-03T20:00:00,site_10,42.83,245.33,0.259,none
2026-09-03T21:00:00,site_10,51.05,262.0,0.198,none
2026-09-03T22:00:00,site_10,47.67,250.38,0.278,none
2026-09-03T23:00:00,site_10,45.26,249.11,0.338,none
2026-09-04T00:00:00,site_10,44.24,250.92,0.222,none
2026-09-04T01:00:00,site_10,46.3,273.58,0.277,none
2026-09-04T02:00:00,site_10,40.94,258.42,0.283,none
2026-09-04T03:00:00,site_10,47.87,254.4,0.226,none
2026-09-04T04:00:00,site_10,101.85,99.37,0.235,congestion
2026-09-04T05:00:00,site_10,49.9,233.45,0.308,none
2026-09-04T06:00:00,site_10,48.06,243.38,0.25,none
2026-09-04T07:00:00,site_10,43.11,259.13,0.365,none
2026-09-04T08:00:00,site_10,43.34,232.62,0.241,none
2026-09-04T09:00:00,site_10,48.01,232.77,0.235,none
2026-09-04T10:00:00,site_10,46.79,281.62,0.232,none
2026-09-04T11:00:00,site_10,43.93,261.38,0.277,none
2026-09-04T12:00:00,site_10,46.24,239.97,0.294,none
2026-09-04T13:00:00,site_10,48.99,250.45,0.246,none
2026-09-04T14:00:00,site_10,49.53,262.04,0.255,none
2026-09-04T15:00:00,site_10,47.4,263.47,0.294,none
2026-09-04T16:00:00,site_10,46.86,237.52,0.271,none
2026-09-04T17:00:00,site_10,45.81,258.44,0.225,none
2026-09-04T18:00:00,site_10,48.27,233.82,0.268,none
2026-09-04T19:00:00,site_10,43.56,235.78,0.275,none
2026-09-04T20:00:00,site_10,45.32,259.28,0.292,none
2026-09-04T21:00:00,site_10,47.82,245.13,0.261,none
2026-09-04T22:00:00,site_10,47.26,265.33,0.282,none
2026-09-04T23:00:00,site_10,50.05,260.55,0.276,none
2026-09-05T00:00:00,site_10,45.87,229.79,0.265,none
2026-09-05T01:00:00,site_10,52.48,259.77,0.236,none
2026-09-05T02:00:00,site_10,46.71,264.02,0.268,none
2026-09-05T03:00:00,site_10,46.79,262.6,0.199,none
2026-09-05T04:00:00,site_10,44.0,263.75,0.265,none
2026-09-05T05:00:00,site_10,45.74,248.23,0.292,none
2026-09-05T06:00:00,site_10,50.51,272.97,0.295,none
2026-09-05T07:00:00,site_10,47.61,268.01,0.3,none
2026-09-05T08:00:00,site_10,47.88,259.4,0.277,none
2026-09-05T09:00:00,site_10,49.93,251.5,0.132,none
2026-09-05T10:00:00,site_10,46.44,239.5,0.223,none
2026-09-05T11:00:00,site_10,45.64,240.79,0.245,none
2026-09-05T12:00:00,site_10,53.42,264.16,0.335,none
2026-09-05T13:00:00,site_10,47.65,258.24,0.246,none
2026-09-05T14:00:00,site_10,49.9,268.2,0.282,none
2026-09-05T15:00:00,site_10,46.45,230.23,0.283,none
2026-09-05T16:00:00,site_10,46.52,255.47,0.3,none
2026-09-05T17:00:00,site_10,43.73,248.05,0.299,none
2026-09-05T18:00:00,site_10,46.52,260.11,0.323,none
2026-09-05T19:00:00,site_10,50.78,269.88,0.348,none
2026-09-05T20:00:00,site_10,54.41,242.62,0.385,none
2026-09-05T21:00:00,site_10,51.35,247.05,0.321,none
2026-09-05T22:00:00,site_10,44.07,249.4,0.172,none
2026-09-05T23:00:00,site_10,50.29,249.17,0.238,none
2026-09-06T00:00:00,site_10,56.1,277.61,0.207,none
2026-09-06T01:00:00,site_10,49.73,246.78,0.288,none
2026-09-06T02:00:00,site_10,43.29,236.38,0.287,none
2026-09-06T03:00:00,site_10,45.21,239.93,0.274,none
2026-09-06T04:00:00,site_10,47.1,276.19,0.244,none
2026-09-06T05:00:00,site_10,46.27,260.67,0.24,none
2026-09-06T06:00:00,site_10,42.26,277.58,0.283,none
2026-09-06T07:00:00,site_10,51.34,264.71,0.242,none
2026-09-06T08:00:00,site_10,52.94,238.54,0.385,none
2026-09-06T09:00:00,site_10,46.03,238.45,0.268,none
2026-09-06T10:00:00,site_10,46.09,247.9,0.225,none
2026-09-06T11:00:00,site_10,46.68,242.31,0.262,none
2026-09-06T12:00:00,site_10,47.55,241.33,0.285,none
2026-09-06T13:00:00,site_10,43.91,247.52,0.308,none
2026-09-06T14:00:00,site_10,46.64,262.0,0.23,none
2026-09-06T15:00:00,site_10,46.58,274.31,0.287,none
2026-09-06T16:00:00,site_10,51.97,247.54,0.39,none
2026-09-06T17:00:00,site_10,44.3,249.35,0.266,none
2026-09-06T18:00:00,site_10,55.14,256.63,0.302,none
2026-09-06T19:00:00,site_10,45.6,267.23,0.195,none
2026-09-06T20:00:00,site_10,43.49,248.14,0.346,none
2026-09-06T21:00:00,site_10,48.58,252.26,0.344,none
2026-09-06T22:00:00,site_10,49.54,248.86,0.325,none
2026-09-06T23:00:00,site_10,47.41,250.31,0.229,none
2026-09-07T00:00:00,site_10,45.59,253.8,0.241,none
2026-09-07T01:00:00,site_10,41.68,246.29,0.33,none
2026-09-07T02:00:00,site_10,47.07,255.5,0.237,none
2026-09-07T03:00:00,site_10,53.54,254.32,0.408,none
2026-09-07T04:00:00,site_10,43.58,241.2,0.268,none
2026-09-07T05:00:00,site_10,46.49,238.95,0.234,none
2026-09-07T06:00:00,site_10,50.33,244.57,0.185,none
2026-09-07T07:00:00,site_10,52.5,262.18,0.282,none
2026-09-07T08:00:00,site_10,53.21,251.31,0.278,none
2026-09-07T09:00:00,site_10,46.48,229.55,0.204,none
2026-09-07T10:00:00,site_10,50.59,228.43,0.376,none
2026-09-07T11:00:00,site_10,52.55,246.37,0.2,none
2026-09-07T12:00:00,site_10,51.54,238.26,0.262,none
2026-09-07T13:00:00,site_10,46.97,253.46,0.261,none
2026-09-07T14:00:00,site_10,45.59,262.4,0.268,none
2026-09-07T15:00:00,site_10,44.54,242.7,0.349,none
2026-09-07T16:00:00,site_10,49.5,252.55,0.291,none
2026-09-07T17:00:00,site_10,46.28,251.76,0.253,none
2026-09-07T18:00:00,site_10,48.71,284.44,0.293,none
2026-09-07T19:00:00,site_10,50.82,248.79,0.379,none
2026-09-07T20:00:00,site_10,45.82,262.68,0.249,none
2026-09-07T21:00:00,site_10,49.36,268.54,0.324,none
2026-09-07T22:00:00,site_10,54.78,246.37,0.198,none
2026-09-07T23:00:00,site_10,51.76,250.7,0.287,none
2026-09-08T00:00:00,site_10,45.98,240.04,0.302,none
2026-09-08T01:00:00,site_10,48.64,256.94,0.257,none
2026-09-08T02:00:00,site_10,42.7,297.25,0.353,none
2026-09-08T03:00:00,site_10,45.31,251.99,0.238,none
2026-09-08T04:00:00,site_10,45.57,271.74,0.321,none
2026-09-08T05:00:00,site_10,46.39,263.08,0.25,none
2026-09-08T06:00:00,site_10,48.54,257.71,0.291,none
2026-09-08T07:00:00,site_10,45.68,234.84,0.201,none
2026-09-08T08:00:00,site_10,49.78,231.14,0.292,none
2026-09-08T09:00:00,site_10,41.82,247.79,0.361,none
2026-09-08T10:00:00,site_10,41.72,261.72,0.241,none
2026-09-08T11:00:00,site_10,45.26,251.05,0.252,none
2026-09-08T12:00:00,site_10,45.63,248.49,0.22,none
2026-09-08T13:00:00,site_10,47.86,227.6,0.328,none
2026-09-08T14:00:00,site_10,47.82,263.32,0.295,none
2026-09-08T15:00:00,site_10,46.45,267.36,0.285,none
2026-09-08T16:00:00,site_10,48.54,270.46,0.315,none
2026-09-08T17:00:00,site_10,45.41,251.1,0.241,none
2026-09-08T18:00:00,site_10,40.95,228.61,0.378,none
2026-09-08T19:00:00,site_10,53.04,257.89,0.276,none
2026-09-08T20:00:00,site_10,47.35,280.23,0.357,none
2026-09-08T21:00:00,site_10,43.89,237.49,0.236,none
2026-09-08T22:00:00,site_10,52.23,254.79,0.264,none
2026-09-08T23:00:00,site_10,44.4,252.62,0.302,none
2026-09-09T00:00:00,site_10,45.43,241.14,0.35,none
2026-09-09T01:00:00,site_10,190.71,12.39,10.249,link_down
2026-09-09T02:00:00,site_10,47.04,258.05,0.258,none
2026-09-09T03:00:00,site_10,46.78,247.08,0.257,none
2026-09-09T04:00:00,site_10,42.02,275.46,0.286,none
2026-09-09T05:00:00,site_10,49.51,241.23,0.233,none
2026-09-09T06:00:00,site_10,46.59,262.34,0.25,none
2026-09-09T07:00:00,site_10,40.23,246.06,0.337,none
2026-09-09T08:00:00,site_10,44.85,241.99,0.127,none
2026-09-09T09:00:00,site_10,50.5,243.11,0.256,none
2026-09-09T10:00:00,site_10,42.44,269.7,0.31,none
2026-09-09T11:00:00,site_10,45.44,251.41,0.219,none
2026-09-09T12:00:00,site_10,46.86,260.44,0.308,none
2026-09-09T13:00:00,site_10,42.67,252.72,0.265,none
2026-09-09T14:00:00,site_10,46.7,241.94,0.128,none
2026-09-09T15:00:00,site_10,48.32,229.58,0.302,none
2026-09-09T16:00:00,site_10,46.08,240.32,0.306,none
2026-09-09T17:00:00,site_10,44.04,268.82,0.27,none
2026-09-09T18:00:00,site_10,49.41,241.83,0.255,none
2026-09-09T19:00:00,site_10,42.71,255.16,0.241,none
2026-09-09T20:00:00,site_10,48.97,258.07,0.198,none
2026-09-09T21:00:00,site_10,50.22,234.19,0.277,none
2026-09-09T22:00:00,site_10,42.71,269.68,0.297,none
2026-09-09T23:00:00,site_10,44.61,235.58,0.289,none
2026-09-10T00:00:00,site_10,51.97,249.08,0.282,none
2026-09-10T01:00:00,site_10,46.25,254.5,0.26,none
2026-09-10T02:00:00,site_10,48.31,274.57,0.286,none
2026-09-10T03:00:00,site_10,49.2,268.11,0.248,none
2026-09-10T04:00:00,site_10,186.9,13.0,10.318,link_down
2026-09-10T05:00:00,site_10,49.96,243.4,0.323,none
2026-09-10T06:00:00,site_10,49.37,253.86,0.314,none
2026-09-10T07:00:00,site_10,47.93,256.36,0.212,none
2026-09-10T08:00:00,site_10,43.59,245.43,0.281,none
2026-09-10T09:00:00,site_10,47.58,252.85,0.238,none
2026-09-10T10:00:00,site_10,45.04,286.17,0.273,none
2026-09-10T11:00:00,site_10,53.84,234.28,0.23,none
2026-09-10T12:00:00,site_10,46.11,231.39,0.321,none
2026-09-10T13:00:00,site_10,49.29,265.88,0.292,none
2026-09-10T14:00:00,site_10,42.16,239.58,0.266,none
2026-09-10T15:00:00,site_10,52.73,271.18,0.239,none
2026-09-10T16:00:00,site_10,44.85,240.1,0.353,none
2026-09-10T17:00:00,site_10,47.0,263.46,0.196,none
2026-09-10T18:00:00,site_10,44.04,247.43,0.249,none
2026-09-10T19:00:00,site_10,48.01,255.17,0.268,none
2026-09-10T20:00:00,site_10,44.73,262.07,0.268,none
2026-09-10T21:00:00,site_10,44.95,248.23,0.372,none
2026-09-10T22:00:00,site_10,43.9,265.63,0.255,none
2026-09-10T23:00:00,site_10,45.52,271.06,0.249,none
2026-09-11T00:00:00,site_10,44.19,247.45,0.349,none
2026-09-11T01:00:00,site_10,54.15,247.81,0.292,none
2026-09-11T02:00:00,site_10,42.79,227.28,0.239,none
2026-09-11T03:00:00,site_10,42.5,260.8,0.305,none
2026-09-11T04:00:00,site_10,50.47,257.31,0.347,none
2026-09-11T05:00:00,site_10,45.95,234.68,0.25,none
2026-09-11T06:00:00,site_10,47.86,219.82,0.268,none
2026-09-11T07:00:00,site_10,48.98,276.25,0.288,none
2026-09-11T08:00:00,site_10,41.88,262.15,0.235,none
2026-09-11T09:00:00,site_10,51.53,228.69,0.306,none
2026-09-11T10:00:00,site_10,50.39,220.4,0.236,none
2026-09-11T11:00:00,site_10,48.9,258.05,0.144,none
2026-09-11T12:00:00,site_10,49.74,254.07,0.286,none
2026-09-11T13:00:00,site_10,44.16,251.59,0.281,none
2026-09-11T14:00:00,site_10,49.42,253.14,0.334,none
2026-09-11T15:00:00,site_10,43.0,259.0,0.285,none
2026-09-11T16:00:00,site_10,43.54,278.71,0.314,none
2026-09-11T17:00:00,site_10,50.27,247.53,0.232,none
2026-09-11T18:00:00,site_10,44.03,285.77,0.248,none
2026-09-11T19:00:00,site_10,46.78,275.56,0.242,none
2026-09-11T20:00:00,site_10,49.75,261.78,0.334,none
2026-09-11T21:00:00,site_10,47.59,270.57,0.243,none
2026-09-11T22:00:00,site_10,46.68,254.94,0.283,none
2026-09-11T23:00:00,site_10,46.55,254.02,0.274,none
2026-09-12T00:00:00,site_10,50.36,256.2,0.241,none
2026-09-12T01:00:00,site_10,53.25,236.7,0.284,none
2026-09-12T02:00:00,site_10,46.4,236.81,0.24,none
2026-09-12T03:00:00,site_10,45.2,271.76,0.278,none
2026-09-12T04:00:00,site_10,47.65,261.87,0.262,none
2026-09-12T05:00:00,site_10,43.52,269.42,0.278,none
2026-09-12T06:00:00,site_10,45.25,233.43,0.195,none
2026-09-12T07:00:00,site_10,49.1,237.43,0.201,none
2026-09-12T08:00:00,site_10,46.18,246.66,0.272,none
2026-09-12T09:00:00,site_10,51.08,281.93,0.198,none
2026-09-12T10:00:00,site_10,49.43,245.04,0.322,none
2026-09-12T11:00:00,site_10,52.07,267.49,0.332,none
2026-09-12T12:00:00,site_10,47.04,247.27,0.203,none
2026-09-12T13:00:00,site_10,49.57,246.67,0.344,none
2026-09-12T14:00:00,site_10,41.82,266.96,0.215,none
2026-09-12T15:00:00,site_10,47.95,257.63,0.321,none
2026-09-12T16:00:00,site_10,48.98,239.99,0.293,none
2026-09-12T17:00:00,site_10,52.02,230.81,0.261,none
2026-09-12T18:00:00,site_10,45.14,252.05,0.252,none
2026-09-12T19:00:00,site_10,48.01,244.9,0.272,none
2026-09-12T20:00:00,site_10,50.06,234.77,0.245,none
2026-09-12T21:00:00,site_10,48.39,236.09,0.316,none
2026-09-12T22:00:00,site_10,51.24,259.79,0.222,none
2026-09-12T23:00:00,site_10,45.69,254.25,0.269,none
2026-09-13T00:00:00,site_10,43.15,260.08,0.293,none
2026-09-13T01:00:00,site_10,48.15,242.56,0.288,none
2026-09-13T02:00:00,site_10,46.55,289.93,0.337,none
2026-09-13T03:00:00,site_10,45.76,208.94,0.332,none
2026-09-13T04:00:00,site_10,45.7,230.37,0.221,none
2026-09-13T05:00:00,site_10,47.07,262.22,0.283,none
2026-09-13T06:00:00,site_10,48.44,264.28,0.174,none
2026-09-13T07:00:00,site_10,92.48,107.22,0.373,congestion
2026-09-13T08:00:00,site_10,41.47,264.8,0.251,none
2026-09-13T09:00:00,site_10,45.11,283.43,0.316,none
2026-09-13T10:00:00,site_10,48.03,263.42,0.267,none
2026-09-13T11:00:00,site_10,49.78,260.79,0.278,none
2026-09-13T12:00:00,site_10,47.1,254.49,0.185,none
2026-09-13T13:00:00,site_10,47.04,232.4,0.262,none
2026-09-13T14:00:00,site_10,53.12,255.15,0.331,none
2026-09-13T15:00:00,site_10,41.71,261.93,0.246,none
2026-09-13T16:00:00,site_10,44.17,252.94,0.332,none
2026-09-13T17:00:00,site_10,52.09,277.77,0.176,none
2026-09-13T18:00:00,site_10,41.91,261.33,0.244,none
2026-09-13T19:00:00,site_10,46.68,257.59,0.204,none
2026-09-13T20:00:00,site_10,47.34,269.83,0.277,none
2026-09-13T21:00:00,site_10,40.89,266.14,0.242,none
2026-09-13T22:00:00,site_10,42.19,230.26,0.231,none
2026-09-13T23:00:00,site_10,43.71,254.63,0.266,none
2026-09-14T00:00:00,site_10,42.22,254.27,0.287,none
2026-09-14T01:00:00,site_10,47.62,263.39,0.284,none
2026-09-14T02:00:00,site_10,40.8,239.21,0.353,none
2026-09-14T03:00:00,site_10,48.95,270.35,0.183,none
2026-09-14T04:00:00,site_10,50.53,241.97,0.41,none
2026-09-14T05:00:00,site_10,40.75,257.57,0.243,none
2026-09-14T06:00:00,site_10,48.98,242.88,0.354,none
2026-09-14T07:00:00,site_10,44.85,249.57,0.305,none
2026-09-14T08:00:00,site_10,46.33,252.4,0.225,none
2026-09-14T09:00:00,site_10,48.05,222.01,0.229,none
2026-09-14T10:00:00,site_10,42.49,225.27,0.196,none
2026-09-14T11:00:00,site_10,46.67,247.97,0.213,none
2026-09-14T12:00:00,site_10,48.46,251.07,0.32,none
2026-09-14T13:00:00,site_10,46.58,224.06,0.241,none
2026-09-14T14:00:00,site_10,45.0,236.03,0.282,none
2026-09-14T15:00:00,site_10,45.87,251.81,0.213,none
2026-09-14T16:00:00,site_10,49.96,263.93,0.347,none
2026-09-14T17:00:00,site_10,46.43,277.5,0.31,none
2026-09-14T18:00:00,site_10,48.7,243.12,0.324,none
2026-09-14T19:00:00,site_10,42.11,255.88,0.289,none
2026-09-14T20:00:00,site_10,49.06,274.29,0.299,none
2026-09-14T21:00:00,site_10,50.78,285.49,0.325,none
2026-09-14T22:00:00,site_10,48.63,255.69,0.28,none
2026-09-14T23:00:00,site_10,45.09,269.17,0.272,none
2026-09-01T00:00:00,site_11,36.27,281.54,0.304,none
2026-09-01T01:00:00,site_11,40.75,300.43,0.229,none
2026-09-01T02:00:00,site_11,34.26,298.83,0.222,none
2026-09-01T03:00:00,site_11,36.38,290.26,0.218,none
2026-09-01T04:00:00,site_11,39.81,284.14,0.214,none
2026-09-01T05:00:00,site_11,33.51,287.96,0.221,none
2026-09-01T06:00:00,site_11,36.96,281.02,0.295,none
2026-09-01T07:00:00,site_11,33.29,315.24,0.247,none
2026-09-01T08:00:00,site_11,37.07,296.49,0.258,none
2026-09-01T09:00:00,site_11,34.98,266.49,0.257,none
2026-09-01T10:00:00,site_11,38.33,304.1,0.213,none
2026-09-01T11:00:00,site_11,36.61,299.33,0.223,none
2026-09-01T12:00:00,site_11,33.86,292.03,0.168,none
2026-09-01T13:00:00,site_11,34.25,289.82,0.204,none
2026-09-01T14:00:00,site_11,32.24,263.23,0.253,none
2026-09-01T15:00:00,site_11,38.56,320.25,0.222,none
2026-09-01T16:00:00,site_11,35.92,320.86,0.208,none
2026-09-01T17:00:00,site_11,35.76,322.49,0.257,none
2026-09-01T18:00:00,site_11,36.98,311.44,0.226,none
2026-09-01T19:00:00,site_11,34.44,311.91,0.268,none
2026-09-01T20:00:00,site_11,34.72,312.15,0.238,none
2026-09-01T21:00:00,site_11,31.09,306.71,0.245,none
2026-09-01T22:00:00,site_11,37.08,290.74,0.201,none
2026-09-01T23:00:00,site_11,34.6,329.58,0.276,none
2026-09-02T00:00:00,site_11,42.11,290.38,0.232,none
2026-09-02T01:00:00,site_11,30.09,293.32,0.202,none
2026-09-02T02:00:00,site_11,37.11,295.72,0.224,none
2026-09-02T03:00:00,site_11,36.9,297.5,0.238,none
2026-09-02T04:00:00,site_11,36.51,289.16,0.135,none
2026-09-02T05:00:00,site_11,34.6,295.25,0.203,none
2026-09-02T06:00:00,site_11,34.29,283.16,0.261,none
2026-09-02T07:00:00,site_11,32.67,300.53,0.135,none
2026-09-02T08:00:00,site_11,34.23,313.9,0.191,none
2026-09-02T09:00:00,site_11,36.1,297.43,0.191,none
2026-09-02T10:00:00,site_11,35.2,298.58,0.21,none
2026-09-02T11:00:00,site_11,39.7,321.83,0.192,none
2026-09-02T12:00:00,site_11,37.65,311.49,0.226,none
2026-09-02T13:00:00,site_11,38.8,311.19,0.309,none
2026-09-02T14:00:00,site_11,35.68,259.98,0.15,none
2026-09-02T15:00:00,site_11,130.77,15.45,10.165,link_down
2026-09-02T16:00:00,site_11,34.61,314.95,0.2,none
2026-09-02T17:00:00,site_11,36.58,310.42,0.273,none
2026-09-02T18:00:00,site_11,30.91,293.4,0.229,none
2026-09-02T19:00:00,site_11,33.78,313.99,0.231,none
2026-09-02T20:00:00,site_11,34.62,325.8,0.264,none
2026-09-02T21:00:00,site_11,32.87,286.54,0.196,none
2026-09-02T22:00:00,site_11,35.47,289.53,0.212,none
2026-09-02T23:00:00,site_11,35.46,313.57,0.155,none
2026-09-03T00:00:00,site_11,40.14,294.13,0.204,none
2026-09-03T01:00:00,site_11,33.04,296.53,0.178,none
2026-09-03T02:00:00,site_11,35.54,277.92,0.23,none
2026-09-03T03:00:00,site_11,41.56,298.28,0.281,none
2026-09-03T04:00:00,site_11,34.85,268.0,0.312,none
2026-09-03T05:00:00,site_11,40.14,304.93,0.182,none
2026-09-03T06:00:00,site_11,42.4,319.91,0.205,none
2026-09-03T07:00:00,site_11,36.3,294.39,0.29,none
2026-09-03T08:00:00,site_11,30.92,303.75,0.221,none
2026-09-03T09:00:00,site_11,36.74,314.86,0.279,none
2026-09-03T10:00:00,site_11,35.82,290.15,0.146,none
2026-09-03T11:00:00,site_11,41.53,271.19,0.229,none
2026-09-03T12:00:00,site_11,36.86,282.43,0.159,none
2026-09-03T13:00:00,site_11,39.99,282.13,0.205,none
2026-09-03T14:00:00,site_11,33.79,302.01,0.284,none
2026-09-03T15:00:00,site_11,32.0,286.17,0.245,none
2026-09-03T16:00:00,site_11,33.71,289.47,0.251,none
2026-09-03T17:00:00,site_11,38.04,284.18,0.204,none
2026-09-03T18:00:00,site_11,39.78,293.3,0.229,none
2026-09-03T19:00:00,site_11,41.59,299.19,0.284,none
2026-09-03T20:00:00,site_11,36.25,274.37,0.123,none
2026-09-03T21:00:00,site_11,36.23,299.97,0.168,none
2026-09-03T22:00:00,site_11,39.18,322.98,0.199,none
2026-09-03T23:00:00,site_11,36.57,295.07,0.323,none
2026-09-04T00:00:00,site_11,39.72,302.6,0.23,none
2026-09-04T01:00:00,site_11,36.87,295.43,0.299,none
2026-09-04T02:00:00,site_11,39.6,238.56,0.252,none
2026-09-04T03:00:00,site_11,35.89,306.02,0.243,none
2026-09-04T04:00:00,site_11,35.19,319.35,0.269,none
2026-09-04T05:00:00,site_11,37.48,314.23,0.281,none
2026-09-04T06:00:00,site_11,38.97,299.48,0.326,none
2026-09-04T07:00:00,site_11,34.12,331.83,0.125,none
2026-09-04T08:00:00,site_11,33.91,325.11,0.243,none
2026-09-04T09:00:00,site_11,35.2,286.17,0.215,none
2026-09-04T10:00:00,site_11,33.74,300.93,0.25,none
2026-09-04T11:00:00,site_11,31.02,301.54,0.257,none
2026-09-04T12:00:00,site_11,37.65,320.46,0.28,none
2026-09-04T13:00:00,site_11,45.3,270.5,0.12,none
2026-09-04T14:00:00,site_11,37.51,295.74,0.266,none
2026-09-04T15:00:00,site_11,33.91,288.73,0.22,none
2026-09-04T16:00:00,site_11,34.54,292.54,0.259,none
2026-09-04T17:00:00,site_11,39.35,283.08,0.174,none
2026-09-04T18:00:00,site_11,37.21,283.9,0.298,none
2026-09-04T19:00:00,site_11,34.11,319.18,0.111,none
2026-09-04T20:00:00,site_11,33.42,311.52,0.182,none
2026-09-04T21:00:00,site_11,33.57,293.67,0.322,none
2026-09-04T22:00:00,site_11,42.33,291.09,0.305,none
2026-09-04T23:00:00,site_11,35.14,288.83,0.307,none
2026-09-05T00:00:00,site_11,29.73,277.22,0.18,none
2026-09-05T01:00:00,site_11,38.41,292.37,0.203,none
2026-09-05T02:00:00,site_11,32.61,303.74,0.249,none
2026-09-05T03:00:00,site_11,37.19,298.41,0.255,none
2026-09-05T04:00:00,site_11,37.84,312.27,0.246,none
2026-09-05T05:00:00,site_11,35.67,310.24,0.234,none
2026-09-05T06:00:00,site_11,38.46,272.36,0.244,none
2026-09-05T07:00:00,site_11,34.65,299.45,0.195,none
2026-09-05T08:00:00,site_11,36.17,287.61,4.204,packet_loss
2026-09-05T09:00:00,site_11,40.2,305.57,0.215,none
2026-09-05T10:00:00,site_11,36.62,313.29,0.248,none
2026-09-05T11:00:00,site_11,38.61,310.85,0.215,none
2026-09-05T12:00:00,site_11,37.88,286.59,0.294,none
2026-09-05T13:00:00,site_11,35.82,294.52,0.189,none
2026-09-05T14:00:00,site_11,39.93,315.59,0.267,none
2026-09-05T15:00:00,site_11,31.99,299.37,0.229,none
2026-09-05T16:00:00,site_11,41.71,298.46,0.257,none
2026-09-05T17:00:00,site_11,36.16,335.74,0.183,none
2026-09-05T18:00:00,site_11,33.17,320.31,0.27,none
2026-09-05T19:00:00,site_11,33.4,317.65,0.248,none
2026-09-05T20:00:00,site_11,35.82,304.55,0.245,none
2026-09-05T21:00:00,site_11,35.56,279.11,0.255,none
2026-09-05T22:00:00,site_11,38.97,306.87,0.224,none
2026-09-05T23:00:00,site_11,38.67,317.7,0.303,none
2026-09-06T00:00:00,site_11,37.06,302.69,0.269,none
2026-09-06T01:00:00,site_11,32.62,277.38,0.225,none
2026-09-06T02:00:00,site_11,31.69,299.11,0.226,none
2026-09-06T03:00:00,site_11,42.04,303.72,0.196,none
2026-09-06T04:00:00,site_11,36.02,293.27,0.187,none
2026-09-06T05:00:00,site_11,35.46,308.94,0.256,none
2026-09-06T06:00:00,site_11,38.02,303.24,0.215,none
2026-09-06T07:00:00,site_11,34.29,286.38,0.102,none
2026-09-06T08:00:00,site_11,40.8,302.4,0.212,none
2026-09-06T09:00:00,site_11,30.14,301.11,0.294,none
2026-09-06T10:00:00,site_11,30.68,290.67,0.294,none
2026-09-06T11:00:00,site_11,31.74,332.39,0.168,none
2026-09-06T12:00:00,site_11,32.88,281.33,0.208,none
2026-09-06T13:00:00,site_11,39.87,291.08,0.18,none
2026-09-06T14:00:00,site_11,37.52,300.48,0.244,none
2026-09-06T15:00:00,site_11,36.29,294.15,0.284,none
2026-09-06T16:00:00,site_11,36.54,296.78,0.243,none
2026-09-06T17:00:00,site_11,38.29,303.49,0.209,none
2026-09-06T18:00:00,site_11,36.05,282.32,0.248,none
2026-09-06T19:00:00,site_11,38.88,309.35,0.225,none
2026-09-06T20:00:00,site_11,36.0,302.32,0.255,none
2026-09-06T21:00:00,site_11,35.72,311.83,0.197,none
2026-09-06T22:00:00,site_11,38.29,279.96,0.24,none
2026-09-06T23:00:00,site_11,34.95,274.45,0.178,none
2026-09-07T00:00:00,site_11,30.73,275.13,0.257,none
2026-09-07T01:00:00,site_11,33.91,289.45,0.157,none
2026-09-07T02:00:00,site_11,33.58,288.84,0.248,none
2026-09-07T03:00:00,site_11,33.88,267.03,0.249,none
2026-09-07T04:00:00,site_11,34.44,281.31,0.231,none
2026-09-07T05:00:00,site_11,36.29,321.45,0.266,none
2026-09-07T06:00:00,site_11,38.21,297.6,0.233,none
2026-09-07T07:00:00,site_11,33.3,297.22,0.29,none
2026-09-07T08:00:00,site_11,34.89,271.28,0.117,none
2026-09-07T09:00:00,site_11,36.92,288.11,0.248,none
2026-09-07T10:00:00,site_11,35.0,282.76,0.16,none
2026-09-07T11:00:00,site_11,31.2,312.19,0.181,none
2026-09-07T12:00:00,site_11,38.87,297.12,0.215,none
2026-09-07T13:00:00,site_11,34.75,314.93,0.324,none
2026-09-07T14:00:00,site_11,29.54,290.32,0.231,none
2026-09-07T15:00:00,site_11,30.81,270.72,0.296,none
2026-09-07T16:00:00,site_11,31.53,280.32,0.25,none
2026-09-07T17:00:00,site_11,36.72,282.19,0.143,none
2026-09-07T18:00:00,site_11,37.19,291.87,0.204,none
2026-09-07T19:00:00,site_11,37.77,314.08,0.201,none
2026-09-07T20:00:00,site_11,37.2,288.62,0.226,none
2026-09-07T21:00:00,site_11,37.19,277.05,3.109,packet_loss
2026-09-07T22:00:00,site_11,37.34,291.4,0.197,none
2026-09-07T23:00:00,site_11,37.76,289.27,0.201,none
2026-09-08T00:00:00,site_11,34.34,319.75,0.246,none
2026-09-08T01:00:00,site_11,33.2,307.96,0.2,none
2026-09-08T02:00:00,site_11,38.31,302.68,0.105,none
2026-09-08T03:00:00,site_11,36.37,291.78,0.238,none
2026-09-08T04:00:00,site_11,27.5,282.24,0.244,none
2026-09-08T05:00:00,site_11,33.47,268.03,0.218,none
2026-09-08T06:00:00,site_11,35.34,295.26,0.272,none
2026-09-08T07:00:00,site_11,35.35,310.77,0.254,none
2026-09-08T08:00:00,site_11,35.58,291.68,0.276,none
2026-09-08T09:00:00,site_11,34.65,315.34,0.178,none
2026-09-08T10:00:00,site_11,37.41,282.35,0.256,none
2026-09-08T11:00:00,site_11,36.1,289.57,0.224,none
2026-09-08T12:00:00,site_11,37.55,279.99,0.177,none
2026-09-08T13:00:00,site_11,37.03,286.76,0.31,none
2026-09-08T14:00:00,site_11,34.12,286.04,0.219,none
2026-09-08T15:00:00,site_11,39.76,311.64,0.232,none
2026-09-08T16:00:00,site_11,38.47,297.75,0.25,none
2026-09-08T17:00:00,site_11,37.46,285.19,0.196,none
2026-09-08T18:00:00,site_11,33.88,274.78,0.264,none
2026-09-08T19:00:00,site_11,31.98,293.26,0.221,none
2026-09-08T20:00:00,site_11,32.75,276.56,0.256,none
2026-09-08T21:00:00,site_11,35.3,291.98,0.224,none
2026-09-08T22:00:00,site_11,40.79,272.88,0.274,none
2026-09-08T23:00:00,site_11,40.18,266.23,0.352,none
2026-09-09T00:00:00,site_11,39.87,313.14,0.209,none
2026-09-09T01:00:00,site_11,33.48,308.68,0.209,none
2026-09-09T02:00:00,site_11,37.61,283.42,0.214,none
2026-09-09T03:00:00,site_11,34.07,289.5,0.307,none
2026-09-09T04:00:00,site_11,34.92,294.25,0.253,none
2026-09-09T05:00:00,site_11,37.28,300.71,0.141,none
2026-09-09T06:00:00,site_11,40.38,284.87,0.174,none
2026-09-09T07:00:00,site_11,31.72,317.34,0.207,none
2026-09-09T08:00:00,site_11,33.52,295.19,0.294,none
2026-09-09T09:00:00,site_11,36.81,313.26,0.203,none
2026-09-09T10:00:00,site_11,31.62,305.63,0.25,none
2026-09-09T11:00:00,site_11,35.17,275.41,0.113,none
2026-09-09T12:00:00,site_11,37.58,298.93,0.244,none
2026-09-09T13:00:00,site_11,33.61,323.02,0.263,none
2026-09-09T14:00:00,site_11,32.32,289.14,0.215,none
2026-09-09T15:00:00,site_11,35.43,279.03,0.227,none
2026-09-09T16:00:00,site_11,32.15,302.91,0.291,none
2026-09-09T17:00:00,site_11,33.61,288.94,0.147,none
2026-09-09T18:00:00,site_11,36.93,283.42,0.327,none
2026-09-09T19:00:00,site_11,30.62,270.29,0.181,none
2026-09-09T20:00:00,site_11,38.67,321.23,0.231,none
2026-09-09T21:00:00,site_11,129.02,15.11,10.221,link_down
2026-09-09T22:00:00,site_11,35.62,316.84,0.151,none
2026-09-09T23:00:00,site_11,34.88,307.48,0.274,none
2026-09-10T00:00:00,site_11,38.45,309.94,0.195,none
2026-09-10T01:00:00,site_11,36.13,295.14,0.3,none
2026-09-10T02:00:00,site_11,35.79,305.97,0.128,none
2026-09-10T03:00:00,site_11,36.86,313.6,0.24,none
2026-09-10T04:00:00,site_11,38.6,289.55,0.223,none
2026-09-10T05:00:00,site_11,34.65,319.84,0.175,none
2026-09-10T06:00:00,site_11,38.2,292.17,3.399,packet_loss
2026-09-10T07:00:00,site_11,34.5,280.84,0.288,none
2026-09-10T08:00:00,site_11,39.02,308.26,0.339,none
2026-09-10T09:00:00,site_11,33.82,303.93,0.202,none
2026-09-10T10:00:00,site_11,31.76,292.58,0.258,none
2026-09-10T11:00:00,site_11,32.7,274.03,0.336,none
2026-09-10T12:00:00,site_11,33.52,303.8,0.34,none
2026-09-10T13:00:00,site_11,27.64,336.66,0.138,none
2026-09-10T14:00:00,site_11,32.6,285.77,0.245,none
2026-09-10T15:00:00,site_11,35.73,314.08,0.188,none
2026-09-10T16:00:00,site_11,35.58,291.8,0.201,none
2026-09-10T17:00:00,site_11,37.55,305.8,0.177,none
2026-09-10T18:00:00,site_11,36.41,282.4,0.239,none
2026-09-10T19:00:00,site_11,35.82,278.67,0.25,none
2026-09-10T20:00:00,site_11,35.55,304.0,0.265,none
2026-09-10T21:00:00,site_11,35.81,327.83,0.29,none
2026-09-10T22:00:00,site_11,36.39,281.79,0.287,none
2026-09-10T23:00:00,site_11,34.26,293.23,0.182,none
2026-09-11T00:00:00,site_11,38.05,299.6,0.228,none
2026-09-11T01:00:00,site_11,29.61,275.68,0.193,none
2026-09-11T02:00:00,site_11,36.86,309.05,0.224,none
2026-09-11T03:00:00,site_11,33.65,294.84,0.228,none
2026-09-11T04:00:00,site_11,36.31,298.88,0.148,none
2026-09-11T05:00:00,site_11,39.28,265.74,0.297,none
2026-09-11T06:00:00,site_11,33.75,284.39,0.325,none
2026-09-11T07:00:00,site_11,71.28,119.56,0.198,congestion
2026-09-11T08:00:00,site_11,35.76,324.03,0.226,none
2026-09-11T09:00:00,site_11,31.9,298.78,0.192,none
2026-09-11T10:00:00,site_11,31.14,307.23,0.177,none
2026-09-11T11:00:00,site_11,34.98,322.65,0.239,none
2026-09-11T12:00:00,site_11,37.68,318.26,0.22,none
2026-09-11T13:00:00,site_11,39.65,310.45,0.257,none
2026-09-11T14:00:00,site_11,35.52,313.94,0.298,none
2026-09-11T15:00:00,site_11,33.77,283.31,0.272,none
2026-09-11T16:00:00,site_11,38.45,305.06,0.203,none
2026-09-11T17:00:00,site_11,31.61,321.77,0.246,none
2026-09-11T18:00:00,site_11,40.77,311.46,0.209,none
2026-09-11T19:00:00,site_11,31.29,333.11,0.184,none
2026-09-11T20:00:00,site_11,36.8,272.31,0.181,none
2026-09-11T21:00:00,site_11,37.39,291.08,0.231,none
2026-09-11T22:00:00,site_11,35.81,285.45,0.201,none
2026-09-11T23:00:00,site_11,33.82,312.53,0.269,none
2026-09-12T00:00:00,site_11,32.41,294.51,0.338,none
2026-09-12T01:00:00,site_11,35.51,298.2,0.225,none
2026-09-12T02:00:00,site_11,39.46,303.69,0.273,none
2026-09-12T03:00:00,site_11,38.68,320.64,0.297,none
2026-09-12T04:00:00,site_11,39.65,286.83,0.273,none
2026-09-12T05:00:00,site_11,41.76,282.37,0.258,none
2026-09-12T06:00:00,site_11,37.53,293.65,0.254,none
2026-09-12T07:00:00,site_11,38.38,299.97,0.238,none
2026-09-12T08:00:00,site_11,34.85,302.01,0.235,none
2026-09-12T09:00:00,site_11,42.66,297.83,0.202,none
2026-09-12T10:00:00,site_11,35.07,272.8,0.193,none
2026-09-12T11:00:00,site_11,30.6,291.43,0.227,none
2026-09-12T12:00:00,site_11,37.88,305.63,0.186,none
2026-09-12T13:00:00,site_11,40.17,302.79,0.251,none
2026-09-12T14:00:00,site_11,78.32,129.43,0.246,congestion
2026-09-12T15:00:00,site_11,35.51,290.57,0.212,none
2026-09-12T16:00:00,site_11,36.83,311.93,0.249,none
2026-09-12T17:00:00,site_11,34.49,288.43,0.221,none
2026-09-12T18:00:00,site_11,41.86,309.42,0.236,none
2026-09-12T19:00:00,site_11,36.66,285.02,0.312,none
2026-09-12T20:00:00,site_11,37.15,283.76,0.23,none
2026-09-12T21:00:00,site_11,39.06,295.96,0.268,none
2026-09-12T22:00:00,site_11,36.73,311.91,0.247,none
2026-09-12T23:00:00,site_11,35.16,312.11,0.176,none
2026-09-13T00:00:00,site_11,37.8,290.29,0.158,none
2026-09-13T01:00:00,site_11,32.84,280.38,0.22,none
2026-09-13T02:00:00,site_11,35.1,283.6,0.266,none
2026-09-13T03:00:00,site_11,38.95,287.74,0.337,none
2026-09-13T04:00:00,site_11,31.24,323.17,0.254,none
2026-09-13T05:00:00,site_11,37.29,305.44,0.245,none
2026-09-13T06:00:00,site_11,37.8,282.39,0.271,none
2026-09-13T07:00:00,site_11,40.28,323.34,0.247,none
2026-09-13T08:00:00,site_11,41.31,281.6,0.247,none
2026-09-13T09:00:00,site_11,34.7,308.34,0.243,none
2026-09-13T10:00:00,site_11,33.55,294.26,0.192,none
2026-09-13T11:00:00,site_11,35.64,324.54,0.217,none
2026-09-13T12:00:00,site_11,40.18,303.61,0.224,none
2026-09-13T13:00:00,site_11,33.16,325.94,0.233,none
2026-09-13T14:00:00,site_11,36.98,314.97,0.238,none
2026-09-13T15:00:00,site_11,132.09,14.16,10.306,link_down
2026-09-13T16:00:00,site_11,37.15,298.99,0.208,none
2026-09-13T17:00:00,site_11,32.8,313.17,0.243,none
2026-09-13T18:00:00,site_11,36.73,301.79,0.207,none
2026-09-13T19:00:00,site_11,39.49,318.09,0.169,none
2026-09-13T20:00:00,site_11,38.51,325.11,0.319,none
2026-09-13T21:00:00,site_11,39.82,297.75,0.283,none
2026-09-13T22:00:00,site_11,32.2,305.12,0.281,none
2026-09-13T23:00:00,site_11,35.26,273.3,0.265,none
2026-09-14T00:00:00,site_11,33.23,291.99,0.238,none
2026-09-14T01:00:00,site_11,36.0,270.63,0.298,none
2026-09-14T02:00:00,site_11,32.7,259.98,0.282,none
2026-09-14T03:00:00,site_11,36.63,309.83,0.273,none
2026-09-14T04:00:00,site_11,35.23,290.62,0.251,none
2026-09-14T05:00:00,site_11,35.69,319.02,0.249,none
2026-09-14T06:00:00,site_11,43.21,321.66,0.314,none
2026-09-14T07:00:00,site_11,42.57,295.64,0.219,none
2026-09-14T08:00:00,site_11,36.98,280.62,0.251,none
2026-09-14T09:00:00,site_11,41.39,305.15,0.344,none
2026-09-14T10:00:00,site_11,40.64,269.83,0.241,none
2026-09-14T11:00:00,site_11,34.65,289.13,0.185,none
2026-09-14T12:00:00,site_11,34.67,298.61,0.289,none
2026-09-14T13:00:00,site_11,39.5,274.7,0.209,none
2026-09-14T14:00:00,site_11,37.03,283.96,0.277,none
2026-09-14T15:00:00,site_11,33.66,304.18,0.231,none
2026-09-14T16:00:00,site_11,34.33,280.83,0.211,none
2026-09-14T17:00:00,site_11,36.73,311.25,0.256,none
2026-09-14T18:00:00,site_11,31.05,282.97,0.197,none
2026-09-14T19:00:00,site_11,38.94,311.43,0.341,none
2026-09-14T20:00:00,site_11,40.79,320.74,0.219,none
2026-09-14T21:00:00,site_11,39.72,295.99,0.224,none
2026-09-14T22:00:00,site_11,28.92,297.93,0.195,none
2026-09-14T23:00:00,site_11,37.26,275.1,0.271,none
2026-09-01T00:00:00,site_12,49.1,166.79,0.275,none
2026-09-01T01:00:00,site_12,44.92,141.19,0.309,none
2026-09-01T02:00:00,site_12,45.24,170.12,0.324,none
2026-09-01T03:00:00,site_12,45.16,141.65,0.196,none
2026-09-01T04:00:00,site_12,51.24,153.05,0.232,none
2026-09-01T05:00:00,site_12,45.26,163.81,0.198,none
2026-09-01T06:00:00,site_12,46.42,201.17,0.203,none
2026-09-01T07:00:00,site_12,51.02,157.81,0.242,none
2026-09-01T08:00:00,site_12,44.12,163.97,0.263,none
2026-09-01T09:00:00,site_12,53.73,160.09,0.265,none
2026-09-01T10:00:00,site_12,46.05,158.61,0.261,none
2026-09-01T11:00:00,site_12,49.27,167.39,0.297,none
2026-09-01T12:00:00,site_12,47.54,160.36,0.312,none
2026-09-01T13:00:00,site_12,47.01,161.61,0.252,none
2026-09-01T14:00:00,site_12,46.94,163.14,0.234,none
2026-09-01T15:00:00,site_12,49.34,190.74,0.231,none
2026-09-01T16:00:00,site_12,41.12,176.42,0.189,none
2026-09-01T17:00:00,site_12,47.85,154.66,0.224,none
2026-09-01T18:00:00,site_12,49.04,149.99,0.259,none
2026-09-01T19:00:00,site_12,49.31,176.7,0.17,none
2026-09-01T20:00:00,site_12,45.02,167.52,0.215,none
2026-09-01T21:00:00,site_12,109.01,66.36,0.239,congestion
2026-09-01T22:00:00,site_12,42.44,185.71,0.277,none
2026-09-01T23:00:00,site_12,43.8,164.21,0.308,none
2026-09-02T00:00:00,site_12,50.19,162.61,0.215,none
2026-09-02T01:00:00,site_12,52.1,143.16,0.225,none
2026-09-02T02:00:00,site_12,47.5,152.11,0.31,none
2026-09-02T03:00:00,site_12,47.85,154.79,0.239,none
2026-09-02T04:00:00,site_12,42.92,183.9,0.347,none
2026-09-02T05:00:00,site_12,47.92,181.77,0.359,none
2026-09-02T06:00:00,site_12,41.64,159.25,0.287,none
2026-09-02T07:00:00,site_12,52.2,188.42,0.221,none
2026-09-02T08:00:00,site_12,44.6,161.05,0.25,none
2026-09-02T09:00:00,site_12,44.19,124.73,0.181,none
2026-09-02T10:00:00,site_12,44.88,166.79,0.208,none
2026-09-02T11:00:00,site_12,44.06,147.25,0.234,none
2026-09-02T12:00:00,site_12,48.92,149.14,0.244,none
2026-09-02T13:00:00,site_12,49.28,161.67,0.314,none
2026-09-02T14:00:00,site_12,168.82,155.34,0.2,latency_spike
2026-09-02T15:00:00,site_12,46.47,144.3,0.189,none
2026-09-02T16:00:00,site_12,45.5,157.9,0.25,none
2026-09-02T17:00:00,site_12,44.97,171.51,0.194,none
2026-09-02T18:00:00,site_12,47.73,152.25,0.279,none
2026-09-02T19:00:00,site_12,49.52,169.47,0.264,none
2026-09-02T20:00:00,site_12,45.86,154.71,0.33,none
2026-09-02T21:00:00,site_12,44.77,162.27,0.314,none
2026-09-02T22:00:00,site_12,48.63,175.69,0.233,none
2026-09-02T23:00:00,site_12,46.83,145.73,0.212,none
2026-09-03T00:00:00,site_12,49.64,178.4,0.299,none
2026-09-03T01:00:00,site_12,48.09,168.14,0.282,none
2026-09-03T02:00:00,site_12,42.64,152.13,0.21,none
2026-09-03T03:00:00,site_12,51.81,131.44,0.34,none
2026-09-03T04:00:00,site_12,49.89,171.58,0.334,none
2026-09-03T05:00:00,site_12,42.76,162.4,0.287,none
2026-09-03T06:00:00,site_12,48.82,163.0,0.232,none
2026-09-03T07:00:00,site_12,45.68,167.05,0.164,none
2026-09-03T08:00:00,site_12,40.86,154.72,0.321,none
2026-09-03T09:00:00,site_12,48.96,206.71,0.334,none
2026-09-03T10:00:00,site_12,197.7,7.17,10.183,link_down
2026-09-03T11:00:00,site_12,48.05,180.4,4.595,packet_loss
2026-09-03T12:00:00,site_12,46.63,151.16,0.275,none
2026-09-03T13:00:00,site_12,45.53,173.97,0.313,none
2026-09-03T14:00:00,site_12,43.72,165.48,0.216,none
2026-09-03T15:00:00,site_12,44.13,183.14,0.301,none
2026-09-03T16:00:00,site_12,50.01,159.92,0.24,none
2026-09-03T17:00:00,site_12,46.36,143.66,0.312,none
2026-09-03T18:00:00,site_12,51.37,167.63,0.261,none
2026-09-03T19:00:00,site_12,42.24,155.2,0.217,none
2026-09-03T20:00:00,site_12,49.47,155.62,0.307,none
2026-09-03T21:00:00,site_12,48.67,157.15,0.223,none
2026-09-03T22:00:00,site_12,49.61,163.22,0.226,none
2026-09-03T23:00:00,site_12,47.46,155.67,0.258,none
2026-09-04T00:00:00,site_12,45.52,168.39,0.289,none
2026-09-04T01:00:00,site_12,49.12,187.89,0.221,none
2026-09-04T02:00:00,site_12,46.81,176.85,0.297,none
2026-09-04T03:00:00,site_12,39.24,182.78,0.278,none
2026-09-04T04:00:00,site_12,49.02,166.52,0.281,none
2026-09-04T05:00:00,site_12,48.14,141.89,0.254,none
2026-09-04T06:00:00,site_12,48.8,184.95,0.199,none
2026-09-04T07:00:00,site_12,44.2,157.17,0.282,none
2026-09-04T08:00:00,site_12,48.81,179.96,0.317,none
2026-09-04T09:00:00,site_12,51.01,185.97,0.339,none
2026-09-04T10:00:00,site_12,44.6,149.22,0.206,none
2026-09-04T11:00:00,site_12,49.39,183.58,0.237,none
2026-09-04T12:00:00,site_12,46.54,154.45,0.298,none
2026-09-04T13:00:00,site_12,47.28,169.36,0.292,none
2026-09-04T14:00:00,site_12,44.34,177.43,0.274,none
2026-09-04T15:00:00,site_12,47.55,169.15,0.316,none
2026-09-04T16:00:00,site_12,50.83,164.33,0.236,none
2026-09-04T17:00:00,site_12,43.85,137.87,0.295,none
2026-09-04T18:00:00,site_12,42.0,149.72,0.299,none
2026-09-04T19:00:00,site_12,49.35,162.45,0.232,none
2026-09-04T20:00:00,site_12,39.7,146.83,0.309,none
2026-09-04T21:00:00,site_12,51.07,170.59,0.149,none
2026-09-04T22:00:00,site_12,50.82,188.33,0.33,none
2026-09-04T23:00:00,site_12,42.93,163.37,0.262,none
2026-09-05T00:00:00,site_12,47.53,164.23,0.265,none
2026-09-05T01:00:00,site_12,48.73,153.11,0.209,none
2026-09-05T02:00:00,site_12,41.93,188.55,0.166,none
2026-09-05T03:00:00,site_12,49.77,163.99,0.196,none
2026-09-05T04:00:00,site_12,188.21,8.04,10.23,link_down
2026-09-05T05:00:00,site_12,45.11,200.5,0.25,none
2026-09-05T06:00:00,site_12,45.23,190.63,0.18,none
2026-09-05T07:00:00,site_12,184.53,7.13,10.221,link_down
2026-09-05T08:00:00,site_12,47.63,189.92,0.27,none
2026-09-05T09:00:00,site_12,44.31,159.7,0.244,none
2026-09-05T10:00:00,site_12,47.79,189.94,0.261,none
2026-09-05T11:00:00,site_12,50.31,182.93,0.273,none
2026-09-05T12:00:00,site_12,48.72,160.81,0.159,none
2026-09-05T13:00:00,site_12,49.53,185.6,0.225,none
2026-09-05T14:00:00,site_12,47.59,165.26,0.267,none
2026-09-05T15:00:00,site_12,47.49,175.09,0.323,none
2026-09-05T16:00:00,site_12,46.33,157.64,0.233,none
2026-09-05T17:00:00,site_12,46.92,171.17,0.254,none
2026-09-05T18:00:00,site_12,48.11,185.15,0.241,none
2026-09-05T19:00:00,site_12,46.58,192.23,0.203,none
2026-09-05T20:00:00,site_12,50.32,128.5,0.282,none
2026-09-05T21:00:00,site_12,46.05,154.28,0.232,none
2026-09-05T22:00:00,site_12,45.94,156.62,0.244,none
2026-09-05T23:00:00,site_12,43.21,137.74,0.322,none
2026-09-06T00:00:00,site_12,45.69,162.31,0.272,none
2026-09-06T01:00:00,site_12,48.37,149.55,0.246,none
2026-09-06T02:00:00,site_12,201.47,8.07,10.295,link_down
2026-09-06T03:00:00,site_12,48.5,163.86,0.281,none
2026-09-06T04:00:00,site_12,43.34,162.46,0.228,none
2026-09-06T05:00:00,site_12,47.98,153.23,0.248,none
2026-09-06T06:00:00,site_12,46.65,168.06,0.265,none
2026-09-06T07:00:00,site_12,40.4,158.38,0.29,none
2026-09-06T08:00:00,site_12,50.56,163.28,0.329,none
2026-09-06T09:00:00,site_12,50.0,145.93,0.262,none
2026-09-06T10:00:00,site_12,47.67,172.3,0.192,none
2026-09-06T11:00:00,site_12,44.48,134.06,0.244,none
2026-09-06T12:00:00,site_12,43.6,202.36,0.243,none
2026-09-06T13:00:00,site_12,46.93,150.51,0.305,none
2026-09-06T14:00:00,site_12,47.66,146.77,0.391,none
2026-09-06T15:00:00,site_12,46.41,159.59,0.234,none
2026-09-06T16:00:00,site_12,44.49,189.16,0.234,none
2026-09-06T17:00:00,site_12,43.35,177.9,0.249,none
2026-09-06T18:00:00,site_12,50.36,152.32,0.293,none
2026-09-06T19:00:00,site_12,48.58,158.11,0.249,none
2026-09-06T20:00:00,site_12,49.09,161.5,0.238,none
2026-09-06T21:00:00,site_12,48.62,158.11,0.229,none
2026-09-06T22:00:00,site_12,47.2,161.53,0.267,none
2026-09-06T23:00:00,site_12,46.68,182.04,0.324,none
2026-09-07T00:00:00,site_12,50.97,164.11,0.296,none
2026-09-07T01:00:00,site_12,49.91,177.72,0.293,none
2026-09-07T02:00:00,site_12,45.23,161.65,0.251,none
2026-09-07T03:00:00,site_12,40.88,184.6,4.203,packet_loss
2026-09-07T04:00:00,site_12,48.71,152.2,0.205,none
2026-09-07T05:00:00,site_12,44.75,155.37,0.27,none
2026-09-07T06:00:00,site_12,44.4,149.11,0.263,none
2026-09-07T07:00:00,site_12,51.24,147.91,0.246,none
2026-09-07T08:00:00,site_12,105.54,59.63,0.225,congestion
2026-09-07T09:00:00,site_12,45.12,152.59,0.274,none
2026-09-07T10:00:00,site_12,42.92,186.46,0.233,none
2026-09-07T11:00:00,site_12,51.62,168.86,0.247,none
2026-09-07T12:00:00,site_12,46.33,171.8,0.251,none
2026-09-07T13:00:00,site_12,42.67,148.78,0.191,none
2026-09-07T14:00:00,site_12,42.26,153.6,0.206,none
2026-09-07T15:00:00,site_12,43.88,144.68,0.274,none
2026-09-07T16:00:00,site_12,46.5,163.4,0.326,none
2026-09-07T17:00:00,site_12,48.13,155.25,0.284,none
2026-09-07T18:00:00,site_12,44.98,185.45,0.327,none
2026-09-07T19:00:00,site_12,41.06,145.86,0.228,none
2026-09-07T20:00:00,site_12,43.1,160.29,0.35,none
2026-09-07T21:00:00,site_12,47.51,148.72,0.18,none
2026-09-07T22:00:00,site_12,41.81,165.11,0.281,none
2026-09-07T23:00:00,site_12,47.29,186.02,0.359,none
2026-09-08T00:00:00,site_12,46.33,175.05,0.329,none
2026-09-08T01:00:00,site_12,51.3,155.81,0.235,none
2026-09-08T02:00:00,site_12,47.81,147.31,0.247,none
2026-09-08T03:00:00,site_12,47.51,169.69,0.245,none
2026-09-08T04:00:00,site_12,50.02,178.93,0.283,none
2026-09-08T05:00:00,site_12,49.46,204.13,0.322,none
2026-09-08T06:00:00,site_12,44.12,160.06,0.245,none
2026-09-08T07:00:00,site_12,44.75,181.86,0.192,none
2026-09-08T08:00:00,site_12,46.45,151.34,0.199,none
2026-09-08T09:00:00,site_12,44.57,164.13,0.23,none
2026-09-08T10:00:00,site_12,46.84,179.19,0.335,none
2026-09-08T11:00:00,site_12,47.53,161.23,0.286,none
2026-09-08T12:00:00,site_12,50.83,135.65,0.25,none
2026-09-08T13:00:00,site_12,46.77,149.89,0.197,none
2026-09-08T14:00:00,site_12,44.58,137.66,0.304,none
2026-09-08T15:00:00,site_12,46.5,150.26,0.256,none
2026-09-08T16:00:00,site_12,198.74,140.52,0.23,latency_spike
2026-09-08T17:00:00,site_12,50.12,168.16,0.29,none
2026-09-08T18:00:00,site_12,46.88,144.58,0.21,none
2026-09-08T19:00:00,site_12,46.41,167.46,0.189,none
2026-09-08T20:00:00,site_12,44.23,147.94,0.23,none
2026-09-08T21:00:00,site_12,48.67,161.46,0.302,none
2026-09-08T22:00:00,site_12,45.63,192.08,0.18,none
2026-09-08T23:00:00,site_12,51.81,175.47,0.245,none
2026-09-09T00:00:00,site_12,45.89,153.39,0.242,none
2026-09-09T01:00:00,site_12,44.01,180.63,0.223,none
2026-09-09T02:00:00,site_12,42.52,164.44,0.204,none
2026-09-09T03:00:00,site_12,46.52,179.84,0.284,none
2026-09-09T04:00:00,site_12,46.46,158.95,0.301,none
2026-09-09T05:00:00,site_12,49.35,182.52,0.219,none
2026-09-09T06:00:00,site_12,45.21,141.98,0.238,none
2026-09-09T07:00:00,site_12,43.71,183.86,0.24,none
2026-09-09T08:00:00,site_12,44.81,161.82,0.216,none
2026-09-09T09:00:00,site_12,50.87,171.1,0.313,none
2026-09-09T10:00:00,site_12,48.82,149.41,0.195,none
2026-09-09T11:00:00,site_12,47.54,164.78,0.297,none
2026-09-09T12:00:00,site_12,51.26,146.13,0.337,none
2026-09-09T13:00:00,site_12,45.75,138.95,0.192,none
2026-09-09T14:00:00,site_12,52.89,164.24,0.231,none
2026-09-09T15:00:00,site_12,42.88,177.1,0.257,none
2026-09-09T16:00:00,site_12,48.74,176.43,0.249,none
2026-09-09T17:00:00,site_12,44.23,143.44,0.307,none
2026-09-09T18:00:00,site_12,49.71,166.02,0.247,none
2026-09-09T19:00:00,site_12,47.76,160.7,0.307,none
2026-09-09T20:00:00,site_12,48.7,188.59,0.275,none
2026-09-09T21:00:00,site_12,48.57,192.45,0.28,none
2026-09-09T22:00:00,site_12,46.74,152.36,0.201,none
2026-09-09T23:00:00,site_12,43.83,175.17,0.282,none
2026-09-10T00:00:00,site_12,45.31,152.12,0.28,none
2026-09-10T01:00:00,site_12,43.16,193.06,0.222,none
2026-09-10T02:00:00,site_12,46.12,182.77,0.153,none
2026-09-10T03:00:00,site_12,44.12,167.95,0.228,none
2026-09-10T04:00:00,site_12,94.45,61.34,0.246,congestion
2026-09-10T05:00:00,site_12,47.38,170.56,0.261,none
2026-09-10T06:00:00,site_12,45.83,173.08,0.228,none
2026-09-10T07:00:00,site_12,46.95,160.71,0.321,none
2026-09-10T08:00:00,site_12,44.82,182.47,0.353,none
2026-09-10T09:00:00,site_12,47.0,170.85,0.302,none
2026-09-10T10:00:00,site_12,47.79,177.87,0.285,none
2026-09-10T11:00:00,site_12,44.1,159.04,0.235,none
2026-09-10T12:00:00,site_12,41.9,157.63,0.248,none
2026-09-10T13:00:00,site_12,48.52,166.8,0.249,none
2026-09-10T14:00:00,site_12,49.48,162.45,0.24,none
2026-09-10T15:00:00,site_12,44.65,156.02,0.233,none
2026-09-10T16:00:00,site_12,48.82,170.09,0.339,none
2026-09-10T17:00:00,site_12,52.72,172.37,0.289,none
2026-09-10T18:00:00,site_12,49.33,154.14,0.188,none
2026-09-10T19:00:00,site_12,43.1,170.56,0.217,none
2026-09-10T20:00:00,site_12,50.64,171.92,0.324,none
2026-09-10T21:00:00,site_12,53.55,175.17,0.216,none
2026-09-10T22:00:00,site_12,46.39,160.22,0.179,none
2026-09-10T23:00:00,site_12,42.69,126.1,0.244,none
2026-09-11T00:00:00,site_12,44.27,117.43,0.219,none
2026-09-11T01:00:00,site_12,44.95,169.79,0.331,none
2026-09-11T02:00:00,site_12,49.93,180.62,0.211,none
2026-09-11T03:00:00,site_12,49.84,157.44,0.222,none
2026-09-11T04:00:00,site_12,42.41,147.66,5.803,packet_loss
2026-09-11T05:00:00,site_12,44.09,149.35,0.288,none
2026-09-11T06:00:00,site_12,45.04,136.13,0.276,none
2026-09-11T07:00:00,site_12,43.76,179.31,0.259,none
2026-09-11T08:00:00,site_12,44.17,149.63,0.246,none
2026-09-11T09:00:00,site_12,52.4,142.51,0.237,none
2026-09-11T10:00:00,site_12,43.05,165.41,0.262,none
2026-09-11T11:00:00,site_12,46.91,145.9,0.262,none
2026-09-11T12:00:00,site_12,48.24,166.64,0.235,none
2026-09-11T13:00:00,site_12,48.54,170.94,0.257,none
2026-09-11T14:00:00,site_12,42.9,152.97,0.297,none
2026-09-11T15:00:00,site_12,47.13,186.16,0.287,none
2026-09-11T16:00:00,site_12,43.19,185.56,0.3,none
2026-09-11T17:00:00,site_12,53.35,144.68,0.197,none
2026-09-11T18:00:00,site_12,49.61,173.83,0.266,none
2026-09-11T19:00:00,site_12,46.58,166.75,0.301,none
2026-09-11T20:00:00,site_12,48.84,162.12,0.321,none
2026-09-11T21:00:00,site_12,43.29,184.82,0.323,none
2026-09-11T22:00:00,site_12,47.69,188.86,0.18,none
2026-09-11T23:00:00,site_12,45.42,180.41,0.268,none
2026-09-12T00:00:00,site_12,45.36,179.31,0.251,none
2026-09-12T01:00:00,site_12,44.97,173.61,0.349,none
2026-09-12T02:00:00,site_12,55.25,167.04,0.291,none
2026-09-12T03:00:00,site_12,46.84,166.87,0.209,none
2026-09-12T04:00:00,site_12,50.4,140.7,0.284,none
2026-09-12T05:00:00,site_12,43.97,193.56,0.214,none
2026-09-12T06:00:00,site_12,46.29,152.45,0.262,none
2026-09-12T07:00:00,site_12,48.52,167.5,0.255,none
2026-09-12T08:00:00,site_12,48.78,162.31,0.237,none
2026-09-12T09:00:00,site_12,46.49,180.36,0.323,none
2026-09-12T10:00:00,site_12,48.92,163.97,0.258,none
2026-09-12T11:00:00,site_12,40.35,174.76,0.274,none
2026-09-12T12:00:00,site_12,46.5,173.95,0.193,none
2026-09-12T13:00:00,site_12,39.42,161.97,0.223,none
2026-09-12T14:00:00,site_12,47.85,157.6,0.19,none
2026-09-12T15:00:00,site_12,46.74,147.73,0.228,none
2026-09-12T16:00:00,site_12,46.33,183.51,0.258,none
2026-09-12T17:00:00,site_12,45.55,170.38,0.313,none
2026-09-12T18:00:00,site_12,50.79,159.9,0.261,none
2026-09-12T19:00:00,site_12,225.06,180.35,0.306,latency_spike
2026-09-12T20:00:00,site_12,45.7,153.24,0.238,none
2026-09-12T21:00:00,site_12,48.72,168.31,0.292,none
2026-09-12T22:00:00,site_12,46.68,131.3,0.28,none
2026-09-12T23:00:00,site_12,43.55,162.41,0.249,none
2026-09-13T00:00:00,site_12,43.67,168.95,0.207,none
2026-09-13T01:00:00,site_12,47.68,160.81,0.261,none
2026-09-13T02:00:00,site_12,45.37,177.24,0.246,none
2026-09-13T03:00:00,site_12,47.93,167.39,0.294,none
2026-09-13T04:00:00,site_12,48.26,159.1,0.208,none
2026-09-13T05:00:00,site_12,41.84,190.42,0.151,none
2026-09-13T06:00:00,site_12,44.39,181.78,0.151,none
2026-09-13T07:00:00,site_12,51.21,174.68,0.245,none
2026-09-13T08:00:00,site_12,42.88,184.82,0.244,none
2026-09-13T09:00:00,site_12,41.25,168.23,0.196,none
2026-09-13T10:00:00,site_12,45.59,168.39,0.233,none
2026-09-13T11:00:00,site_12,45.57,173.59,0.281,none
2026-09-13T12:00:00,site_12,49.55,160.93,0.264,none
2026-09-13T13:00:00,site_12,49.72,168.35,0.234,none
2026-09-13T14:00:00,site_12,50.17,152.82,0.265,none
2026-09-13T15:00:00,site_12,49.26,188.15,0.235,none
2026-09-13T16:00:00,site_12,46.93,169.47,3.726,packet_loss
2026-09-13T17:00:00,site_12,49.52,155.57,0.313,none
2026-09-13T18:00:00,site_12,48.5,154.33,0.298,none
2026-09-13T19:00:00,site_12,45.24,158.18,0.219,none
2026-09-13T20:00:00,site_12,43.7,159.97,0.279,none
2026-09-13T21:00:00,site_12,46.82,160.34,0.275,none
2026-09-13T22:00:00,site_12,43.25,158.35,0.226,none
2026-09-13T23:00:00,site_12,49.42,167.88,0.269,none
2026-09-14T00:00:00,site_12,47.09,171.7,0.248,none
2026-09-14T01:00:00,site_12,44.46,165.44,0.319,none
2026-09-14T02:00:00,site_12,50.83,168.26,0.263,none
2026-09-14T03:00:00,site_12,41.43,143.81,0.253,none
2026-09-14T04:00:00,site_12,51.09,183.7,0.227,none
2026-09-14T05:00:00,site_12,45.42,174.22,0.302,none
2026-09-14T06:00:00,site_12,45.37,179.2,0.168,none
2026-09-14T07:00:00,site_12,46.78,163.92,0.16,none
2026-09-14T08:00:00,site_12,50.92,157.58,0.297,none
2026-09-14T09:00:00,site_12,50.04,166.85,0.215,none
2026-09-14T10:00:00,site_12,51.65,171.45,0.256,none
2026-09-14T11:00:00,site_12,50.33,176.23,0.277,none
2026-09-14T12:00:00,site_12,49.14,131.24,0.281,none
2026-09-14T13:00:00,site_12,45.35,161.05,0.184,none
2026-09-14T14:00:00,site_12,50.59,170.91,0.141,none
2026-09-14T15:00:00,site_12,49.49,159.78,0.324,none
2026-09-14T16:00:00,site_12,42.78,161.83,0.239,none
2026-09-14T17:00:00,site_12,42.49,151.89,0.229,none
2026-09-14T18:00:00,site_12,49.98,171.69,0.299,none
2026-09-14T19:00:00,site_12,48.66,161.75,0.239,none
2026-09-14T20:00:00,site_12,39.86,135.88,0.281,none
2026-09-14T21:00:00,site_12,42.54,148.16,0.215,none
2026-09-14T22:00:00,site_12,50.49,188.57,0.182,none
2026-09-14T23:00:00,site_12,42.54,183.31,0.282,none
2026-09-01T00:00:00,site_13,22.11,243.26,0.079,none
2026-09-01T01:00:00,site_13,19.3,249.47,0.133,none
2026-09-01T02:00:00,site_13,21.24,232.8,0.156,none
2026-09-01T03:00:00,site_13,22.11,261.59,0.109,none
2026-09-01T04:00:00,site_13,15.4,244.25,0.126,none
2026-09-01T05:00:00,site_13,20.11,255.17,0.051,none
2026-09-01T06:00:00,site_13,18.04,283.19,0.106,none
2026-09-01T07:00:00,site_13,20.95,222.21,0.113,none
2026-09-01T08:00:00,site_13,20.83,211.55,0.111,none
2026-09-01T09:00:00,site_13,22.34,264.32,0.09,none
2026-09-01T10:00:00,site_13,20.44,269.94,0.14,none
2026-09-01T11:00:00,site_13,23.12,239.4,0.121,none
2026-09-01T12:00:00,site_13,25.44,238.24,0.218,none
2026-09-01T13:00:00,site_13,17.79,265.85,0.136,none
2026-09-01T14:00:00,site_13,16.73,239.19,0.161,none
2026-09-01T15:00:00,site_13,18.96,239.75,0.143,none
2026-09-01T16:00:00,site_13,39.35,94.28,0.277,congestion
2026-09-01T17:00:00,site_13,20.0,240.69,0.126,none
2026-09-01T18:00:00,site_13,23.34,252.11,0.193,none
2026-09-01T19:00:00,site_13,21.2,251.7,0.195,none
2026-09-01T20:00:00,site_13,28.07,238.37,0.122,none
2026-09-01T21:00:00,site_13,17.03,260.66,0.253,none
2026-09-01T22:00:00,site_13,21.62,249.36,0.189,none
2026-09-01T23:00:00,site_13,25.14,242.47,0.166,none
2026-09-02T00:00:00,site_13,20.51,229.61,0.1,none
2026-09-02T01:00:00,site_13,24.33,242.94,0.152,none
2026-09-02T02:00:00,site_13,15.46,239.36,0.24,none
2026-09-02T03:00:00,site_13,17.19,247.81,0.191,none
2026-09-02T04:00:00,site_13,21.1,240.47,0.057,none
2026-09-02T05:00:00,site_13,20.17,245.69,0.122,none
2026-09-02T06:00:00,site_13,16.21,235.69,0.182,none
2026-09-02T07:00:00,site_13,20.37,230.46,0.121,none
2026-09-02T08:00:00,site_13,22.09,238.9,0.009,none
2026-09-02T09:00:00,site_13,19.13,232.45,0.119,none
2026-09-02T10:00:00,site_13,20.46,260.9,0.064,none
2026-09-02T11:00:00,site_13,14.76,239.66,0.087,none
2026-09-02T12:00:00,site_13,21.8,261.28,0.118,none
2026-09-02T13:00:00,site_13,17.42,250.04,0.23,none
2026-09-02T14:00:00,site_13,19.45,243.22,0.138,none
2026-09-02T15:00:00,site_13,24.28,249.95,0.145,none
2026-09-02T16:00:00,site_13,22.06,239.86,0.097,none
2026-09-02T17:00:00,site_13,20.64,260.28,0.222,none
2026-09-02T18:00:00,site_13,21.65,294.06,0.15,none
2026-09-02T19:00:00,site_13,19.73,269.33,0.075,none
2026-09-02T20:00:00,site_13,23.89,241.98,0.134,none
2026-09-02T21:00:00,site_13,18.42,224.02,0.07,none
2026-09-02T22:00:00,site_13,21.35,235.67,0.082,none
2026-09-02T23:00:00,site_13,23.92,233.52,0.106,none
2026-09-03T00:00:00,site_13,20.71,240.54,0.156,none
2026-09-03T01:00:00,site_13,21.23,245.25,0.183,none
2026-09-03T02:00:00,site_13,18.84,280.58,0.138,none
2026-09-03T03:00:00,site_13,22.23,251.24,0.216,none
2026-09-03T04:00:00,site_13,22.92,248.52,0.189,none
2026-09-03T05:00:00,site_13,19.52,257.04,0.157,none
2026-09-03T06:00:00,site_13,24.61,257.04,0.136,none
2026-09-03T07:00:00,site_13,86.67,12.8,10.06,link_down
2026-09-03T08:00:00,site_13,13.52,249.0,0.174,none
2026-09-03T09:00:00,site_13,22.98,241.14,0.087,none
2026-09-03T10:00:00,site_13,23.85,256.6,0.198,none
2026-09-03T11:00:00,site_13,22.99,223.51,0.096,none
2026-09-03T12:00:00,site_13,22.56,271.24,0.127,none
2026-09-03T13:00:00,site_13,17.82,235.74,0.25,none
2026-09-03T14:00:00,site_13,23.91,242.47,0.139,none
2026-09-03T15:00:00,site_13,19.06,241.68,0.106,none
2026-09-03T16:00:00,site_13,18.11,239.34,0.142,none
2026-09-03T17:00:00,site_13,21.43,250.32,0.13,none
2026-09-03T18:00:00,site_13,20.89,238.48,0.142,none
2026-09-03T19:00:00,site_13,16.82,278.66,0.136,none
2026-09-03T20:00:00,site_13,18.32,263.19,0.133,none
2026-09-03T21:00:00,site_13,18.85,242.03,0.16,none
2026-09-03T22:00:00,site_13,20.46,235.38,0.101,none
2026-09-03T23:00:00,site_13,21.96,255.99,0.179,none
2026-09-04T00:00:00,site_13,21.73,243.53,0.052,none
2026-09-04T01:00:00,site_13,19.45,230.47,0.111,none
2026-09-04T02:00:00,site_13,17.17,235.39,0.217,none
2026-09-04T03:00:00,site_13,20.03,228.56,0.102,none
2026-09-04T04:00:00,site_13,17.61,254.66,0.207,none
2026-09-04T05:00:00,site_13,23.65,225.36,0.127,none
2026-09-04T06:00:00,site_13,23.19,272.35,0.193,none
2026-09-04T07:00:00,site_13,28.48,247.5,0.125,none
2026-09-04T08:00:00,site_13,17.83,247.07,0.053,none
2026-09-04T09:00:00,site_13,20.23,260.3,0.195,none
2026-09-04T10:00:00,site_13,26.8,248.28,0.151,none
2026-09-04T11:00:00,site_13,74.86,13.09,10.148,link_down
2026-09-04T12:00:00,site_13,21.26,224.41,0.135,none
2026-09-04T13:00:00,site_13,23.83,244.18,0.218,none
2026-09-04T14:00:00,site_13,17.66,274.01,0.168,none
2026-09-04T15:00:00,site_13,20.41,233.95,0.153,none
2026-09-04T16:00:00,site_13,20.63,228.66,0.153,none
2026-09-04T17:00:00,site_13,17.62,265.06,0.248,none
2026-09-04T18:00:00,site_13,22.52,242.07,0.136,none
2026-09-04T19:00:00,site_13,19.31,265.84,0.038,none
2026-09-04T20:00:00,site_13,22.98,233.38,0.127,none
2026-09-04T21:00:00,site_13,25.13,226.64,0.071,none
2026-09-04T22:00:00,site_13,15.96,224.06,0.091,none
2026-09-04T23:00:00,site_13,19.64,246.52,0.092,none
2026-09-05T00:00:00,site_13,26.2,232.74,0.226,none
2026-09-05T01:00:00,site_13,20.63,252.06,0.159,none
2026-09-05T02:00:00,site_13,22.14,254.17,0.118,none
2026-09-05T03:00:00,site_13,17.7,247.69,0.284,none
2026-09-05T04:00:00,site_13,21.27,250.13,0.128,none
2026-09-05T05:00:00,site_13,20.85,242.27,0.151,none
2026-09-05T06:00:00,site_13,26.64,242.27,0.168,none
2026-09-05T07:00:00,site_13,19.49,236.02,0.186,none
2026-09-05T08:00:00,site_13,21.83,230.64,0.102,none
2026-09-05T09:00:00,site_13,18.28,255.67,0.092,none
2026-09-05T10:00:00,site_13,18.52,231.61,0.104,none
2026-09-05T11:00:00,site_13,21.79,247.09,0.085,none
2026-09-05T12:00:00,site_13,17.14,255.71,0.181,none
2026-09-05T13:00:00,site_13,21.39,272.34,0.132,none
2026-09-05T14:00:00,site_13,22.31,229.06,0.129,none
2026-09-05T15:00:00,site_13,18.47,242.3,0.184,none
2026-09-05T16:00:00,site_13,23.35,251.1,0.127,none
2026-09-05T17:00:00,site_13,21.68,211.86,0.043,none
2026-09-05T18:00:00,site_13,21.37,239.29,0.216,none
2026-09-05T19:00:00,site_13,19.83,266.85,0.218,none
2026-09-05T20:00:00,site_13,23.37,234.43,0.112,none
2026-09-05T21:00:00,site_13,20.45,230.3,0.123,none
2026-09-05T22:00:00,site_13,14.62,227.1,0.114,none
2026-09-05T23:00:00,site_13,19.09,242.0,0.104,none
2026-09-06T00:00:00,site_13,18.97,242.86,0.124,none
2026-09-06T01:00:00,site_13,21.83,256.28,0.108,none
2026-09-06T02:00:00,site_13,24.39,251.84,0.092,none
2026-09-06T03:00:00,site_13,23.78,271.99,0.152,none
2026-09-06T04:00:00,site_13,16.95,245.52,0.123,none
2026-09-06T05:00:00,site_13,25.41,249.8,0.093,none
2026-09-06T06:00:00,site_13,25.51,253.76,0.162,none
2026-09-06T07:00:00,site_13,21.38,231.25,0.159,none
2026-09-06T08:00:00,site_13,19.5,236.41,0.0,none
2026-09-06T09:00:00,site_13,17.88,242.9,0.14,none
2026-09-06T10:00:00,site_13,21.49,251.07,0.164,none
2026-09-06T11:00:00,site_13,21.94,250.28,0.175,none
2026-09-06T12:00:00,site_13,26.84,269.9,0.15,none
2026-09-06T13:00:00,site_13,24.21,235.65,0.166,none
2026-09-06T14:00:00,site_13,27.25,224.42,0.143,none
2026-09-06T15:00:00,site_13,20.45,239.67,0.196,none
2026-09-06T16:00:00,site_13,23.99,230.69,0.125,none
2026-09-06T17:00:00,site_13,22.06,251.58,0.176,none
2026-09-06T18:00:00,site_13,22.56,232.59,0.159,none
2026-09-06T19:00:00,site_13,15.53,253.39,0.173,none
2026-09-06T20:00:00,site_13,22.75,247.56,0.161,none
2026-09-06T21:00:00,site_13,19.41,226.02,0.214,none
2026-09-06T22:00:00,site_13,17.83,250.12,0.197,none
2026-09-06T23:00:00,site_13,17.79,199.05,0.159,none
2026-09-07T00:00:00,site_13,22.44,260.31,0.195,none
2026-09-07T01:00:00,site_13,24.28,272.3,0.208,none
2026-09-07T02:00:00,site_13,20.45,226.71,0.264,none
2026-09-07T03:00:00,site_13,24.26,237.8,0.188,none
2026-09-07T04:00:00,site_13,19.34,244.58,0.163,none
2026-09-07T05:00:00,site_13,17.29,255.95,0.201,none
2026-09-07T06:00:00,site_13,22.69,239.16,0.076,none
2026-09-07T07:00:00,site_13,22.79,245.72,0.058,none
2026-09-07T08:00:00,site_13,22.47,251.36,0.042,none
2026-09-07T09:00:00,site_13,15.87,266.36,0.15,none
2026-09-07T10:00:00,site_13,23.55,251.36,0.206,none
2026-09-07T11:00:00,site_13,20.99,241.78,0.153,none
2026-09-07T12:00:00,site_13,19.07,255.77,0.095,none
2026-09-07T13:00:00,site_13,21.2,251.61,0.134,none
2026-09-07T14:00:00,site_13,21.49,250.05,0.095,none
2026-09-07T15:00:00,site_13,19.82,255.85,0.16,none
2026-09-07T16:00:00,site_13,20.99,259.36,0.081,none
2026-09-07T17:00:00,site_13,24.59,226.93,0.197,none
2026-09-07T18:00:00,site_13,19.91,240.91,0.191,none
2026-09-07T19:00:00,site_13,13.52,244.57,0.163,none
2026-09-07T20:00:00,site_13,17.93,242.01,0.188,none
2026-09-07T21:00:00,site_13,15.99,264.62,0.129,none
2026-09-07T22:00:00,site_13,78.94,244.24,0.165,latency_spike
2026-09-07T23:00:00,site_13,25.14,249.77,0.198,none
2026-09-08T00:00:00,site_13,22.37,241.23,0.164,none
2026-09-08T01:00:00,site_13,20.82,274.58,0.064,none
2026-09-08T02:00:00,site_13,23.54,233.77,0.242,none
2026-09-08T03:00:00,site_13,25.34,259.32,0.093,none
2026-09-08T04:00:00,site_13,25.06,223.56,0.219,none
2026-09-08T05:00:00,site_13,20.35,252.68,0.163,none
2026-09-08T06:00:00,site_13,20.18,267.44,0.209,none
2026-09-08T07:00:00,site_13,59.56,265.64,0.038,latency_spike
2026-09-08T08:00:00,site_13,18.09,260.66,0.138,none
2026-09-08T09:00:00,site_13,23.46,229.77,0.183,none
2026-09-08T10:00:00,site_13,21.43,246.71,0.112,none
2026-09-08T11:00:00,site_13,17.59,244.86,0.192,none
2026-09-08T12:00:00,site_13,21.93,250.43,0.116,none
2026-09-08T13:00:00,site_13,21.32,243.45,0.195,none
2026-09-08T14:00:00,site_13,21.7,225.01,0.187,none
2026-09-08T15:00:00,site_13,17.45,270.75,0.174,none
2026-09-08T16:00:00,site_13,21.94,244.66,0.125,none
2026-09-08T17:00:00,site_13,142.31,245.03,0.243,latency_spike
2026-09-08T18:00:00,site_13,15.51,239.85,0.128,none
2026-09-08T19:00:00,site_13,20.49,258.7,0.142,none
2026-09-08T20:00:00,site_13,75.37,13.37,10.063,link_down
2026-09-08T21:00:00,site_13,20.03,257.78,0.138,none
2026-09-08T22:00:00,site_13,19.77,266.95,0.14,none
2026-09-08T23:00:00,site_13,21.39,246.38,0.132,none
2026-09-09T00:00:00,site_13,18.81,248.24,0.14,none
2026-09-09T01:00:00,site_13,21.62,252.08,0.144,none
2026-09-09T02:00:00,site_13,27.05,269.59,0.161,none
2026-09-09T03:00:00,site_13,20.72,260.44,0.103,none
2026-09-09T04:00:00,site_13,18.46,252.89,0.126,none
2026-09-09T05:00:00,site_13,19.87,234.22,0.126,none
2026-09-09T06:00:00,site_13,21.98,226.72,0.194,none
2026-09-09T07:00:00,site_13,22.8,254.35,0.17,none
2026-09-09T08:00:00,site_13,18.09,255.22,0.202,none
2026-09-09T09:00:00,site_13,18.34,241.75,0.156,none
2026-09-09T10:00:00,site_13,22.23,224.93,0.204,none
2026-09-09T11:00:00,site_13,26.31,256.09,0.124,none
2026-09-09T12:00:00,site_13,21.29,245.6,0.199,none
2026-09-09T13:00:00,site_13,26.64,265.18,0.129,none
2026-09-09T14:00:00,site_13,18.23,249.14,0.076,none
2026-09-09T15:00:00,site_13,15.63,224.45,0.108,none
2026-09-09T16:00:00,site_13,23.44,247.88,0.19,none
2026-09-09T17:00:00,site_13,21.84,270.83,0.127,none
2026-09-09T18:00:00,site_13,21.99,257.16,0.145,none
2026-09-09T19:00:00,site_13,19.97,247.97,0.158,none
2026-09-09T20:00:00,site_13,19.71,270.25,0.158,none
2026-09-09T21:00:00,site_13,22.16,261.19,0.178,none
2026-09-09T22:00:00,site_13,16.08,208.67,0.203,none
2026-09-09T23:00:00,site_13,20.51,256.47,0.236,none
2026-09-10T00:00:00,site_13,23.46,232.75,0.102,none
2026-09-10T01:00:00,site_13,22.48,262.68,0.199,none
2026-09-10T02:00:00,site_13,20.11,237.59,0.098,none
2026-09-10T03:00:00,site_13,17.64,272.39,0.074,none
2026-09-10T04:00:00,site_13,14.77,250.5,0.139,none
2026-09-10T05:00:00,site_13,17.78,246.09,0.112,none
2026-09-10T06:00:00,site_13,26.45,248.64,0.166,none
2026-09-10T07:00:00,site_13,18.22,245.71,0.265,none
2026-09-10T08:00:00,site_13,21.66,233.63,0.002,none
2026-09-10T09:00:00,site_13,27.72,254.98,0.221,none
2026-09-10T10:00:00,site_13,13.5,229.42,0.159,none
2026-09-10T11:00:00,site_13,20.54,238.1,0.186,none
2026-09-10T12:00:00,site_13,21.5,248.98,0.121,none
2026-09-10T13:00:00,site_13,19.29,274.16,0.195,none
2026-09-10T14:00:00,site_13,18.22,224.49,0.194,none
2026-09-10T15:00:00,site_13,20.99,240.5,0.066,none
2026-09-10T16:00:00,site_13,24.13,235.87,0.101,none
2026-09-10T17:00:00,site_13,18.65,272.74,0.134,none
2026-09-10T18:00:00,site_13,20.71,240.25,0.196,none
2026-09-10T19:00:00,site_13,23.84,248.82,0.117,none
2026-09-10T20:00:00,site_13,19.3,268.05,0.19,none
2026-09-10T21:00:00,site_13,17.8,269.17,0.146,none
2026-09-10T22:00:00,site_13,25.22,238.4,0.123,none
2026-09-10T23:00:00,site_13,16.62,250.79,0.101,none
2026-09-11T00:00:00,site_13,18.46,237.25,0.097,none
2026-09-11T01:00:00,site_13,20.11,246.77,0.257,none
2026-09-11T02:00:00,site_13,22.39,256.84,0.136,none
2026-09-11T03:00:00,site_13,20.64,249.09,0.11,none
2026-09-11T04:00:00,site_13,20.63,216.48,0.214,none
2026-09-11T05:00:00,site_13,21.09,256.04,0.193,none
2026-09-11T06:00:00,site_13,23.36,239.66,0.254,none
2026-09-11T07:00:00,site_13,23.3,243.38,0.249,none
2026-09-11T08:00:00,site_13,24.07,255.45,0.16,none
2026-09-11T09:00:00,site_13,18.57,207.26,0.193,none
2026-09-11T10:00:00,site_13,24.08,251.33,0.199,none
2026-09-11T11:00:00,site_13,13.18,255.28,0.122,none
2026-09-11T12:00:00,site_13,22.35,255.1,0.126,none
2026-09-11T13:00:00,site_13,19.28,219.06,0.11,none
2026-09-11T14:00:00,site_13,16.26,247.8,0.166,none
2026-09-11T15:00:00,site_13,19.08,231.84,0.124,none
2026-09-11T16:00:00,site_13,20.39,223.23,0.175,none
2026-09-11T17:00:00,site_13,21.7,259.36,0.156,none
2026-09-11T18:00:00,site_13,14.37,238.66,0.195,none
2026-09-11T19:00:00,site_13,26.12,271.62,0.154,none
2026-09-11T20:00:00,site_13,17.7,238.92,0.119,none
2026-09-11T21:00:00,site_13,17.82,252.08,0.224,none
2026-09-11T22:00:00,site_13,19.61,261.26,0.157,none
2026-09-11T23:00:00,site_13,20.27,243.05,0.172,none
2026-09-12T00:00:00,site_13,18.39,234.4,0.155,none
2026-09-12T01:00:00,site_13,19.64,229.07,0.202,none
2026-09-12T02:00:00,site_13,14.61,266.15,0.129,none
2026-09-12T03:00:00,site_13,23.99,270.84,0.19,none
2026-09-12T04:00:00,site_13,16.45,215.66,0.183,none
2026-09-12T05:00:00,site_13,18.13,242.01,0.112,none
2026-09-12T06:00:00,site_13,23.8,249.33,0.128,none
2026-09-12T07:00:00,site_13,16.27,254.27,0.087,none
2026-09-12T08:00:00,site_13,21.02,258.72,0.126,none
2026-09-12T09:00:00,site_13,19.74,229.85,0.171,none
2026-09-12T10:00:00,site_13,21.88,245.01,0.13,none
2026-09-12T11:00:00,site_13,23.64,267.28,0.158,none
2026-09-12T12:00:00,site_13,19.33,243.04,0.199,none
2026-09-12T13:00:00,site_13,19.7,230.36,0.129,none
2026-09-12T14:00:00,site_13,25.75,257.45,0.101,none
2026-09-12T15:00:00,site_13,18.24,237.67,0.131,none
2026-09-12T16:00:00,site_13,17.68,280.4,0.092,none
2026-09-12T17:00:00,site_13,25.64,265.87,0.13,none
2026-09-12T18:00:00,site_13,21.79,248.1,0.075,none
2026-09-12T19:00:00,site_13,18.04,273.3,0.232,none
2026-09-12T20:00:00,site_13,17.7,250.23,0.161,none
2026-09-12T21:00:00,site_13,12.99,293.42,0.196,none
2026-09-12T22:00:00,site_13,18.42,260.86,0.164,none
2026-09-12T23:00:00,site_13,21.95,244.36,0.16,none
2026-09-13T00:00:00,site_13,21.6,250.42,0.209,none
2026-09-13T01:00:00,site_13,18.18,246.45,0.103,none
2026-09-13T02:00:00,site_13,24.44,243.82,0.048,none
2026-09-13T03:00:00,site_13,20.75,246.65,0.167,none
2026-09-13T04:00:00,site_13,20.16,228.16,0.117,none
2026-09-13T05:00:00,site_13,19.72,256.42,0.16,none
2026-09-13T06:00:00,site_13,19.42,268.68,0.173,none
2026-09-13T07:00:00,site_13,22.38,235.92,0.034,none
2026-09-13T08:00:00,site_13,22.82,247.26,0.133,none
2026-09-13T09:00:00,site_13,14.71,267.43,0.129,none
2026-09-13T10:00:00,site_13,18.56,264.87,0.184,none
2026-09-13T11:00:00,site_13,24.07,243.88,0.109,none
2026-09-13T12:00:00,site_13,18.22,226.24,0.178,none
2026-09-13T13:00:00,site_13,22.43,250.36,0.167,none
2026-09-13T14:00:00,site_13,17.97,254.59,0.076,none
2026-09-13T15:00:00,site_13,16.4,246.3,0.22,none
2026-09-13T16:00:00,site_13,15.02,258.78,0.231,none
2026-09-13T17:00:00,site_13,22.0,225.59,0.161,none
2026-09-13T18:00:00,site_13,20.01,261.7,0.097,none
2026-09-13T19:00:00,site_13,13.11,231.8,0.139,none
2026-09-13T20:00:00,site_13,16.67,238.56,0.156,none
2026-09-13T21:00:00,site_13,20.76,257.03,0.122,none
2026-09-13T22:00:00,site_13,17.61,274.97,0.195,none
2026-09-13T23:00:00,site_13,19.71,249.16,0.169,none
2026-09-14T00:00:00,site_13,16.55,252.62,0.034,none
2026-09-14T01:00:00,site_13,24.94,224.79,0.059,none
2026-09-14T02:00:00,site_13,24.74,250.93,0.044,none
2026-09-14T03:00:00,site_13,20.87,228.37,0.146,none
2026-09-14T04:00:00,site_13,19.11,273.28,0.169,none
2026-09-14T05:00:00,site_13,23.34,243.8,0.13,none
2026-09-14T06:00:00,site_13,22.62,236.3,0.226,none
2026-09-14T07:00:00,site_13,21.22,242.62,0.117,none
2026-09-14T08:00:00,site_13,77.03,12.07,10.106,link_down
2026-09-14T09:00:00,site_13,17.22,239.69,0.17,none
2026-09-14T10:00:00,site_13,20.65,246.94,0.121,none
2026-09-14T11:00:00,site_13,17.82,222.7,0.104,none
2026-09-14T12:00:00,site_13,19.3,240.86,0.121,none
2026-09-14T13:00:00,site_13,17.79,250.21,0.136,none
2026-09-14T14:00:00,site_13,21.31,246.91,0.179,none
2026-09-14T15:00:00,site_13,25.81,246.72,0.054,none
2026-09-14T16:00:00,site_13,21.75,246.54,0.126,none
2026-09-14T17:00:00,site_13,14.73,270.77,0.11,none
2026-09-14T18:00:00,site_13,15.77,230.35,0.173,none
2026-09-14T19:00:00,site_13,22.19,245.85,0.129,none
2026-09-14T20:00:00,site_13,16.99,267.09,0.218,none
2026-09-14T21:00:00,site_13,17.26,240.84,0.156,none
2026-09-14T22:00:00,site_13,22.07,245.32,0.134,none
2026-09-14T23:00:00,site_13,19.0,270.65,0.212,none
2026-09-01T00:00:00,site_14,29.66,257.75,0.329,none
2026-09-01T01:00:00,site_14,33.11,267.96,0.238,none
2026-09-01T02:00:00,site_14,34.87,274.74,0.314,none
2026-09-01T03:00:00,site_14,28.09,283.57,0.286,none
2026-09-01T04:00:00,site_14,31.12,278.91,0.319,none
2026-09-01T05:00:00,site_14,26.86,273.06,0.29,none
2026-09-01T06:00:00,site_14,30.32,287.32,0.351,none
2026-09-01T07:00:00,site_14,33.53,253.98,0.233,none
2026-09-01T08:00:00,site_14,29.84,270.12,3.924,packet_loss
2026-09-01T09:00:00,site_14,25.61,308.85,0.292,none
2026-09-01T10:00:00,site_14,27.86,282.31,0.296,none
2026-09-01T11:00:00,site_14,29.0,296.97,0.217,none
2026-09-01T12:00:00,site_14,29.96,258.42,0.389,none
2026-09-01T13:00:00,site_14,23.38,276.35,0.327,none
2026-09-01T14:00:00,site_14,34.15,293.31,0.305,none
2026-09-01T15:00:00,site_14,32.41,268.43,0.264,none
2026-09-01T16:00:00,site_14,27.22,267.55,0.279,none
2026-09-01T17:00:00,site_14,29.02,253.94,0.349,none
2026-09-01T18:00:00,site_14,35.66,278.26,0.355,none
2026-09-01T19:00:00,site_14,33.55,282.25,0.303,none
2026-09-01T20:00:00,site_14,37.06,269.65,6.101,packet_loss
2026-09-01T21:00:00,site_14,23.13,270.69,0.341,none
2026-09-01T22:00:00,site_14,32.36,276.45,0.282,none
2026-09-01T23:00:00,site_14,31.64,280.01,0.342,none
2026-09-02T00:00:00,site_14,24.67,268.03,0.201,none
2026-09-02T01:00:00,site_14,32.29,287.82,0.316,none
2026-09-02T02:00:00,site_14,24.87,272.08,0.221,none
2026-09-02T03:00:00,site_14,34.45,290.1,0.324,none
2026-09-02T04:00:00,site_14,26.62,276.5,0.347,none
2026-09-02T05:00:00,site_14,24.84,275.27,0.196,none
2026-09-02T06:00:00,site_14,27.52,255.35,0.332,none
2026-09-02T07:00:00,site_14,30.3,306.57,0.323,none
2026-09-02T08:00:00,site_14,31.16,269.41,0.355,none
2026-09-02T09:00:00,site_14,30.74,252.06,0.294,none
2026-09-02T10:00:00,site_14,26.53,270.37,0.313,none
2026-09-02T11:00:00,site_14,25.36,269.6,0.268,none
2026-09-02T12:00:00,site_14,29.86,267.52,0.269,none
2026-09-02T13:00:00,site_14,32.49,277.88,0.362,none
2026-09-02T14:00:00,site_14,34.09,294.23,0.369,none
2026-09-02T15:00:00,site_14,31.54,291.97,0.361,none
2026-09-02T16:00:00,site_14,31.57,274.83,0.384,none
2026-09-02T17:00:00,site_14,27.29,246.54,0.299,none
2026-09-02T18:00:00,site_14,29.47,275.21,0.319,none
2026-09-02T19:00:00,site_14,122.79,13.98,10.249,link_down
2026-09-02T20:00:00,site_14,31.83,287.63,0.356,none
2026-09-02T21:00:00,site_14,30.67,284.95,0.262,none
2026-09-02T22:00:00,site_14,29.23,254.57,0.312,none
2026-09-02T23:00:00,site_14,27.47,280.22,0.26,none
2026-09-03T00:00:00,site_14,35.77,258.66,0.227,none
2026-09-03T01:00:00,site_14,30.41,283.71,0.391,none
2026-09-03T02:00:00,site_14,27.87,297.83,0.338,none
2026-09-03T03:00:00,site_14,27.83,290.59,0.331,none
2026-09-03T04:00:00,site_14,27.85,275.3,0.374,none
2026-09-03T05:00:00,site_14,27.2,264.28,0.271,none
2026-09-03T06:00:00,site_14,32.48,280.62,0.294,none
2026-09-03T07:00:00,site_14,31.47,248.47,0.345,none
2026-09-03T08:00:00,site_14,28.27,278.8,0.288,none
2026-09-03T09:00:00,site_14,30.03,269.36,0.368,none
2026-09-03T10:00:00,site_14,30.51,284.09,0.256,none
2026-09-03T11:00:00,site_14,26.34,275.4,0.277,none
2026-09-03T12:00:00,site_14,28.24,262.12,0.351,none
2026-09-03T13:00:00,site_14,32.55,283.43,0.272,none
2026-09-03T14:00:00,site_14,29.13,257.18,0.237,none
2026-09-03T15:00:00,site_14,31.41,277.33,0.272,none
2026-09-03T16:00:00,site_14,28.62,247.49,0.294,none
2026-09-03T17:00:00,site_14,32.35,281.53,0.295,none
2026-09-03T18:00:00,site_14,26.59,263.78,0.298,none
2026-09-03T19:00:00,site_14,23.9,282.74,0.304,none
2026-09-03T20:00:00,site_14,29.25,261.57,0.269,none
2026-09-03T21:00:00,site_14,30.85,300.12,0.305,none
2026-09-03T22:00:00,site_14,30.46,270.78,2.509,packet_loss
2026-09-03T23:00:00,site_14,24.67,243.52,0.258,none
2026-09-04T00:00:00,site_14,28.05,263.45,0.32,none
2026-09-04T01:00:00,site_14,30.2,285.94,0.258,none
2026-09-04T02:00:00,site_14,28.03,264.83,0.189,none
2026-09-04T03:00:00,site_14,32.92,285.71,0.318,none
2026-09-04T04:00:00,site_14,33.95,257.79,0.243,none
2026-09-04T05:00:00,site_14,29.68,263.63,0.319,none
2026-09-04T06:00:00,site_14,27.09,260.72,0.307,none
2026-09-04T07:00:00,site_14,34.15,269.35,0.276,none
2026-09-04T08:00:00,site_14,32.56,275.87,0.213,none
2026-09-04T09:00:00,site_14,26.44,274.24,0.266,none
2026-09-04T10:00:00,site_14,24.89,256.28,0.304,none
2026-09-04T11:00:00,site_14,21.84,247.67,0.278,none
2026-09-04T12:00:00,site_14,35.26,267.48,0.283,none
2026-09-04T13:00:00,site_14,31.5,296.63,0.354,none
2026-09-04T14:00:00,site_14,27.08,273.82,0.36,none
2026-09-04T15:00:00,site_14,24.15,268.3,0.277,none
2026-09-04T16:00:00,site_14,30.3,281.29,0.384,none
2026-09-04T17:00:00,site_14,31.79,288.2,0.317,none
2026-09-04T18:00:00,site_14,26.41,275.16,0.296,none
2026-09-04T19:00:00,site_14,33.48,267.69,0.197,none
2026-09-04T20:00:00,site_14,31.04,278.83,0.308,none
2026-09-04T21:00:00,site_14,26.26,267.34,0.369,none
2026-09-04T22:00:00,site_14,29.44,292.13,0.352,none
2026-09-04T23:00:00,site_14,31.66,258.08,0.36,none
2026-09-05T00:00:00,site_14,26.18,279.52,0.267,none
2026-09-05T01:00:00,site_14,30.89,300.37,0.313,none
2026-09-05T02:00:00,site_14,31.63,261.22,2.458,packet_loss
2026-09-05T03:00:00,site_14,24.26,239.94,0.216,none
2026-09-05T04:00:00,site_14,26.16,284.68,0.259,none
2026-09-05T05:00:00,site_14,29.47,298.35,0.321,none
2026-09-05T06:00:00,site_14,33.49,264.2,0.345,none
2026-09-05T07:00:00,site_14,32.27,271.37,0.269,none
2026-09-05T08:00:00,site_14,27.18,259.94,0.31,none
2026-09-05T09:00:00,site_14,30.89,281.02,0.238,none
2026-09-05T10:00:00,site_14,28.91,262.07,0.247,none
2026-09-05T11:00:00,site_14,25.0,304.04,0.306,none
2026-09-05T12:00:00,site_14,32.21,282.95,0.374,none
2026-09-05T13:00:00,site_14,29.13,260.9,0.206,none
2026-09-05T14:00:00,site_14,35.22,271.1,0.39,none
2026-09-05T15:00:00,site_14,38.59,302.28,0.409,none
2026-09-05T16:00:00,site_14,30.29,278.12,0.291,none
2026-09-05T17:00:00,site_14,31.86,266.71,0.222,none
2026-09-05T18:00:00,site_14,27.52,264.86,0.284,none
2026-09-05T19:00:00,site_14,32.93,271.2,0.349,none
2026-09-05T20:00:00,site_14,29.33,276.07,0.227,none
2026-09-05T21:00:00,site_14,32.15,288.56,0.224,none
2026-09-05T22:00:00,site_14,27.99,294.47,0.302,none
2026-09-05T23:00:00,site_14,25.24,263.44,0.254,none
2026-09-06T00:00:00,site_14,32.64,257.95,0.329,none
2026-09-06T01:00:00,site_14,26.06,272.44,0.308,none
2026-09-06T02:00:00,site_14,24.47,275.67,0.323,none
2026-09-06T03:00:00,site_14,27.59,265.52,0.281,none
2026-09-06T04:00:00,site_14,29.89,282.76,0.235,none
2026-09-06T05:00:00,site_14,27.37,271.55,0.377,none
2026-09-06T06:00:00,site_14,28.76,254.58,0.299,none
2026-09-06T07:00:00,site_14,30.11,271.95,0.358,none
2026-09-06T08:00:00,site_14,32.06,284.43,0.147,none
2026-09-06T09:00:00,site_14,26.37,261.26,0.365,none
2026-09-06T10:00:00,site_14,35.28,252.58,0.237,none
2026-09-06T11:00:00,site_14,113.88,278.31,0.286,latency_spike
2026-09-06T12:00:00,site_14,31.53,297.91,0.281,none
2026-09-06T13:00:00,site_14,28.03,295.74,0.326,none
2026-09-06T14:00:00,site_14,23.77,261.25,0.303,none
2026-09-06T15:00:00,site_14,31.14,271.07,0.361,none
2026-09-06T16:00:00,site_14,29.83,290.88,0.209,none
2026-09-06T17:00:00,site_14,30.01,282.73,0.206,none
2026-09-06T18:00:00,site_14,30.8,280.85,0.351,none
2026-09-06T19:00:00,site_14,29.42,283.82,0.281,none
2026-09-06T20:00:00,site_14,31.98,273.02,0.309,none
2026-09-06T21:00:00,site_14,31.74,292.2,0.408,none
2026-09-06T22:00:00,site_14,28.22,281.37,0.315,none
2026-09-06T23:00:00,site_14,34.09,248.44,0.367,none
2026-09-07T00:00:00,site_14,31.3,282.58,0.279,none
2026-09-07T01:00:00,site_14,31.69,283.2,0.327,none
2026-09-07T02:00:00,site_14,32.3,285.5,0.24,none
2026-09-07T03:00:00,site_14,35.18,273.3,0.366,none
2026-09-07T04:00:00,site_14,29.51,264.08,0.36,none
2026-09-07T05:00:00,site_14,29.3,291.26,0.374,none
2026-09-07T06:00:00,site_14,29.99,284.7,0.249,none
2026-09-07T07:00:00,site_14,36.03,266.2,0.334,none
2026-09-07T08:00:00,site_14,29.11,277.02,0.379,none
2026-09-07T09:00:00,site_14,31.73,297.71,0.277,none
2026-09-07T10:00:00,site_14,34.91,275.75,0.336,none
2026-09-07T11:00:00,site_14,30.77,257.24,0.294,none
2026-09-07T12:00:00,site_14,26.97,269.15,0.177,none
2026-09-07T13:00:00,site_14,31.95,278.91,0.238,none
2026-09-07T14:00:00,site_14,26.97,284.53,0.286,none
2026-09-07T15:00:00,site_14,29.33,312.09,0.253,none
2026-09-07T16:00:00,site_14,31.94,259.26,0.212,none
2026-09-07T17:00:00,site_14,31.88,268.57,0.28,none
2026-09-07T18:00:00,site_14,27.18,272.37,0.216,none
2026-09-07T19:00:00,site_14,60.58,114.25,0.234,congestion
2026-09-07T20:00:00,site_14,25.77,270.01,0.365,none
2026-09-07T21:00:00,site_14,25.5,263.5,0.211,none
2026-09-07T22:00:00,site_14,31.61,252.0,0.307,none
2026-09-07T23:00:00,site_14,28.01,277.11,0.244,none
2026-09-08T00:00:00,site_14,27.51,267.9,0.266,none
2026-09-08T01:00:00,site_14,31.23,234.37,0.304,none
2026-09-08T02:00:00,site_14,28.58,272.07,0.274,none
2026-09-08T03:00:00,site_14,31.76,262.1,0.251,none
2026-09-08T04:00:00,site_14,24.97,266.54,0.359,none
2026-09-08T05:00:00,site_14,28.58,264.81,0.392,none
2026-09-08T06:00:00,site_14,28.16,258.24,0.292,none
2026-09-08T07:00:00,site_14,26.94,288.53,0.305,none
2026-09-08T08:00:00,site_14,28.62,277.35,0.281,none
2026-09-08T09:00:00,site_14,29.95,273.83,0.268,none
2026-09-08T10:00:00,site_14,173.12,285.99,0.257,latency_spike
2026-09-08T11:00:00,site_14,24.48,259.83,0.223,none
2026-09-08T12:00:00,site_14,26.9,266.25,0.232,none
2026-09-08T13:00:00,site_14,26.23,285.07,0.315,none
2026-09-08T14:00:00,site_14,28.69,243.13,0.268,none
2026-09-08T15:00:00,site_14,30.34,282.99,0.308,none
2026-09-08T16:00:00,site_14,27.9,264.55,0.343,none
2026-09-08T17:00:00,site_14,28.86,301.4,0.32,none
2026-09-08T18:00:00,site_14,27.54,293.6,0.302,none
2026-09-08T19:00:00,site_14,31.63,286.9,0.319,none
2026-09-08T20:00:00,site_14,30.95,282.02,0.255,none
2026-09-08T21:00:00,site_14,25.9,278.34,0.224,none
2026-09-08T22:00:00,site_14,28.09,272.23,0.263,none
2026-09-08T23:00:00,site_14,30.63,259.35,0.29,none
2026-09-09T00:00:00,site_14,25.66,260.89,0.334,none
2026-09-09T01:00:00,site_14,30.05,289.03,0.252,none
2026-09-09T02:00:00,site_14,27.67,268.47,0.358,none
2026-09-09T03:00:00,site_14,26.02,253.21,0.361,none
2026-09-09T04:00:00,site_14,28.62,249.48,0.278,none
2026-09-09T05:00:00,site_14,30.36,272.08,0.213,none
2026-09-09T06:00:00,site_14,30.04,258.82,0.324,none
2026-09-09T07:00:00,site_14,28.01,284.58,0.286,none
2026-09-09T08:00:00,site_14,35.7,257.29,0.33,none
2026-09-09T09:00:00,site_14,26.69,265.07,0.262,none
2026-09-09T10:00:00,site_14,28.53,270.72,0.333,none
2026-09-09T11:00:00,site_14,26.68,283.75,0.319,none
2026-09-09T12:00:00,site_14,31.28,293.6,0.289,none
2026-09-09T13:00:00,site_14,32.23,299.54,0.247,none
2026-09-09T14:00:00,site_14,32.87,275.43,0.204,none
2026-09-09T15:00:00,site_14,26.66,254.64,0.205,none
2026-09-09T16:00:00,site_14,27.1,278.7,0.32,none
2026-09-09T17:00:00,site_14,30.49,279.41,0.298,none
2026-09-09T18:00:00,site_14,27.05,272.12,0.285,none
2026-09-09T19:00:00,site_14,32.91,278.86,0.251,none
2026-09-09T20:00:00,site_14,27.29,253.53,0.255,none
2026-09-09T21:00:00,site_14,29.85,301.57,0.315,none
2026-09-09T22:00:00,site_14,31.75,289.98,0.273,none
2026-09-09T23:00:00,site_14,28.25,273.52,0.26,none
2026-09-10T00:00:00,site_14,30.85,258.62,0.215,none
2026-09-10T01:00:00,site_14,28.9,258.83,0.28,none
2026-09-10T02:00:00,site_14,31.32,263.79,0.226,none
2026-09-10T03:00:00,site_14,31.57,287.04,0.309,none
2026-09-10T04:00:00,site_14,34.79,266.45,0.366,none
2026-09-10T05:00:00,site_14,32.66,284.33,0.192,none
2026-09-10T06:00:00,site_14,25.94,246.97,0.335,none
2026-09-10T07:00:00,site_14,28.83,286.51,0.366,none
2026-09-10T08:00:00,site_14,29.52,270.01,0.318,none
2026-09-10T09:00:00,site_14,30.99,280.11,0.289,none
2026-09-10T10:00:00,site_14,32.29,254.43,0.322,none
2026-09-10T11:00:00,site_14,26.18,264.58,0.397,none
2026-09-10T12:00:00,site_14,25.94,285.71,0.253,none
2026-09-10T13:00:00,site_14,31.16,259.95,0.307,none
2026-09-10T14:00:00,site_14,31.72,276.45,0.162,none
2026-09-10T15:00:00,site_14,28.73,294.95,0.311,none
2026-09-10T16:00:00,site_14,27.47,261.85,0.29,none
2026-09-10T17:00:00,site_14,33.61,271.4,0.23,none
2026-09-10T18:00:00,site_14,32.5,271.19,0.28,none
2026-09-10T19:00:00,site_14,26.86,240.17,0.249,none
2026-09-10T20:00:00,site_14,115.41,12.51,10.342,link_down
2026-09-10T21:00:00,site_14,30.77,279.99,0.226,none
2026-09-10T22:00:00,site_14,32.32,290.8,0.327,none
2026-09-10T23:00:00,site_14,24.39,273.47,0.243,none
2026-09-11T00:00:00,site_14,32.99,259.44,0.289,none
2026-09-11T01:00:00,site_14,32.3,248.56,0.181,none
2026-09-11T02:00:00,site_14,22.01,276.08,0.321,none
2026-09-11T03:00:00,site_14,27.73,276.12,0.324,none
2026-09-11T04:00:00,site_14,32.35,277.81,0.261,none
2026-09-11T05:00:00,site_14,29.18,285.4,0.273,none
2026-09-11T06:00:00,site_14,27.74,259.63,0.3,none
2026-09-11T07:00:00,site_14,32.0,282.58,0.253,none
2026-09-11T08:00:00,site_14,27.29,249.63,0.261,none
2026-09-11T09:00:00,site_14,31.16,275.94,0.337,none
2026-09-11T10:00:00,site_14,28.47,298.36,0.195,none
2026-09-11T11:00:00,site_14,26.39,270.77,0.27,none
2026-09-11T12:00:00,site_14,146.87,277.53,0.226,latency_spike
2026-09-11T13:00:00,site_14,36.9,284.24,0.241,none
2026-09-11T14:00:00,site_14,30.14,265.91,0.315,none
2026-09-11T15:00:00,site_14,31.26,266.55,0.286,none
2026-09-11T16:00:00,site_14,153.54,277.79,0.331,latency_spike
2026-09-11T17:00:00,site_14,33.65,270.53,0.265,none
2026-09-11T18:00:00,site_14,28.45,255.84,0.3,none
2026-09-11T19:00:00,site_14,31.61,281.46,0.373,none
2026-09-11T20:00:00,site_14,27.19,251.65,0.401,none
2026-09-11T21:00:00,site_14,27.52,299.09,0.359,none
2026-09-11T22:00:00,site_14,27.34,271.71,0.238,none
2026-09-11T23:00:00,site_14,31.74,253.1,0.306,none
2026-09-12T00:00:00,site_14,30.8,272.56,0.258,none
2026-09-12T01:00:00,site_14,26.07,277.34,0.293,none
2026-09-12T02:00:00,site_14,27.85,266.23,0.229,none
2026-09-12T03:00:00,site_14,28.33,260.77,0.253,none
2026-09-12T04:00:00,site_14,26.29,258.49,0.336,none
2026-09-12T05:00:00,site_14,32.47,268.31,0.291,none
2026-09-12T06:00:00,site_14,33.76,293.29,0.349,none
2026-09-12T07:00:00,site_14,26.64,285.11,0.36,none
2026-09-12T08:00:00,site_14,29.64,284.61,0.329,none
2026-09-12T09:00:00,site_14,30.18,275.17,0.252,none
2026-09-12T10:00:00,site_14,109.98,12.49,10.298,link_down
2026-09-12T11:00:00,site_14,33.38,293.56,0.362,none
2026-09-12T12:00:00,site_14,25.3,287.66,0.36,none
2026-09-12T13:00:00,site_14,31.06,243.75,0.31,none
2026-09-12T14:00:00,site_14,33.36,295.14,0.337,none
2026-09-12T15:00:00,site_14,26.51,281.71,0.252,none
2026-09-12T16:00:00,site_14,24.49,282.2,0.307,none
2026-09-12T17:00:00,site_14,26.83,242.77,0.265,none
2026-09-12T18:00:00,site_14,32.94,261.95,0.314,none
2026-09-12T19:00:00,site_14,31.04,240.13,0.396,none
2026-09-12T20:00:00,site_14,21.22,262.93,0.248,none
2026-09-12T21:00:00,site_14,28.51,263.76,0.25,none
2026-09-12T22:00:00,site_14,32.07,291.71,0.279,none
2026-09-12T23:00:00,site_14,26.22,274.76,0.303,none
2026-09-13T00:00:00,site_14,30.79,278.33,0.239,none
2026-09-13T01:00:00,site_14,28.98,298.83,0.312,none
2026-09-13T02:00:00,site_14,33.13,277.11,0.255,none
2026-09-13T03:00:00,site_14,31.2,275.84,0.262,none
2026-09-13T04:00:00,site_14,29.72,286.28,0.243,none
2026-09-13T05:00:00,site_14,31.1,291.66,0.34,none
2026-09-13T06:00:00,site_14,29.1,300.44,0.277,none
2026-09-13T07:00:00,site_14,28.46,245.77,0.23,none
2026-09-13T08:00:00,site_14,31.7,279.84,0.349,none
2026-09-13T09:00:00,site_14,27.27,282.61,0.3,none
2026-09-13T10:00:00,site_14,31.02,274.89,0.261,none
2026-09-13T11:00:00,site_14,33.84,294.41,0.301,none
2026-09-13T12:00:00,site_14,25.3,299.49,0.343,none
2026-09-13T13:00:00,site_14,22.78,274.31,0.285,none
2026-09-13T14:00:00,site_14,28.25,270.22,0.322,none
2026-09-13T15:00:00,site_14,27.88,276.6,0.358,none
2026-09-13T16:00:00,site_14,32.83,274.65,0.366,none
2026-09-13T17:00:00,site_14,35.67,305.97,0.314,none
2026-09-13T18:00:00,site_14,29.49,270.55,7.17,packet_loss
2026-09-13T19:00:00,site_14,30.86,303.5,0.296,none
2026-09-13T20:00:00,site_14,34.53,255.38,0.263,none
2026-09-13T21:00:00,site_14,30.85,252.02,0.254,none
2026-09-13T22:00:00,site_14,31.47,291.45,0.23,none
2026-09-13T23:00:00,site_14,32.39,263.81,0.192,none
2026-09-14T00:00:00,site_14,27.81,296.82,0.285,none
2026-09-14T01:00:00,site_14,30.04,254.27,0.317,none
2026-09-14T02:00:00,site_14,27.1,279.33,0.379,none
2026-09-14T03:00:00,site_14,26.48,264.75,0.317,none
2026-09-14T04:00:00,site_14,23.11,275.01,0.267,none
2026-09-14T05:00:00,site_14,25.59,265.18,0.294,none
2026-09-14T06:00:00,site_14,30.66,287.91,0.293,none
2026-09-14T07:00:00,site_14,29.05,284.13,0.343,none
2026-09-14T08:00:00,site_14,26.81,278.73,0.315,none
2026-09-14T09:00:00,site_14,27.56,263.68,0.329,none
2026-09-14T10:00:00,site_14,28.25,292.51,0.223,none
2026-09-14T11:00:00,site_14,111.05,14.33,10.286,link_down
2026-09-14T12:00:00,site_14,32.17,268.49,0.263,none
2026-09-14T13:00:00,site_14,29.69,263.56,0.217,none
2026-09-14T14:00:00,site_14,27.94,304.63,0.311,none
2026-09-14T15:00:00,site_14,30.11,306.94,0.182,none
2026-09-14T16:00:00,site_14,28.8,270.5,0.299,none
2026-09-14T17:00:00,site_14,30.16,273.34,0.226,none
2026-09-14T18:00:00,site_14,31.75,265.57,0.385,none
2026-09-14T19:00:00,site_14,32.13,286.17,0.293,none
2026-09-14T20:00:00,site_14,34.31,285.82,0.263,none
2026-09-14T21:00:00,site_14,31.32,286.26,0.287,none
2026-09-14T22:00:00,site_14,34.35,257.61,0.244,none
2026-09-14T23:00:00,site_14,26.77,292.41,7.833,packet_loss
2026-09-01T00:00:00,site_15,24.15,132.99,0.256,none
2026-09-01T01:00:00,site_15,17.95,129.14,0.315,none
2026-09-01T02:00:00,site_15,15.66,159.66,0.311,none
2026-09-01T03:00:00,site_15,18.76,104.25,0.295,none
2026-09-01T04:00:00,site_15,22.16,141.27,0.337,none
2026-09-01T05:00:00,site_15,25.44,133.52,0.354,none
2026-09-01T06:00:00,site_15,14.33,125.36,0.256,none
2026-09-01T07:00:00,site_15,17.65,136.76,0.348,none
2026-09-01T08:00:00,site_15,24.89,102.54,0.239,none
2026-09-01T09:00:00,site_15,23.06,131.04,0.301,none
2026-09-01T10:00:00,site_15,14.23,116.09,0.293,none
2026-09-01T11:00:00,site_15,18.27,166.06,0.287,none
2026-09-01T12:00:00,site_15,20.75,136.52,0.275,none
2026-09-01T13:00:00,site_15,21.36,108.37,0.294,none
2026-09-01T14:00:00,site_15,19.37,135.32,0.331,none
2026-09-01T15:00:00,site_15,21.04,128.96,0.192,none
2026-09-01T16:00:00,site_15,21.49,112.91,0.313,none
2026-09-01T17:00:00,site_15,23.54,135.33,0.315,none
2026-09-01T18:00:00,site_15,19.11,133.86,0.268,none
2026-09-01T19:00:00,site_15,15.2,139.93,0.3,none
2026-09-01T20:00:00,site_15,17.69,129.03,0.302,none
2026-09-01T21:00:00,site_15,16.88,137.22,0.207,none
2026-09-01T22:00:00,site_15,15.34,140.1,0.319,none
2026-09-01T23:00:00,site_15,24.45,122.94,0.33,none
2026-09-02T00:00:00,site_15,19.77,147.28,0.403,none
2026-09-02T01:00:00,site_15,22.53,132.46,0.316,none
2026-09-02T02:00:00,site_15,19.03,73.9,0.376,none
2026-09-02T03:00:00,site_15,19.3,124.37,0.26,none
2026-09-02T04:00:00,site_15,19.89,116.93,0.307,none
2026-09-02T05:00:00,site_15,22.81,107.57,0.259,none
2026-09-02T06:00:00,site_15,18.11,114.13,0.27,none
2026-09-02T07:00:00,site_15,19.74,124.53,0.248,none
2026-09-02T08:00:00,site_15,24.01,99.02,0.221,none
2026-09-02T09:00:00,site_15,24.74,95.74,0.34,none
2026-09-02T10:00:00,site_15,17.44,151.37,0.29,none
2026-09-02T11:00:00,site_15,17.87,142.69,0.341,none
2026-09-02T12:00:00,site_15,24.35,127.54,0.455,none
2026-09-02T13:00:00,site_15,21.65,112.72,0.223,none
2026-09-02T14:00:00,site_15,17.23,148.34,0.323,none
2026-09-02T15:00:00,site_15,19.62,123.81,0.339,none
2026-09-02T16:00:00,site_15,21.08,132.18,0.257,none
2026-09-02T17:00:00,site_15,19.14,112.79,0.342,none
2026-09-02T18:00:00,site_15,21.25,109.91,0.34,none
2026-09-02T19:00:00,site_15,16.24,132.99,0.26,none
2026-09-02T20:00:00,site_15,23.75,131.91,0.238,none
2026-09-02T21:00:00,site_15,22.27,107.24,0.233,none
2026-09-02T22:00:00,site_15,20.43,133.38,0.277,none
2026-09-02T23:00:00,site_15,17.44,137.08,0.31,none
2026-09-03T00:00:00,site_15,23.57,120.85,0.266,none
2026-09-03T01:00:00,site_15,13.97,125.04,0.294,none
2026-09-03T02:00:00,site_15,17.41,150.53,0.343,none
2026-09-03T03:00:00,site_15,18.7,133.77,0.268,none
2026-09-03T04:00:00,site_15,19.01,144.04,0.358,none
2026-09-03T05:00:00,site_15,21.41,127.58,0.249,none
2026-09-03T06:00:00,site_15,16.23,145.12,0.377,none
2026-09-03T07:00:00,site_15,18.08,143.5,0.36,none
2026-09-03T08:00:00,site_15,19.58,126.79,0.261,none
2026-09-03T09:00:00,site_15,17.93,119.57,0.294,none
2026-09-03T10:00:00,site_15,13.86,141.45,0.262,none
2026-09-03T11:00:00,site_15,25.94,120.08,0.416,none
2026-09-03T12:00:00,site_15,18.09,88.95,0.333,none
2026-09-03T13:00:00,site_15,21.32,124.24,0.242,none
2026-09-03T14:00:00,site_15,22.15,122.36,0.281,none
2026-09-03T15:00:00,site_15,20.3,111.0,0.345,none
2026-09-03T16:00:00,site_15,19.14,160.14,0.284,none
2026-09-03T17:00:00,site_15,21.78,100.9,0.362,none
2026-09-03T18:00:00,site_15,21.6,77.02,0.286,none
2026-09-03T19:00:00,site_15,23.4,143.47,0.318,none
2026-09-03T20:00:00,site_15,24.51,123.74,0.389,none
2026-09-03T21:00:00,site_15,21.55,120.77,0.369,none
2026-09-03T22:00:00,site_15,24.36,130.34,0.297,none
2026-09-03T23:00:00,site_15,24.35,142.93,0.306,none
2026-09-04T00:00:00,site_15,22.46,106.1,0.301,none
2026-09-04T01:00:00,site_15,15.77,133.26,0.407,none
2026-09-04T02:00:00,site_15,22.33,163.01,0.342,none
2026-09-04T03:00:00,site_15,20.74,134.89,0.371,none
2026-09-04T04:00:00,site_15,11.72,114.83,0.296,none
2026-09-04T05:00:00,site_15,8.93,116.79,0.299,none
2026-09-04T06:00:00,site_15,17.04,128.3,0.316,none
2026-09-04T07:00:00,site_15,24.14,128.54,0.256,none
2026-09-04T08:00:00,site_15,19.39,144.38,0.258,none
2026-09-04T09:00:00,site_15,20.31,157.58,0.319,none
2026-09-04T10:00:00,site_15,22.24,139.23,0.279,none
2026-09-04T11:00:00,site_15,21.64,128.63,0.223,none
2026-09-04T12:00:00,site_15,18.12,104.94,0.281,none
2026-09-04T13:00:00,site_15,23.65,141.88,0.313,none
2026-09-04T14:00:00,site_15,20.32,111.1,0.254,none
2026-09-04T15:00:00,site_15,24.23,143.83,0.245,none
2026-09-04T16:00:00,site_15,18.82,125.35,0.272,none
2026-09-04T17:00:00,site_15,19.97,130.92,0.31,none
2026-09-04T18:00:00,site_15,20.35,143.61,0.373,none
2026-09-04T19:00:00,site_15,15.47,128.61,0.355,none
2026-09-04T20:00:00,site_15,22.07,107.27,0.27,none
2026-09-04T21:00:00,site_15,19.6,95.21,0.366,none
2026-09-04T22:00:00,site_15,20.45,104.99,0.318,none
2026-09-04T23:00:00,site_15,21.45,145.45,0.275,none
2026-09-05T00:00:00,site_15,19.81,98.78,0.412,none
2026-09-05T01:00:00,site_15,22.63,120.75,0.222,none
2026-09-05T02:00:00,site_15,16.66,132.91,0.321,none
2026-09-05T03:00:00,site_15,17.67,125.43,0.252,none
2026-09-05T04:00:00,site_15,21.74,127.36,0.271,none
2026-09-05T05:00:00,site_15,16.12,104.51,0.295,none
2026-09-05T06:00:00,site_15,23.32,137.37,0.301,none
2026-09-05T07:00:00,site_15,21.47,159.23,0.312,none
2026-09-05T08:00:00,site_15,20.62,88.4,0.297,none
2026-09-05T09:00:00,site_15,21.83,132.15,0.332,none
2026-09-05T10:00:00,site_15,24.3,134.39,0.283,none
2026-09-05T11:00:00,site_15,22.96,135.4,0.307,none
2026-09-05T12:00:00,site_15,22.92,123.82,4.113,packet_loss
2026-09-05T13:00:00,site_15,21.72,116.86,0.265,none
2026-09-05T14:00:00,site_15,17.04,140.93,0.304,none
2026-09-05T15:00:00,site_15,24.12,132.33,0.319,none
2026-09-05T16:00:00,site_15,24.53,130.69,0.33,none
2026-09-05T17:00:00,site_15,19.0,103.93,0.31,none
2026-09-05T18:00:00,site_15,21.78,111.67,0.354,none
2026-09-05T19:00:00,site_15,13.75,142.95,0.252,none
2026-09-05T20:00:00,site_15,23.47,124.26,0.322,none
2026-09-05T21:00:00,site_15,23.03,131.25,0.444,none
2026-09-05T22:00:00,site_15,21.77,113.63,0.215,none
2026-09-05T23:00:00,site_15,20.14,132.62,0.228,none
2026-09-06T00:00:00,site_15,17.54,136.81,0.346,none
2026-09-06T01:00:00,site_15,17.14,150.83,0.343,none
2026-09-06T02:00:00,site_15,26.21,129.96,0.373,none
2026-09-06T03:00:00,site_15,18.17,112.65,0.294,none
2026-09-06T04:00:00,site_15,24.2,128.03,0.36,none
2026-09-06T05:00:00,site_15,17.68,108.08,0.274,none
2026-09-06T06:00:00,site_15,26.06,134.27,0.294,none
2026-09-06T07:00:00,site_15,16.12,125.62,0.399,none
2026-09-06T08:00:00,site_15,27.37,139.46,0.364,none
2026-09-06T09:00:00,site_15,20.03,120.35,0.293,none
2026-09-06T10:00:00,site_15,19.83,127.61,0.384,none
2026-09-06T11:00:00,site_15,27.12,95.28,0.238,none
2026-09-06T12:00:00,site_15,24.5,126.03,0.226,none
2026-09-06T13:00:00,site_15,16.43,106.77,0.399,none
2026-09-06T14:00:00,site_15,20.55,126.28,0.287,none
2026-09-06T15:00:00,site_15,19.1,132.74,0.37,none
2026-09-06T16:00:00,site_15,16.37,142.5,0.323,none
2026-09-06T17:00:00,site_15,20.57,136.26,0.301,none
2026-09-06T18:00:00,site_15,17.44,157.57,0.203,none
2026-09-06T19:00:00,site_15,21.13,137.32,0.264,none
2026-09-06T20:00:00,site_15,19.7,109.88,0.244,none
2026-09-06T21:00:00,site_15,15.24,154.68,0.352,none
2026-09-06T22:00:00,site_15,25.19,122.4,0.256,none
2026-09-06T23:00:00,site_15,18.81,154.16,0.258,none
2026-09-07T00:00:00,site_15,18.36,133.3,0.363,none
2026-09-07T01:00:00,site_15,15.98,149.98,0.336,none
2026-09-07T02:00:00,site_15,25.15,107.2,0.346,none
2026-09-07T03:00:00,site_15,21.85,91.87,0.286,none
2026-09-07T04:00:00,site_15,19.84,146.51,0.36,none
2026-09-07T05:00:00,site_15,22.5,112.79,0.302,none
2026-09-07T06:00:00,site_15,17.52,139.48,0.274,none
2026-09-07T07:00:00,site_15,22.15,115.14,0.255,none
2026-09-07T08:00:00,site_15,20.35,105.86,0.342,none
2026-09-07T09:00:00,site_15,15.82,90.07,0.344,none
2026-09-07T10:00:00,site_15,16.3,137.27,0.339,none
2026-09-07T11:00:00,site_15,22.77,158.5,0.366,none
2026-09-07T12:00:00,site_15,20.97,121.02,0.296,none
2026-09-07T13:00:00,site_15,16.25,116.14,0.228,none
2026-09-07T14:00:00,site_15,20.28,117.89,0.34,none
2026-09-07T15:00:00,site_15,17.96,139.38,0.346,none
2026-09-07T16:00:00,site_15,20.72,115.99,0.289,none
2026-09-07T17:00:00,site_15,21.71,132.44,0.313,none
2026-09-07T18:00:00,site_15,21.19,135.94,0.334,none
2026-09-07T19:00:00,site_15,22.77,107.92,0.278,none
2026-09-07T20:00:00,site_15,16.24,123.32,0.31,none
2026-09-07T21:00:00,site_15,18.84,101.45,0.401,none
2026-09-07T22:00:00,site_15,20.4,131.16,0.329,none
2026-09-07T23:00:00,site_15,15.34,147.33,0.361,none
2026-09-08T00:00:00,site_15,19.67,81.14,0.237,none
2026-09-08T01:00:00,site_15,23.63,138.61,0.295,none
2026-09-08T02:00:00,site_15,23.04,121.77,0.408,none
2026-09-08T03:00:00,site_15,15.61,121.36,0.261,none
2026-09-08T04:00:00,site_15,22.42,127.17,0.299,none
2026-09-08T05:00:00,site_15,13.09,104.95,0.28,none
2026-09-08T06:00:00,site_15,19.33,148.74,0.295,none
2026-09-08T07:00:00,site_15,17.65,153.34,0.376,none
2026-09-08T08:00:00,site_15,15.34,132.28,0.318,none
2026-09-08T09:00:00,site_15,18.32,122.24,0.267,none
2026-09-08T10:00:00,site_15,24.13,140.91,0.285,none
2026-09-08T11:00:00,site_15,21.2,162.82,0.343,none
2026-09-08T12:00:00,site_15,20.14,121.16,0.368,none
2026-09-08T13:00:00,site_15,16.02,115.23,0.322,none
2026-09-08T14:00:00,site_15,13.74,113.84,0.317,none
2026-09-08T15:00:00,site_15,14.73,123.62,0.324,none
2026-09-08T16:00:00,site_15,24.77,128.91,0.28,none
2026-09-08T17:00:00,site_15,18.87,138.29,0.337,none
2026-09-08T18:00:00,site_15,21.67,146.82,0.303,none
2026-09-08T19:00:00,site_15,17.85,126.58,0.275,none
2026-09-08T20:00:00,site_15,16.98,122.85,0.206,none
2026-09-08T21:00:00,site_15,23.77,141.34,0.34,none
2026-09-08T22:00:00,site_15,22.13,136.89,0.333,none
2026-09-08T23:00:00,site_15,19.43,128.73,0.282,none
2026-09-09T00:00:00,site_15,16.32,131.13,0.344,none
2026-09-09T01:00:00,site_15,28.32,113.88,0.321,none
2026-09-09T02:00:00,site_15,23.22,137.5,0.353,none
2026-09-09T03:00:00,site_15,25.02,146.92,0.256,none
2026-09-09T04:00:00,site_15,15.39,150.5,0.31,none
2026-09-09T05:00:00,site_15,62.31,99.83,0.431,latency_spike
2026-09-09T06:00:00,site_15,46.93,63.29,0.289,congestion
2026-09-09T07:00:00,site_15,16.69,117.32,0.388,none
2026-09-09T08:00:00,site_15,17.51,120.9,0.353,none
2026-09-09T09:00:00,site_15,20.79,164.61,0.401,none
2026-09-09T10:00:00,site_15,23.98,147.28,0.293,none
2026-09-09T11:00:00,site_15,25.39,108.72,0.328,none
2026-09-09T12:00:00,site_15,20.34,127.9,0.311,none
2026-09-09T13:00:00,site_15,23.38,134.82,0.29,none
2026-09-09T14:00:00,site_15,18.61,131.59,0.264,none
2026-09-09T15:00:00,site_15,21.32,144.83,0.267,none
2026-09-09T16:00:00,site_15,23.44,129.63,0.289,none
2026-09-09T17:00:00,site_15,22.01,108.84,0.368,none
2026-09-09T18:00:00,site_15,25.13,107.67,0.315,none
2026-09-09T19:00:00,site_15,14.1,137.55,0.203,none
2026-09-09T20:00:00,site_15,23.34,119.73,0.254,none
2026-09-09T21:00:00,site_15,19.28,121.6,0.363,none
2026-09-09T22:00:00,site_15,18.65,140.67,0.237,none
2026-09-09T23:00:00,site_15,77.51,7.04,10.343,link_down
2026-09-10T00:00:00,site_15,18.59,127.03,0.335,none
2026-09-10T01:00:00,site_15,16.42,149.94,0.262,none
2026-09-10T02:00:00,site_15,19.42,125.31,0.371,none
2026-09-10T03:00:00,site_15,18.96,123.63,0.274,none
2026-09-10T04:00:00,site_15,18.53,152.62,0.335,none
2026-09-10T05:00:00,site_15,22.97,103.87,0.368,none
2026-09-10T06:00:00,site_15,26.74,142.85,0.321,none
2026-09-10T07:00:00,site_15,18.15,121.75,0.296,none
2026-09-10T08:00:00,site_15,17.46,113.25,0.311,none
2026-09-10T09:00:00,site_15,17.92,137.73,0.368,none
2026-09-10T10:00:00,site_15,21.09,126.32,0.386,none
2026-09-10T11:00:00,site_15,22.85,157.05,0.341,none
2026-09-10T12:00:00,site_15,16.31,123.21,0.335,none
2026-09-10T13:00:00,site_15,26.65,134.2,0.283,none
2026-09-10T14:00:00,site_15,23.57,127.59,6.895,packet_loss
2026-09-10T15:00:00,site_15,20.05,114.1,0.275,none
2026-09-10T16:00:00,site_15,17.88,112.56,0.275,none
2026-09-10T17:00:00,site_15,21.79,130.69,0.359,none
2026-09-10T18:00:00,site_15,22.06,134.42,0.336,none
2026-09-10T19:00:00,site_15,20.18,127.24,0.248,none
2026-09-10T20:00:00,site_15,19.93,149.42,0.345,none
2026-09-10T21:00:00,site_15,20.82,118.29,0.361,none
2026-09-10T22:00:00,site_15,25.82,107.6,0.324,none
2026-09-10T23:00:00,site_15,23.4,122.75,0.192,none
2026-09-11T00:00:00,site_15,19.37,96.94,0.301,none
2026-09-11T01:00:00,site_15,21.97,123.99,0.397,none
2026-09-11T02:00:00,site_15,21.32,124.48,0.218,none
2026-09-11T03:00:00,site_15,22.29,136.71,0.284,none
2026-09-11T04:00:00,site_15,21.96,133.97,0.341,none
2026-09-11T05:00:00,site_15,14.97,135.68,0.299,none
2026-09-11T06:00:00,site_15,20.11,126.99,0.32,none
2026-09-11T07:00:00,site_15,18.09,126.21,0.253,none
2026-09-11T08:00:00,site_15,25.85,143.32,0.314,none
2026-09-11T09:00:00,site_15,17.55,165.03,0.276,none
2026-09-11T10:00:00,site_15,26.03,101.38,0.372,none
2026-09-11T11:00:00,site_15,18.32,135.55,0.249,none
2026-09-11T12:00:00,site_15,17.2,130.33,0.366,none
2026-09-11T13:00:00,site_15,18.95,135.8,0.229,none
2026-09-11T14:00:00,site_15,18.74,139.48,0.319,none
2026-09-11T15:00:00,site_15,19.95,115.86,0.373,none
2026-09-11T16:00:00,site_15,21.28,126.0,0.327,none
2026-09-11T17:00:00,site_15,23.19,148.35,0.349,none
2026-09-11T18:00:00,site_15,18.72,170.01,0.25,none
2026-09-11T19:00:00,site_15,21.03,126.74,0.308,none
2026-09-11T20:00:00,site_15,21.31,132.43,0.433,none
2026-09-11T21:00:00,site_15,21.58,136.31,0.391,none
2026-09-11T22:00:00,site_15,19.48,99.07,0.327,none
2026-09-11T23:00:00,site_15,17.04,149.2,0.263,none
2026-09-12T00:00:00,site_15,20.39,151.59,0.256,none
2026-09-12T01:00:00,site_15,22.35,136.2,0.329,none
2026-09-12T02:00:00,site_15,18.36,152.99,0.294,none
2026-09-12T03:00:00,site_15,24.07,118.22,0.315,none
2026-09-12T04:00:00,site_15,27.59,162.31,0.294,none
2026-09-12T05:00:00,site_15,20.04,122.45,0.305,none
2026-09-12T06:00:00,site_15,87.24,131.62,0.297,latency_spike
2026-09-12T07:00:00,site_15,18.95,140.8,0.326,none
2026-09-12T08:00:00,site_15,21.51,124.71,0.33,none
2026-09-12T09:00:00,site_15,26.34,131.79,0.408,none
2026-09-12T10:00:00,site_15,16.67,133.16,0.317,none
2026-09-12T11:00:00,site_15,20.58,118.25,0.225,none
2026-09-12T12:00:00,site_15,16.18,107.02,0.28,none
2026-09-12T13:00:00,site_15,25.99,142.37,0.371,none
2026-09-12T14:00:00,site_15,21.13,165.26,0.233,none
2026-09-12T15:00:00,site_15,19.02,141.08,0.25,none
2026-09-12T16:00:00,site_15,21.77,139.88,0.339,none
2026-09-12T17:00:00,site_15,19.88,135.63,0.262,none
2026-09-12T18:00:00,site_15,25.32,115.49,0.331,none
2026-09-12T19:00:00,site_15,23.55,102.8,0.344,none
2026-09-12T20:00:00,site_15,18.23,123.91,0.351,none
2026-09-12T21:00:00,site_15,19.64,110.59,0.246,none
2026-09-12T22:00:00,site_15,16.19,125.9,0.433,none
2026-09-12T23:00:00,site_15,22.25,111.76,0.238,none
2026-09-13T00:00:00,site_15,19.18,145.28,0.306,none
2026-09-13T01:00:00,site_15,18.61,133.51,0.259,none
2026-09-13T02:00:00,site_15,21.65,114.76,0.288,none
2026-09-13T03:00:00,site_15,24.08,107.96,0.281,none
2026-09-13T04:00:00,site_15,19.83,131.93,0.355,none
2026-09-13T05:00:00,site_15,17.51,124.32,0.364,none
2026-09-13T06:00:00,site_15,22.49,127.09,0.361,none
2026-09-13T07:00:00,site_15,22.06,142.86,0.389,none
2026-09-13T08:00:00,site_15,19.24,148.6,0.373,none
2026-09-13T09:00:00,site_15,17.01,147.46,0.222,none
2026-09-13T10:00:00,site_15,19.52,129.21,0.246,none
2026-09-13T11:00:00,site_15,20.83,120.47,0.401,none
2026-09-13T12:00:00,site_15,23.41,105.83,0.226,none
2026-09-13T13:00:00,site_15,25.59,112.53,0.306,none
2026-09-13T14:00:00,site_15,17.87,130.57,0.274,none
2026-09-13T15:00:00,site_15,16.04,99.39,0.323,none
2026-09-13T16:00:00,site_15,21.81,114.04,0.349,none
2026-09-13T17:00:00,site_15,20.05,125.32,0.267,none
2026-09-13T18:00:00,site_15,24.88,144.74,0.286,none
2026-09-13T19:00:00,site_15,16.72,138.63,0.258,none
2026-09-13T20:00:00,site_15,28.93,119.13,0.445,none
2026-09-13T21:00:00,site_15,17.78,115.74,0.417,none
2026-09-13T22:00:00,site_15,36.66,49.85,0.321,congestion
2026-09-13T23:00:00,site_15,25.35,110.76,0.331,none
2026-09-14T00:00:00,site_15,18.53,143.76,0.226,none
2026-09-14T01:00:00,site_15,20.7,125.6,0.231,none
2026-09-14T02:00:00,site_15,25.82,134.62,0.3,none
2026-09-14T03:00:00,site_15,23.09,154.22,0.24,none
2026-09-14T04:00:00,site_15,21.88,133.89,0.362,none
2026-09-14T05:00:00,site_15,22.14,142.52,0.346,none
2026-09-14T06:00:00,site_15,21.58,116.04,0.284,none
2026-09-14T07:00:00,site_15,17.75,124.06,0.275,none
2026-09-14T08:00:00,site_15,16.13,157.09,0.274,none
2026-09-14T09:00:00,site_15,14.75,148.04,0.307,none
2026-09-14T10:00:00,site_15,18.72,140.72,0.151,none
2026-09-14T11:00:00,site_15,19.67,125.72,0.424,none
2026-09-14T12:00:00,site_15,23.0,154.85,0.333,none
2026-09-14T13:00:00,site_15,16.17,138.86,0.381,none
2026-09-14T14:00:00,site_15,23.73,166.56,0.341,none
2026-09-14T15:00:00,site_15,20.18,148.23,0.287,none
2026-09-14T16:00:00,site_15,19.83,132.69,0.282,none
2026-09-14T17:00:00,site_15,20.66,103.55,0.277,none
2026-09-14T18:00:00,site_15,18.81,115.75,0.35,none
2026-09-14T19:00:00,site_15,21.71,108.66,0.294,none
2026-09-14T20:00:00,site_15,19.59,137.39,0.349,none
2026-09-14T21:00:00,site_15,23.8,131.57,0.287,none
2026-09-14T22:00:00,site_15,22.75,119.81,0.318,none
2026-09-14T23:00:00,site_15,14.0,134.28,0.234,none
2026-09-01T00:00:00,site_16,28.19,279.33,0.161,none
2026-09-01T01:00:00,site_16,23.93,299.19,0.165,none
2026-09-01T02:00:00,site_16,31.99,283.75,0.225,none
2026-09-01T03:00:00,site_16,22.03,294.23,0.199,none
2026-09-01T04:00:00,site_16,25.86,267.56,0.266,none
2026-09-01T05:00:00,site_16,22.29,290.78,0.294,none
2026-09-01T06:00:00,site_16,25.03,289.67,0.248,none
2026-09-01T07:00:00,site_16,23.37,302.51,0.282,none
2026-09-01T08:00:00,site_16,26.09,289.7,0.192,none
2026-09-01T09:00:00,site_16,23.75,289.02,0.21,none
2026-09-01T10:00:00,site_16,20.22,284.61,0.315,none
2026-09-01T11:00:00,site_16,26.43,293.19,0.197,none
2026-09-01T12:00:00,site_16,25.96,250.61,0.199,none
2026-09-01T13:00:00,site_16,23.24,319.91,0.306,none
2026-09-01T14:00:00,site_16,21.81,316.16,0.246,none
2026-09-01T15:00:00,site_16,24.68,301.71,0.185,none
2026-09-01T16:00:00,site_16,25.54,270.82,0.202,none
2026-09-01T17:00:00,site_16,27.19,273.71,0.23,none
2026-09-01T18:00:00,site_16,21.19,269.61,0.201,none
2026-09-01T19:00:00,site_16,25.68,260.75,0.207,none
2026-09-01T20:00:00,site_16,26.19,283.32,0.211,none
2026-09-01T21:00:00,site_16,29.76,268.08,0.195,none
2026-09-01T22:00:00,site_16,23.83,275.88,0.125,none
2026-09-01T23:00:00,site_16,21.71,312.52,0.328,none
2026-09-02T00:00:00,site_16,20.37,298.41,0.166,none
2026-09-02T01:00:00,site_16,22.7,279.83,0.197,none
2026-09-02T02:00:00,site_16,22.48,302.63,0.214,none
2026-09-02T03:00:00,site_16,17.89,301.55,0.181,none
2026-09-02T04:00:00,site_16,25.05,278.9,0.131,none
2026-09-02T05:00:00,site_16,27.0,300.28,0.306,none
2026-09-02T06:00:00,site_16,28.64,280.16,0.252,none
2026-09-02T07:00:00,site_16,23.07,288.79,0.152,none
2026-09-02T08:00:00,site_16,23.65,257.52,0.192,none
2026-09-02T09:00:00,site_16,27.14,291.61,0.288,none
2026-09-02T10:00:00,site_16,22.92,286.46,0.198,none
2026-09-02T11:00:00,site_16,24.77,277.91,0.216,none
2026-09-02T12:00:00,site_16,21.57,292.09,0.136,none
2026-09-02T13:00:00,site_16,26.17,311.77,0.159,none
2026-09-02T14:00:00,site_16,23.79,301.37,0.206,none
2026-09-02T15:00:00,site_16,21.33,267.15,0.178,none
2026-09-02T16:00:00,site_16,29.37,264.8,0.223,none
2026-09-02T17:00:00,site_16,25.66,294.01,0.263,none
2026-09-02T18:00:00,site_16,24.85,282.93,0.28,none
2026-09-02T19:00:00,site_16,21.0,256.87,0.244,none
2026-09-02T20:00:00,site_16,30.46,298.4,0.285,none
2026-09-02T21:00:00,site_16,28.98,300.55,0.151,none
2026-09-02T22:00:00,site_16,25.49,285.84,0.213,none
2026-09-02T23:00:00,site_16,22.32,299.32,0.231,none
2026-09-03T00:00:00,site_16,42.71,104.73,0.24,congestion
2026-09-03T01:00:00,site_16,22.11,259.19,0.237,none
2026-09-03T02:00:00,site_16,22.44,272.87,0.203,none
2026-09-03T03:00:00,site_16,23.6,269.51,0.212,none
2026-09-03T04:00:00,site_16,24.71,288.36,0.199,none
2026-09-03T05:00:00,site_16,21.82,262.41,0.274,none
2026-09-03T06:00:00,site_16,24.83,291.77,0.232,none
2026-09-03T07:00:00,site_16,23.61,280.22,0.341,none
2026-09-03T08:00:00,site_16,25.09,307.82,0.277,none
2026-09-03T09:00:00,site_16,23.92,287.09,0.246,none
2026-09-03T10:00:00,site_16,24.29,280.41,0.268,none
2026-09-03T11:00:00,site_16,23.3,259.68,0.164,none
2026-09-03T12:00:00,site_16,25.59,282.64,0.271,none
2026-09-03T13:00:00,site_16,24.38,291.09,0.193,none
2026-09-03T14:00:00,site_16,21.0,314.27,0.272,none
2026-09-03T15:00:00,site_16,22.22,293.65,0.198,none
2026-09-03T16:00:00,site_16,23.51,310.21,0.216,none
2026-09-03T17:00:00,site_16,26.39,267.09,0.32,none
2026-09-03T18:00:00,site_16,25.73,297.03,0.156,none
2026-09-03T19:00:00,site_16,24.46,308.02,0.235,none
2026-09-03T20:00:00,site_16,28.55,287.64,0.274,none
2026-09-03T21:00:00,site_16,24.35,284.13,0.222,none
2026-09-03T22:00:00,site_16,25.43,298.14,0.222,none
2026-09-03T23:00:00,site_16,24.46,257.38,0.298,none
2026-09-04T00:00:00,site_16,22.73,307.7,0.264,none
2026-09-04T01:00:00,site_16,26.89,270.01,0.211,none
2026-09-04T02:00:00,site_16,22.55,272.36,0.219,none
2026-09-04T03:00:00,site_16,26.53,266.66,0.088,none
2026-09-04T04:00:00,site_16,21.34,278.18,0.106,none
2026-09-04T05:00:00,site_16,25.64,291.99,0.23,none
2026-09-04T06:00:00,site_16,21.63,280.56,0.178,none
2026-09-04T07:00:00,site_16,25.32,302.43,0.141,none
2026-09-04T08:00:00,site_16,26.72,273.47,0.206,none
2026-09-04T09:00:00,site_16,24.62,297.45,0.22,none
2026-09-04T10:00:00,site_16,21.07,291.04,0.22,none
2026-09-04T11:00:00,site_16,26.33,306.35,0.182,none
2026-09-04T12:00:00,site_16,22.29,262.15,0.315,none
2026-09-04T13:00:00,site_16,22.01,270.43,0.196,none
2026-09-04T14:00:00,site_16,28.9,268.6,0.138,none
2026-09-04T15:00:00,site_16,24.26,283.99,0.243,none
2026-09-04T16:00:00,site_16,24.45,266.25,0.132,none
2026-09-04T17:00:00,site_16,21.33,291.37,0.125,none
2026-09-04T18:00:00,site_16,24.07,286.74,0.235,none
2026-09-04T19:00:00,site_16,22.58,306.0,0.199,none
2026-09-04T20:00:00,site_16,23.61,287.09,0.208,none
2026-09-04T21:00:00,site_16,23.33,288.78,0.292,none
2026-09-04T22:00:00,site_16,27.75,267.21,0.156,none
2026-09-04T23:00:00,site_16,26.9,279.55,0.18,none
2026-09-05T00:00:00,site_16,26.64,303.2,0.193,none
2026-09-05T01:00:00,site_16,27.43,283.39,0.185,none
2026-09-05T02:00:00,site_16,23.05,300.46,0.14,none
2026-09-05T03:00:00,site_16,22.46,284.18,0.208,none
2026-09-05T04:00:00,site_16,23.72,280.67,0.187,none
2026-09-05T05:00:00,site_16,24.66,285.45,0.183,none
2026-09-05T06:00:00,site_16,22.66,298.81,0.178,none
2026-09-05T07:00:00,site_16,24.76,283.14,0.186,none
2026-09-05T08:00:00,site_16,16.39,310.98,0.268,none
2026-09-05T09:00:00,site_16,23.23,294.9,0.242,none
2026-09-05T10:00:00,site_16,78.94,15.95,10.263,link_down
2026-09-05T11:00:00,site_16,26.45,298.45,0.111,none
2026-09-05T12:00:00,site_16,23.22,284.91,0.254,none
2026-09-05T13:00:00,site_16,20.54,277.11,0.223,none
2026-09-05T14:00:00,site_16,29.48,283.04,0.257,none
2026-09-05T15:00:00,site_16,26.21,286.97,0.195,none
2026-09-05T16:00:00,site_16,21.19,292.54,0.213,none
2026-09-05T17:00:00,site_16,106.32,14.22,10.17,link_down
2026-09-05T18:00:00,site_16,27.05,271.98,0.226,none
2026-09-05T19:00:00,site_16,22.3,282.93,0.137,none
2026-09-05T20:00:00,site_16,20.49,303.42,0.211,none
2026-09-05T21:00:00,site_16,28.07,271.86,0.178,none
2026-09-05T22:00:00,site_16,28.51,315.43,0.132,none
2026-09-05T23:00:00,site_16,24.8,279.6,0.214,none
2026-09-06T00:00:00,site_16,25.81,272.92,0.225,none
2026-09-06T01:00:00,site_16,23.35,261.28,0.195,none
2026-09-06T02:00:00,site_16,27.42,286.45,0.221,none
2026-09-06T03:00:00,site_16,18.2,257.38,0.199,none
2026-09-06T04:00:00,site_16,23.88,274.37,0.203,none
2026-09-06T05:00:00,site_16,26.92,298.18,0.188,none
2026-09-06T06:00:00,site_16,25.41,293.7,0.298,none
2026-09-06T07:00:00,site_16,28.09,269.93,0.183,none
2026-09-06T08:00:00,site_16,25.04,297.05,0.087,none
2026-09-06T09:00:00,site_16,26.4,295.54,0.155,none
2026-09-06T10:00:00,site_16,24.61,296.2,0.209,none
2026-09-06T11:00:00,site_16,27.91,284.27,0.229,none
2026-09-06T12:00:00,site_16,24.19,270.45,0.249,none
2026-09-06T13:00:00,site_16,28.45,298.06,0.098,none
2026-09-06T14:00:00,site_16,22.83,288.01,0.3,none
2026-09-06T15:00:00,site_16,31.31,281.6,0.177,none
2026-09-06T16:00:00,site_16,27.36,297.08,0.177,none
2026-09-06T17:00:00,site_16,21.49,275.38,0.21,none
2026-09-06T18:00:00,site_16,27.74,278.66,0.204,none
2026-09-06T19:00:00,site_16,27.7,277.34,0.272,none
2026-09-06T20:00:00,site_16,23.25,287.78,0.192,none
2026-09-06T21:00:00,site_16,24.0,281.07,0.218,none
2026-09-06T22:00:00,site_16,24.36,297.08,0.222,none
2026-09-06T23:00:00,site_16,23.45,280.45,0.159,none
2026-09-07T00:00:00,site_16,30.48,291.47,0.186,none
2026-09-07T01:00:00,site_16,19.79,274.88,0.253,none
2026-09-07T02:00:00,site_16,21.71,274.61,0.248,none
2026-09-07T03:00:00,site_16,22.7,282.71,0.326,none
2026-09-07T04:00:00,site_16,28.99,261.05,0.208,none
2026-09-07T05:00:00,site_16,26.22,303.23,0.232,none
2026-09-07T06:00:00,site_16,22.6,296.64,0.251,none
2026-09-07T07:00:00,site_16,24.98,288.09,0.229,none
2026-09-07T08:00:00,site_16,26.48,287.69,0.213,none
2026-09-07T09:00:00,site_16,22.24,275.44,0.242,none
2026-09-07T10:00:00,site_16,27.03,286.56,0.256,none
2026-09-07T11:00:00,site_16,27.11,280.19,0.236,none
2026-09-07T12:00:00,site_16,19.93,312.86,0.329,none
2026-09-07T13:00:00,site_16,27.0,296.17,0.199,none
2026-09-07T14:00:00,site_16,27.48,272.74,0.162,none
2026-09-07T15:00:00,site_16,26.55,274.35,0.204,none
2026-09-07T16:00:00,site_16,21.55,250.74,0.164,none
2026-09-07T17:00:00,site_16,26.04,294.75,0.246,none
2026-09-07T18:00:00,site_16,22.06,292.96,0.205,none
2026-09-07T19:00:00,site_16,25.73,306.59,0.192,none
2026-09-07T20:00:00,site_16,30.69,288.14,0.24,none
2026-09-07T21:00:00,site_16,24.45,300.75,0.272,none
2026-09-07T22:00:00,site_16,26.34,291.54,0.235,none
2026-09-07T23:00:00,site_16,26.14,285.25,0.257,none
2026-09-08T00:00:00,site_16,22.92,287.31,0.127,none
2026-09-08T01:00:00,site_16,28.26,283.48,5.289,packet_loss
2026-09-08T02:00:00,site_16,22.23,283.81,0.17,none
2026-09-08T03:00:00,site_16,25.3,280.87,0.217,none
2026-09-08T04:00:00,site_16,28.02,280.72,0.247,none
2026-09-08T05:00:00,site_16,27.03,302.89,0.269,none
2026-09-08T06:00:00,site_16,25.46,305.9,0.296,none
2026-09-08T07:00:00,site_16,22.78,264.9,0.268,none
2026-09-08T08:00:00,site_16,19.25,270.87,0.128,none
2026-09-08T09:00:00,site_16,21.33,261.98,0.213,none
2026-09-08T10:00:00,site_16,101.38,276.63,0.212,latency_spike
2026-09-08T11:00:00,site_16,28.12,319.53,0.2,none
2026-09-08T12:00:00,site_16,23.88,290.25,0.213,none
2026-09-08T13:00:00,site_16,31.22,261.64,0.19,none
2026-09-08T14:00:00,site_16,23.02,299.18,0.247,none
2026-09-08T15:00:00,site_16,30.33,292.33,0.128,none
2026-09-08T16:00:00,site_16,31.14,266.12,0.24,none
2026-09-08T17:00:00,site_16,20.53,300.64,0.217,none
2026-09-08T18:00:00,site_16,22.14,257.39,0.25,none
2026-09-08T19:00:00,site_16,20.02,287.79,0.244,none
2026-09-08T20:00:00,site_16,24.93,287.91,0.18,none
2026-09-08T21:00:00,site_16,26.79,302.85,0.255,none
2026-09-08T22:00:00,site_16,26.49,294.32,0.18,none
2026-09-08T23:00:00,site_16,26.62,307.99,0.125,none
2026-09-09T00:00:00,site_16,28.08,290.32,0.203,none
2026-09-09T01:00:00,site_16,22.66,284.67,0.141,none
2026-09-09T02:00:00,site_16,31.58,288.28,0.225,none
2026-09-09T03:00:00,site_16,22.1,282.73,0.22,none
2026-09-09T04:00:00,site_16,22.33,294.53,0.225,none
2026-09-09T05:00:00,site_16,26.7,284.78,0.207,none
2026-09-09T06:00:00,site_16,21.75,259.23,0.243,none
2026-09-09T07:00:00,site_16,21.35,300.61,0.208,none
2026-09-09T08:00:00,site_16,30.39,263.17,0.211,none
2026-09-09T09:00:00,site_16,25.4,277.72,0.256,none
2026-09-09T10:00:00,site_16,28.64,280.89,0.135,none
2026-09-09T11:00:00,site_16,23.83,260.05,0.162,none
2026-09-09T12:00:00,site_16,29.25,297.95,0.198,none
2026-09-09T13:00:00,site_16,18.47,278.86,0.235,none
2026-09-09T14:00:00,site_16,22.97,286.76,0.232,none
2026-09-09T15:00:00,site_16,27.17,292.12,0.241,none
2026-09-09T16:00:00,site_16,27.07,313.45,0.182,none
2026-09-09T17:00:00,site_16,24.17,283.95,0.288,none
2026-09-09T18:00:00,site_16,24.35,293.41,0.22,none
2026-09-09T19:00:00,site_16,25.66,303.52,0.292,none
2026-09-09T20:00:00,site_16,22.14,310.35,0.161,none
2026-09-09T21:00:00,site_16,28.62,309.68,0.25,none
2026-09-09T22:00:00,site_16,21.47,291.94,0.181,none
2026-09-09T23:00:00,site_16,26.42,284.79,0.154,none
2026-09-10T00:00:00,site_16,26.13,283.6,0.251,none
2026-09-10T01:00:00,site_16,28.58,289.6,0.281,none
2026-09-10T02:00:00,site_16,25.96,281.37,0.172,none
2026-09-10T03:00:00,site_16,27.25,257.24,0.251,none
2026-09-10T04:00:00,site_16,22.42,274.81,0.136,none
2026-09-10T05:00:00,site_16,24.05,299.29,0.229,none
2026-09-10T06:00:00,site_16,25.3,283.52,0.168,none
2026-09-10T07:00:00,site_16,26.46,294.03,0.243,none
2026-09-10T08:00:00,site_16,25.1,266.7,0.166,none
2026-09-10T09:00:00,site_16,25.37,262.9,0.162,none
2026-09-10T10:00:00,site_16,27.46,275.14,0.222,none
2026-09-10T11:00:00,site_16,23.84,291.35,0.148,none
2026-09-10T12:00:00,site_16,28.89,309.91,0.257,none
2026-09-10T13:00:00,site_16,19.11,273.1,0.2,none
2026-09-10T14:00:00,site_16,23.65,298.51,0.234,none
2026-09-10T15:00:00,site_16,24.52,269.33,0.08,none
2026-09-10T16:00:00,site_16,22.74,259.33,0.237,none
2026-09-10T17:00:00,site_16,26.89,304.07,0.169,none
2026-09-10T18:00:00,site_16,23.63,299.66,0.11,none
2026-09-10T19:00:00,site_16,27.38,300.7,0.251,none
2026-09-10T20:00:00,site_16,16.34,311.54,0.232,none
2026-09-10T21:00:00,site_16,21.06,261.03,0.305,none
2026-09-10T22:00:00,site_16,23.65,295.25,0.254,none
2026-09-10T23:00:00,site_16,25.26,271.52,0.251,none
2026-09-11T00:00:00,site_16,19.14,308.61,0.091,none
2026-09-11T01:00:00,site_16,22.68,297.92,0.241,none
2026-09-11T02:00:00,site_16,25.94,286.04,0.251,none
2026-09-11T03:00:00,site_16,20.56,239.51,0.194,none
2026-09-11T04:00:00,site_16,23.45,273.44,0.259,none
2026-09-11T05:00:00,site_16,25.94,296.91,0.231,none
2026-09-11T06:00:00,site_16,27.43,288.14,0.198,none
2026-09-11T07:00:00,site_16,26.39,300.68,7.856,packet_loss
2026-09-11T08:00:00,site_16,26.77,283.22,0.179,none
2026-09-11T09:00:00,site_16,24.19,308.73,0.304,none
2026-09-11T10:00:00,site_16,25.28,314.72,0.227,none
2026-09-11T11:00:00,site_16,22.56,276.78,0.215,none
2026-09-11T12:00:00,site_16,20.34,280.6,0.226,none
2026-09-11T13:00:00,site_16,24.51,291.0,0.153,none
2026-09-11T14:00:00,site_16,24.4,294.99,0.227,none
2026-09-11T15:00:00,site_16,23.88,310.01,0.242,none
2026-09-11T16:00:00,site_16,21.51,276.63,0.216,none
2026-09-11T17:00:00,site_16,26.28,293.15,0.197,none
2026-09-11T18:00:00,site_16,30.73,278.99,0.151,none
2026-09-11T19:00:00,site_16,23.53,301.43,0.186,none
2026-09-11T20:00:00,site_16,24.56,303.98,0.177,none
2026-09-11T21:00:00,site_16,24.86,294.57,0.206,none
2026-09-11T22:00:00,site_16,26.35,266.03,0.198,none
2026-09-11T23:00:00,site_16,23.18,293.44,0.19,none
2026-09-12T00:00:00,site_16,23.88,271.37,0.24,none
2026-09-12T01:00:00,site_16,18.06,275.72,0.233,none
2026-09-12T02:00:00,site_16,26.93,303.07,0.207,none
2026-09-12T03:00:00,site_16,17.65,299.55,0.315,none
2026-09-12T04:00:00,site_16,24.0,270.94,0.257,none
2026-09-12T05:00:00,site_16,26.02,291.88,0.22,none
2026-09-12T06:00:00,site_16,27.78,279.49,0.169,none
2026-09-12T07:00:00,site_16,23.55,270.93,0.236,none
2026-09-12T08:00:00,site_16,47.81,119.81,0.235,congestion
2026-09-12T09:00:00,site_16,29.65,298.41,0.194,none
2026-09-12T10:00:00,site_16,26.95,290.38,0.159,none
2026-09-12T11:00:00,site_16,28.36,305.06,0.292,none
2026-09-12T12:00:00,site_16,29.78,292.44,0.205,none
2026-09-12T13:00:00,site_16,24.62,295.12,0.217,none
2026-09-12T14:00:00,site_16,23.73,297.01,0.164,none
2026-09-12T15:00:00,site_16,25.88,304.1,0.301,none
2026-09-12T16:00:00,site_16,25.14,290.56,0.248,none
2026-09-12T17:00:00,site_16,28.86,252.37,0.236,none
2026-09-12T18:00:00,site_16,23.88,253.37,0.212,none
2026-09-12T19:00:00,site_16,29.62,292.96,0.175,none
2026-09-12T20:00:00,site_16,26.36,297.78,0.204,none
2026-09-12T21:00:00,site_16,23.54,303.34,0.265,none
2026-09-12T22:00:00,site_16,20.4,317.8,0.262,none
2026-09-12T23:00:00,site_16,19.87,290.45,0.158,none
2026-09-13T00:00:00,site_16,24.44,285.98,0.272,none
2026-09-13T01:00:00,site_16,23.15,270.37,0.235,none
2026-09-13T02:00:00,site_16,23.38,300.09,0.173,none
2026-09-13T03:00:00,site_16,21.1,287.5,0.209,none
2026-09-13T04:00:00,site_16,29.92,281.5,0.115,none
2026-09-13T05:00:00,site_16,25.48,290.36,0.207,none
2026-09-13T06:00:00,site_16,24.99,285.76,0.176,none
2026-09-13T07:00:00,site_16,25.57,291.02,0.162,none
2026-09-13T08:00:00,site_16,24.15,277.97,0.176,none
2026-09-13T09:00:00,site_16,23.91,278.47,0.172,none
2026-09-13T10:00:00,site_16,27.36,290.43,0.203,none
2026-09-13T11:00:00,site_16,28.68,294.69,0.228,none
2026-09-13T12:00:00,site_16,24.11,290.1,0.191,none
2026-09-13T13:00:00,site_16,25.61,292.53,0.201,none
2026-09-13T14:00:00,site_16,22.42,260.76,0.18,none
2026-09-13T15:00:00,site_16,25.6,276.05,0.264,none
2026-09-13T16:00:00,site_16,21.81,275.21,0.242,none
2026-09-13T17:00:00,site_16,18.55,291.56,0.105,none
2026-09-13T18:00:00,site_16,27.87,332.48,0.203,none
2026-09-13T19:00:00,site_16,23.05,288.33,0.182,none
2026-09-13T20:00:00,site_16,23.31,293.27,0.207,none
2026-09-13T21:00:00,site_16,22.58,281.13,0.165,none
2026-09-13T22:00:00,site_16,26.52,283.88,0.128,none
2026-09-13T23:00:00,site_16,25.84,266.59,0.197,none
2026-09-14T00:00:00,site_16,26.62,281.76,0.212,none
2026-09-14T01:00:00,site_16,20.15,308.42,0.248,none
2026-09-14T02:00:00,site_16,25.16,301.95,0.218,none
2026-09-14T03:00:00,site_16,33.34,285.44,0.186,none
2026-09-14T04:00:00,site_16,17.95,306.06,0.198,none
2026-09-14T05:00:00,site_16,27.82,271.12,0.169,none
2026-09-14T06:00:00,site_16,24.38,277.43,0.163,none
2026-09-14T07:00:00,site_16,29.11,297.62,0.224,none
2026-09-14T08:00:00,site_16,28.77,292.35,7.871,packet_loss
2026-09-14T09:00:00,site_16,27.29,283.61,0.238,none
2026-09-14T10:00:00,site_16,27.44,294.49,0.176,none
2026-09-14T11:00:00,site_16,21.56,300.64,0.258,none
2026-09-14T12:00:00,site_16,29.58,310.18,0.223,none
2026-09-14T13:00:00,site_16,22.82,283.25,0.161,none
2026-09-14T14:00:00,site_16,24.27,262.43,0.244,none
2026-09-14T15:00:00,site_16,24.56,246.88,0.203,none
2026-09-14T16:00:00,site_16,22.76,309.11,0.094,none
2026-09-14T17:00:00,site_16,27.07,276.81,0.176,none
2026-09-14T18:00:00,site_16,25.72,301.35,0.24,none
2026-09-14T19:00:00,site_16,28.38,315.91,0.131,none
2026-09-14T20:00:00,site_16,24.46,280.9,0.264,none
2026-09-14T21:00:00,site_16,30.36,303.84,0.283,none
2026-09-14T22:00:00,site_16,22.17,276.48,0.281,none
2026-09-14T23:00:00,site_16,21.77,270.51,0.353,none
2026-09-01T00:00:00,site_17,35.1,145.56,0.117,none
2026-09-01T01:00:00,site_17,32.88,160.26,0.242,none
2026-09-01T02:00:00,site_17,30.15,187.13,0.146,none
2026-09-01T03:00:00,site_17,34.91,135.37,0.202,none
2026-09-01T04:00:00,site_17,30.08,201.53,0.139,none
2026-09-01T05:00:00,site_17,33.06,177.91,0.153,none
2026-09-01T06:00:00,site_17,36.81,186.12,0.141,none
2026-09-01T07:00:00,site_17,30.47,186.88,0.225,none
2026-09-01T08:00:00,site_17,27.37,183.47,0.231,none
2026-09-01T09:00:00,site_17,38.16,152.35,0.2,none
2026-09-01T10:00:00,site_17,35.4,181.35,0.256,none
2026-09-01T11:00:00,site_17,31.01,164.8,0.153,none
2026-09-01T12:00:00,site_17,36.26,191.3,0.091,none
2026-09-01T13:00:00,site_17,32.41,160.44,0.188,none
2026-09-01T14:00:00,site_17,34.9,192.37,0.13,none
2026-09-01T15:00:00,site_17,29.93,175.75,0.182,none
2026-09-01T16:00:00,site_17,36.16,182.5,0.123,none
2026-09-01T17:00:00,site_17,33.78,194.67,0.164,none
2026-09-01T18:00:00,site_17,38.48,179.5,0.174,none
2026-09-01T19:00:00,site_17,32.27,182.46,0.191,none
2026-09-01T20:00:00,site_17,32.05,162.92,0.249,none
2026-09-01T21:00:00,site_17,95.0,154.63,0.18,latency_spike
2026-09-01T22:00:00,site_17,28.82,156.99,0.174,none
2026-09-01T23:00:00,site_17,39.71,181.07,0.108,none
2026-09-02T00:00:00,site_17,33.42,166.21,0.232,none
2026-09-02T01:00:00,site_17,26.28,156.87,0.132,none
2026-09-02T02:00:00,site_17,141.4,174.45,0.099,latency_spike
2026-09-02T03:00:00,site_17,32.96,159.91,0.24,none
2026-09-02T04:00:00,site_17,34.54,162.97,0.17,none
2026-09-02T05:00:00,site_17,33.19,184.22,0.141,none
2026-09-02T06:00:00,site_17,33.29,159.79,0.09,none
2026-09-02T07:00:00,site_17,31.9,170.23,0.192,none
2026-09-02T08:00:00,site_17,31.74,155.32,0.134,none
2026-09-02T09:00:00,site_17,32.63,163.91,0.126,none
2026-09-02T10:00:00,site_17,63.12,73.38,0.21,congestion
2026-09-02T11:00:00,site_17,35.07,174.24,0.179,none
2026-09-02T12:00:00,site_17,29.31,158.41,0.15,none
2026-09-02T13:00:00,site_17,32.69,176.45,0.131,none
2026-09-02T14:00:00,site_17,37.65,166.86,0.133,none
2026-09-02T15:00:00,site_17,32.48,164.27,0.079,none
2026-09-02T16:00:00,site_17,35.28,191.39,0.246,none
2026-09-02T17:00:00,site_17,29.25,165.59,0.091,none
2026-09-02T18:00:00,site_17,32.99,180.25,0.264,none
2026-09-02T19:00:00,site_17,28.15,170.33,0.152,none
2026-09-02T20:00:00,site_17,33.25,153.94,0.172,none
2026-09-02T21:00:00,site_17,33.73,181.93,0.237,none
2026-09-02T22:00:00,site_17,35.35,165.5,0.15,none
2026-09-02T23:00:00,site_17,28.11,166.11,0.222,none
2026-09-03T00:00:00,site_17,31.37,168.18,0.172,none
2026-09-03T01:00:00,site_17,35.0,172.33,0.22,none
2026-09-03T02:00:00,site_17,34.8,156.74,0.253,none
2026-09-03T03:00:00,site_17,23.98,197.05,0.166,none
2026-09-03T04:00:00,site_17,30.41,178.75,0.121,none
2026-09-03T05:00:00,site_17,30.56,167.78,0.14,none
2026-09-03T06:00:00,site_17,33.04,178.06,0.196,none
2026-09-03T07:00:00,site_17,29.16,199.24,0.212,none
2026-09-03T08:00:00,site_17,35.33,165.26,0.048,none
2026-09-03T09:00:00,site_17,34.13,170.63,0.145,none
2026-09-03T10:00:00,site_17,36.35,134.73,0.165,none
2026-09-03T11:00:00,site_17,30.05,184.91,0.114,none
2026-09-03T12:00:00,site_17,32.78,185.25,0.146,none
2026-09-03T13:00:00,site_17,28.39,150.35,0.089,none
2026-09-03T14:00:00,site_17,33.23,157.49,0.095,none
2026-09-03T15:00:00,site_17,25.52,184.52,0.218,none
2026-09-03T16:00:00,site_17,29.47,176.3,0.191,none
2026-09-03T17:00:00,site_17,32.72,153.39,0.134,none
2026-09-03T18:00:00,site_17,36.75,189.43,0.199,none
2026-09-03T19:00:00,site_17,32.0,150.45,0.124,none
2026-09-03T20:00:00,site_17,33.95,186.34,0.203,none
2026-09-03T21:00:00,site_17,32.44,157.42,0.163,none
2026-09-03T22:00:00,site_17,34.2,166.77,0.161,none
2026-09-03T23:00:00,site_17,30.0,186.62,0.098,none
2026-09-04T00:00:00,site_17,31.95,184.57,0.097,none
2026-09-04T01:00:00,site_17,34.47,166.3,0.161,none
2026-09-04T02:00:00,site_17,34.96,176.65,0.178,none
2026-09-04T03:00:00,site_17,33.73,157.28,0.133,none
2026-09-04T04:00:00,site_17,31.75,188.13,0.177,none
2026-09-04T05:00:00,site_17,32.55,173.72,0.169,none
2026-09-04T06:00:00,site_17,29.1,173.76,0.078,none
2026-09-04T07:00:00,site_17,28.91,189.83,0.043,none
2026-09-04T08:00:00,site_17,27.31,154.16,0.181,none
2026-09-04T09:00:00,site_17,31.37,185.55,0.126,none
2026-09-04T10:00:00,site_17,31.32,164.09,0.069,none
2026-09-04T11:00:00,site_17,31.88,188.33,0.101,none
2026-09-04T12:00:00,site_17,35.83,176.56,0.193,none
2026-09-04T13:00:00,site_17,33.6,199.48,0.17,none
2026-09-04T14:00:00,site_17,34.14,163.66,0.16,none
2026-09-04T15:00:00,site_17,29.76,164.51,0.189,none
2026-09-04T16:00:00,site_17,35.14,157.37,0.116,none
2026-09-04T17:00:00,site_17,27.63,171.76,0.258,none
2026-09-04T18:00:00,site_17,36.26,181.95,6.014,packet_loss
2026-09-04T19:00:00,site_17,32.92,175.64,0.289,none
2026-09-04T20:00:00,site_17,34.11,189.64,0.193,none
2026-09-04T21:00:00,site_17,31.98,166.9,0.188,none
2026-09-04T22:00:00,site_17,34.1,157.02,0.173,none
2026-09-04T23:00:00,site_17,31.55,199.81,0.174,none
2026-09-05T00:00:00,site_17,32.57,167.49,0.067,none
2026-09-05T01:00:00,site_17,38.8,179.37,0.193,none
2026-09-05T02:00:00,site_17,35.7,171.57,0.179,none
2026-09-05T03:00:00,site_17,30.63,177.67,0.211,none
2026-09-05T04:00:00,site_17,27.49,149.99,0.195,none
2026-09-05T05:00:00,site_17,34.91,147.71,0.161,none
2026-09-05T06:00:00,site_17,33.66,156.69,0.067,none
2026-09-05T07:00:00,site_17,33.8,187.27,0.148,none
2026-09-05T08:00:00,site_17,33.68,192.0,0.163,none
2026-09-05T09:00:00,site_17,32.02,173.49,0.192,none
2026-09-05T10:00:00,site_17,31.29,185.18,0.16,none
2026-09-05T11:00:00,site_17,37.94,156.11,0.227,none
2026-09-05T12:00:00,site_17,63.09,68.67,0.164,congestion
2026-09-05T13:00:00,site_17,30.44,165.74,0.148,none
2026-09-05T14:00:00,site_17,31.29,138.55,0.171,none
2026-09-05T15:00:00,site_17,26.62,166.91,0.147,none
2026-09-05T16:00:00,site_17,30.61,182.18,0.235,none
2026-09-05T17:00:00,site_17,32.08,198.09,0.177,none
2026-09-05T18:00:00,site_17,31.0,182.47,0.164,none
2026-09-05T19:00:00,site_17,31.16,154.41,0.171,none
2026-09-05T20:00:00,site_17,33.66,172.83,0.103,none
2026-09-05T21:00:00,site_17,34.08,189.38,0.121,none
2026-09-05T22:00:00,site_17,38.08,172.01,0.17,none
2026-09-05T23:00:00,site_17,32.87,197.89,0.178,none
2026-09-06T00:00:00,site_17,32.31,156.77,0.132,none
2026-09-06T01:00:00,site_17,32.88,190.52,0.174,none
2026-09-06T02:00:00,site_17,29.85,177.49,0.104,none
2026-09-06T03:00:00,site_17,34.92,168.0,0.151,none
2026-09-06T04:00:00,site_17,34.4,174.64,0.129,none
2026-09-06T05:00:00,site_17,31.64,176.69,0.164,none
2026-09-06T06:00:00,site_17,32.36,171.62,0.127,none
2026-09-06T07:00:00,site_17,30.78,174.1,0.063,none
2026-09-06T08:00:00,site_17,28.92,157.48,0.287,none
2026-09-06T09:00:00,site_17,169.85,184.99,0.215,latency_spike
2026-09-06T10:00:00,site_17,32.35,176.11,0.159,none
2026-09-06T11:00:00,site_17,32.09,177.88,0.253,none
2026-09-06T12:00:00,site_17,35.65,166.64,0.229,none
2026-09-06T13:00:00,site_17,33.46,169.78,0.079,none
2026-09-06T14:00:00,site_17,29.39,173.42,0.113,none
2026-09-06T15:00:00,site_17,31.61,163.26,0.107,none
2026-09-06T16:00:00,site_17,27.78,174.04,0.159,none
2026-09-06T17:00:00,site_17,30.65,179.19,0.113,none
2026-09-06T18:00:00,site_17,33.52,156.9,0.165,none
2026-09-06T19:00:00,site_17,29.59,169.07,0.223,none
2026-09-06T20:00:00,site_17,33.6,155.97,0.158,none
2026-09-06T21:00:00,site_17,25.01,164.15,0.187,none
2026-09-06T22:00:00,site_17,30.66,155.59,0.197,none
2026-09-06T23:00:00,site_17,33.86,177.86,0.143,none
2026-09-07T00:00:00,site_17,30.44,190.02,0.232,none
2026-09-07T01:00:00,site_17,31.68,210.37,0.173,none
2026-09-07T02:00:00,site_17,32.16,155.21,0.23,none
2026-09-07T03:00:00,site_17,34.98,189.55,0.196,none
2026-09-07T04:00:00,site_17,31.2,132.01,0.16,none
2026-09-07T05:00:00,site_17,31.51,163.31,0.151,none
2026-09-07T06:00:00,site_17,32.06,200.03,0.137,none
2026-09-07T07:00:00,site_17,30.92,203.28,0.175,none
2026-09-07T08:00:00,site_17,30.96,195.07,0.172,none
2026-09-07T09:00:00,site_17,28.56,177.39,0.112,none
2026-09-07T10:00:00,site_17,27.67,170.75,0.22,none
2026-09-07T11:00:00,site_17,28.52,143.69,0.191,none
2026-09-07T12:00:00,site_17,29.33,203.62,0.165,none
2026-09-07T13:00:00,site_17,27.54,183.71,0.172,none
2026-09-07T14:00:00,site_17,114.51,8.7,10.166,link_down
2026-09-07T15:00:00,site_17,31.08,166.72,0.174,none
2026-09-07T16:00:00,site_17,32.98,190.25,0.106,none
2026-09-07T17:00:00,site_17,35.27,158.01,0.147,none
2026-09-07T18:00:00,site_17,30.32,150.29,0.137,none
2026-09-07T19:00:00,site_17,32.21,179.73,0.141,none
2026-09-07T20:00:00,site_17,30.67,185.7,0.14,none
2026-09-07T21:00:00,site_17,33.17,183.67,0.138,none
2026-09-07T22:00:00,site_17,29.67,182.22,0.253,none
2026-09-07T23:00:00,site_17,31.54,170.58,0.247,none
2026-09-08T00:00:00,site_17,38.66,176.35,0.133,none
2026-09-08T01:00:00,site_17,32.41,141.54,0.142,none
2026-09-08T02:00:00,site_17,32.94,201.29,0.168,none
2026-09-08T03:00:00,site_17,29.48,176.1,0.17,none
2026-09-08T04:00:00,site_17,35.1,186.11,0.155,none
2026-09-08T05:00:00,site_17,29.54,186.69,0.152,none
2026-09-08T06:00:00,site_17,34.0,193.12,0.145,none
2026-09-08T07:00:00,site_17,27.26,154.21,0.158,none
2026-09-08T08:00:00,site_17,30.22,174.17,0.139,none
2026-09-08T09:00:00,site_17,33.06,162.15,0.16,none
2026-09-08T10:00:00,site_17,28.61,183.62,0.251,none
2026-09-08T11:00:00,site_17,33.22,162.54,0.151,none
2026-09-08T12:00:00,site_17,25.38,166.71,0.202,none
2026-09-08T13:00:00,site_17,33.49,177.82,0.093,none
2026-09-08T14:00:00,site_17,33.47,182.21,3.621,packet_loss
2026-09-08T15:00:00,site_17,32.13,160.21,0.217,none
2026-09-08T16:00:00,site_17,34.26,197.86,0.149,none
2026-09-08T17:00:00,site_17,31.16,148.13,0.09,none
2026-09-08T18:00:00,site_17,28.04,156.04,0.161,none
2026-09-08T19:00:00,site_17,34.88,173.07,0.126,none
2026-09-08T20:00:00,site_17,34.41,151.0,0.178,none
2026-09-08T21:00:00,site_17,30.0,200.2,0.172,none
2026-09-08T22:00:00,site_17,32.48,185.27,0.131,none
2026-09-08T23:00:00,site_17,34.19,149.42,0.215,none
2026-09-09T00:00:00,site_17,31.49,148.18,0.113,none
2026-09-09T01:00:00,site_17,35.36,189.43,0.093,none
2026-09-09T02:00:00,site_17,33.24,182.89,0.126,none
2026-09-09T03:00:00,site_17,28.83,197.03,0.142,none
2026-09-09T04:00:00,site_17,32.47,188.75,0.118,none
2026-09-09T05:00:00,site_17,28.39,189.65,0.08,none
2026-09-09T06:00:00,site_17,37.1,182.62,0.187,none
2026-09-09T07:00:00,site_17,30.02,192.33,0.189,none
2026-09-09T08:00:00,site_17,32.44,167.94,0.204,none
2026-09-09T09:00:00,site_17,31.71,150.95,0.213,none
2026-09-09T10:00:00,site_17,30.4,189.85,0.178,none
2026-09-09T11:00:00,site_17,34.87,182.19,0.18,none
2026-09-09T12:00:00,site_17,38.17,161.15,0.203,none
2026-09-09T13:00:00,site_17,33.59,190.66,0.15,none
2026-09-09T14:00:00,site_17,33.02,162.54,0.229,none
2026-09-09T15:00:00,site_17,123.68,9.44,10.124,link_down
2026-09-09T16:00:00,site_17,30.94,183.43,0.142,none
2026-09-09T17:00:00,site_17,34.01,166.53,0.257,none
2026-09-09T18:00:00,site_17,28.0,185.0,0.058,none
2026-09-09T19:00:00,site_17,32.53,150.76,0.118,none
2026-09-09T20:00:00,site_17,33.37,152.26,0.191,none
2026-09-09T21:00:00,site_17,30.8,179.8,0.197,none
2026-09-09T22:00:00,site_17,121.29,8.59,10.134,link_down
2026-09-09T23:00:00,site_17,30.95,165.88,0.18,none
2026-09-10T00:00:00,site_17,33.74,170.56,0.137,none
2026-09-10T01:00:00,site_17,29.47,180.7,0.151,none
2026-09-10T02:00:00,site_17,32.88,196.18,0.185,none
2026-09-10T03:00:00,site_17,30.15,184.2,0.152,none
2026-09-10T04:00:00,site_17,31.64,175.03,6.874,packet_loss
2026-09-10T05:00:00,site_17,31.6,171.32,0.227,none
2026-09-10T06:00:00,site_17,38.32,171.67,0.195,none
2026-09-10T07:00:00,site_17,27.04,156.31,0.139,none
2026-09-10T08:00:00,site_17,28.07,159.33,0.174,none
2026-09-10T09:00:00,site_17,33.55,157.4,0.086,none
2026-09-10T10:00:00,site_17,36.52,166.98,0.108,none
2026-09-10T11:00:00,site_17,33.41,168.66,0.236,none
2026-09-10T12:00:00,site_17,32.78,142.85,0.131,none
2026-09-10T13:00:00,site_17,29.98,175.02,0.176,none
2026-09-10T14:00:00,site_17,34.64,172.4,0.184,none
2026-09-10T15:00:00,site_17,29.92,191.04,0.159,none
2026-09-10T16:00:00,site_17,29.54,193.73,0.12,none
2026-09-10T17:00:00,site_17,29.37,188.01,0.148,none
2026-09-10T18:00:00,site_17,32.1,155.79,0.026,none
2026-09-10T19:00:00,site_17,32.44,128.01,0.181,none
2026-09-10T20:00:00,site_17,30.08,161.54,0.165,none
2026-09-10T21:00:00,site_17,32.52,194.11,0.222,none
2026-09-10T22:00:00,site_17,27.51,168.76,0.192,none
2026-09-10T23:00:00,site_17,34.13,185.11,0.192,none
2026-09-11T00:00:00,site_17,33.78,205.69,0.091,none
2026-09-11T01:00:00,site_17,37.72,154.54,0.216,none
2026-09-11T02:00:00,site_17,27.79,182.85,0.152,none
2026-09-11T03:00:00,site_17,31.25,191.85,0.16,none
2026-09-11T04:00:00,site_17,30.88,167.05,0.112,none
2026-09-11T05:00:00,site_17,32.58,178.23,0.226,none
2026-09-11T06:00:00,site_17,30.8,157.0,0.18,none
2026-09-11T07:00:00,site_17,31.97,176.1,0.192,none
2026-09-11T08:00:00,site_17,31.71,160.14,0.135,none
2026-09-11T09:00:00,site_17,30.95,151.97,0.224,none
2026-09-11T10:00:00,site_17,32.33,179.53,0.166,none
2026-09-11T11:00:00,site_17,35.59,178.02,0.232,none
2026-09-11T12:00:00,site_17,25.85,204.07,0.099,none
2026-09-11T13:00:00,site_17,34.57,178.95,0.17,none
2026-09-11T14:00:00,site_17,36.22,171.57,0.087,none
2026-09-11T15:00:00,site_17,32.88,188.89,0.194,none
2026-09-11T16:00:00,site_17,31.29,172.4,0.202,none
2026-09-11T17:00:00,site_17,34.63,127.95,0.162,none
2026-09-11T18:00:00,site_17,31.81,159.01,0.211,none
2026-09-11T19:00:00,site_17,32.82,171.6,0.191,none
2026-09-11T20:00:00,site_17,32.81,184.78,0.173,none
2026-09-11T21:00:00,site_17,31.8,167.91,0.194,none
2026-09-11T22:00:00,site_17,29.84,168.83,0.089,none
2026-09-11T23:00:00,site_17,32.23,199.29,0.233,none
2026-09-12T00:00:00,site_17,32.83,175.45,0.154,none
2026-09-12T01:00:00,site_17,31.16,200.25,0.145,none
2026-09-12T02:00:00,site_17,24.64,184.51,0.225,none
2026-09-12T03:00:00,site_17,30.69,178.93,0.167,none
2026-09-12T04:00:00,site_17,31.36,200.11,0.132,none
2026-09-12T05:00:00,site_17,35.95,184.64,0.114,none
2026-09-12T06:00:00,site_17,34.03,140.37,0.095,none
2026-09-12T07:00:00,site_17,31.82,164.41,0.22,none
2026-09-12T08:00:00,site_17,30.86,162.46,0.191,none
2026-09-12T09:00:00,site_17,30.73,146.32,0.15,none
2026-09-12T10:00:00,site_17,34.45,161.25,0.192,none
2026-09-12T11:00:00,site_17,36.31,170.21,0.017,none
2026-09-12T12:00:00,site_17,30.85,168.05,0.182,none
2026-09-12T13:00:00,site_17,32.45,180.18,0.184,none
2026-09-12T14:00:00,site_17,35.2,157.2,0.134,none
2026-09-12T15:00:00,site_17,33.11,167.29,0.227,none
2026-09-12T16:00:00,site_17,32.45,176.06,0.202,none
2026-09-12T17:00:00,site_17,26.79,188.5,0.172,none
2026-09-12T18:00:00,site_17,31.01,144.76,0.052,none
2026-09-12T19:00:00,site_17,33.77,191.63,0.181,none
2026-09-12T20:00:00,site_17,29.87,192.57,0.1,none
2026-09-12T21:00:00,site_17,37.85,204.18,0.185,none
2026-09-12T22:00:00,site_17,33.29,185.79,0.133,none
2026-09-12T23:00:00,site_17,31.37,160.58,0.228,none
2026-09-13T00:00:00,site_17,32.51,186.91,0.23,none
2026-09-13T01:00:00,site_17,33.38,156.91,0.217,none
2026-09-13T02:00:00,site_17,26.61,198.61,0.131,none
2026-09-13T03:00:00,site_17,32.46,171.26,0.155,none
2026-09-13T04:00:00,site_17,33.79,167.87,0.1,none
2026-09-13T05:00:00,site_17,28.35,164.29,0.19,none
2026-09-13T06:00:00,site_17,35.15,170.37,0.151,none
2026-09-13T07:00:00,site_17,36.41,151.59,0.249,none
2026-09-13T08:00:00,site_17,32.16,189.91,0.15,none
2026-09-13T09:00:00,site_17,30.6,186.66,0.13,none
2026-09-13T10:00:00,site_17,34.26,187.88,0.125,none
2026-09-13T11:00:00,site_17,29.28,139.91,0.128,none
2026-09-13T12:00:00,site_17,32.19,164.14,0.168,none
2026-09-13T13:00:00,site_17,34.09,147.99,0.161,none
2026-09-13T14:00:00,site_17,28.13,151.47,0.147,none
2026-09-13T15:00:00,site_17,32.26,163.82,0.136,none
2026-09-13T16:00:00,site_17,33.12,190.83,0.055,none
2026-09-13T17:00:00,site_17,31.89,180.05,0.225,none
2026-09-13T18:00:00,site_17,35.06,153.35,0.172,none
2026-09-13T19:00:00,site_17,32.36,157.33,0.188,none
2026-09-13T20:00:00,site_17,29.31,175.01,2.434,packet_loss
2026-09-13T21:00:00,site_17,31.87,157.26,0.172,none
2026-09-13T22:00:00,site_17,34.13,162.62,0.132,none
2026-09-13T23:00:00,site_17,36.41,181.6,0.258,none
2026-09-14T00:00:00,site_17,33.78,182.35,0.24,none
2026-09-14T01:00:00,site_17,28.97,184.17,0.179,none
2026-09-14T02:00:00,site_17,26.9,149.06,0.147,none
2026-09-14T03:00:00,site_17,62.38,73.15,0.137,congestion
2026-09-14T04:00:00,site_17,29.01,176.64,0.191,none
2026-09-14T05:00:00,site_17,29.97,153.15,0.191,none
2026-09-14T06:00:00,site_17,32.07,170.24,0.182,none
2026-09-14T07:00:00,site_17,30.74,162.63,0.163,none
2026-09-14T08:00:00,site_17,38.4,166.4,0.18,none
2026-09-14T09:00:00,site_17,36.42,159.99,0.233,none
2026-09-14T10:00:00,site_17,39.73,177.6,0.104,none
2026-09-14T11:00:00,site_17,36.23,173.38,0.163,none
2026-09-14T12:00:00,site_17,31.19,169.0,0.118,none
2026-09-14T13:00:00,site_17,28.56,174.7,0.19,none
2026-09-14T14:00:00,site_17,28.46,157.18,0.192,none
2026-09-14T15:00:00,site_17,26.01,177.97,0.122,none
2026-09-14T16:00:00,site_17,31.62,168.41,0.168,none
2026-09-14T17:00:00,site_17,29.75,168.26,0.108,none
2026-09-14T18:00:00,site_17,31.3,150.42,0.138,none
2026-09-14T19:00:00,site_17,30.88,178.16,0.194,none
2026-09-14T20:00:00,site_17,35.67,147.62,0.148,none
2026-09-14T21:00:00,site_17,33.95,158.16,0.139,none
2026-09-14T22:00:00,site_17,30.42,163.69,0.15,none
2026-09-14T23:00:00,site_17,35.17,179.24,0.093,none
2026-09-01T00:00:00,site_18,53.3,168.94,0.234,none
2026-09-01T01:00:00,site_18,53.14,202.29,0.315,none
2026-09-01T02:00:00,site_18,53.98,164.43,0.229,none
2026-09-01T03:00:00,site_18,49.86,186.29,0.308,none
2026-09-01T04:00:00,site_18,54.98,153.74,0.334,none
2026-09-01T05:00:00,site_18,53.01,191.01,0.286,none
2026-09-01T06:00:00,site_18,50.17,186.04,0.293,none
2026-09-01T07:00:00,site_18,54.64,159.0,0.299,none
2026-09-01T08:00:00,site_18,53.71,180.42,0.326,none
2026-09-01T09:00:00,site_18,51.67,187.12,0.375,none
2026-09-01T10:00:00,site_18,53.29,169.23,0.237,none
2026-09-01T11:00:00,site_18,243.49,181.77,0.34,latency_spike
2026-09-01T12:00:00,site_18,58.75,189.25,0.331,none
2026-09-01T13:00:00,site_18,55.64,175.38,0.2,none
2026-09-01T14:00:00,site_18,49.24,186.19,0.282,none
2026-09-01T15:00:00,site_18,53.19,180.54,2.276,packet_loss
2026-09-01T16:00:00,site_18,53.26,161.91,0.368,none
2026-09-01T17:00:00,site_18,54.09,172.36,0.217,none
2026-09-01T18:00:00,site_18,52.98,191.05,0.2,none
2026-09-01T19:00:00,site_18,56.17,180.51,0.291,none
2026-09-01T20:00:00,site_18,49.45,206.9,0.292,none
2026-09-01T21:00:00,site_18,50.17,196.54,0.278,none
2026-09-01T22:00:00,site_18,53.54,166.69,5.142,packet_loss
2026-09-01T23:00:00,site_18,56.07,195.63,0.404,none
2026-09-02T00:00:00,site_18,53.82,171.54,0.245,none
2026-09-02T01:00:00,site_18,55.83,162.73,0.313,none
2026-09-02T02:00:00,site_18,53.85,181.09,0.337,none
2026-09-02T03:00:00,site_18,53.38,168.24,0.314,none
2026-09-02T04:00:00,site_18,48.8,189.2,0.329,none
2026-09-02T05:00:00,site_18,54.68,175.49,0.304,none
2026-09-02T06:00:00,site_18,52.67,166.32,0.195,none
2026-09-02T07:00:00,site_18,50.05,187.31,0.307,none
2026-09-02T08:00:00,site_18,52.96,196.72,0.227,none
2026-09-02T09:00:00,site_18,52.76,200.9,0.348,none
2026-09-02T10:00:00,site_18,51.33,197.69,0.184,none
2026-09-02T11:00:00,site_18,53.33,201.14,0.337,none
2026-09-02T12:00:00,site_18,53.97,173.17,0.253,none
2026-09-02T13:00:00,site_18,52.46,184.64,0.315,none
2026-09-02T14:00:00,site_18,54.33,183.5,0.212,none
2026-09-02T15:00:00,site_18,54.95,183.77,0.272,none
2026-09-02T16:00:00,site_18,55.78,195.16,0.348,none
2026-09-02T17:00:00,site_18,58.73,197.6,0.265,none
2026-09-02T18:00:00,site_18,54.28,183.01,0.346,none
2026-09-02T19:00:00,site_18,53.71,184.21,0.315,none
2026-09-02T20:00:00,site_18,50.86,190.28,0.23,none
2026-09-02T21:00:00,site_18,58.98,195.63,0.362,none
2026-09-02T22:00:00,site_18,55.5,187.27,0.258,none
2026-09-02T23:00:00,site_18,51.8,165.69,0.251,none
2026-09-03T00:00:00,site_18,49.77,163.48,0.297,none
2026-09-03T01:00:00,site_18,54.92,196.58,0.291,none
2026-09-03T02:00:00,site_18,57.31,192.86,0.269,none
2026-09-03T03:00:00,site_18,54.59,177.05,0.186,none
2026-09-03T04:00:00,site_18,55.54,147.21,0.293,none
2026-09-03T05:00:00,site_18,50.08,180.63,0.259,none
2026-09-03T06:00:00,site_18,56.83,168.55,0.285,none
2026-09-03T07:00:00,site_18,51.59,181.56,0.293,none
2026-09-03T08:00:00,site_18,58.75,174.64,0.198,none
2026-09-03T09:00:00,site_18,55.42,169.76,0.283,none
2026-09-03T10:00:00,site_18,49.84,173.27,0.285,none
2026-09-03T11:00:00,site_18,51.85,184.01,0.253,none
2026-09-03T12:00:00,site_18,55.02,176.13,0.292,none
2026-09-03T13:00:00,site_18,54.84,188.8,0.386,none
2026-09-03T14:00:00,site_18,53.04,172.02,0.216,none
2026-09-03T15:00:00,site_18,55.46,192.79,0.282,none
2026-09-03T16:00:00,site_18,51.98,167.98,0.24,none
2026-09-03T17:00:00,site_18,57.54,209.29,0.171,none
2026-09-03T18:00:00,site_18,54.28,184.86,0.238,none
2026-09-03T19:00:00,site_18,54.69,197.24,0.231,none
2026-09-03T20:00:00,site_18,54.77,167.29,0.32,none
2026-09-03T21:00:00,site_18,52.06,172.49,0.251,none
2026-09-03T22:00:00,site_18,54.65,191.33,0.305,none
2026-09-03T23:00:00,site_18,59.79,202.54,0.252,none
2026-09-04T00:00:00,site_18,52.46,187.18,0.219,none
2026-09-04T01:00:00,site_18,161.48,175.75,0.321,latency_spike
2026-09-04T02:00:00,site_18,54.3,166.7,0.269,none
2026-09-04T03:00:00,site_18,54.38,196.4,0.331,none
2026-09-04T04:00:00,site_18,51.32,176.57,0.364,none
2026-09-04T05:00:00,site_18,54.01,168.83,0.263,none
2026-09-04T06:00:00,site_18,53.51,173.94,0.253,none
2026-09-04T07:00:00,site_18,55.47,189.74,0.29,none
2026-09-04T08:00:00,site_18,54.28,197.75,0.255,none
2026-09-04T09:00:00,site_18,55.1,194.14,0.27,none
2026-09-04T10:00:00,site_18,49.07,182.23,5.394,packet_loss
2026-09-04T11:00:00,site_18,51.82,157.14,0.254,none
2026-09-04T12:00:00,site_18,55.75,160.74,0.326,none
2026-09-04T13:00:00,site_18,53.1,173.2,0.288,none
2026-09-04T14:00:00,site_18,55.5,209.39,0.288,none
2026-09-04T15:00:00,site_18,54.85,210.91,0.3,none
2026-09-04T16:00:00,site_18,48.68,187.53,0.254,none
2026-09-04T17:00:00,site_18,53.4,183.36,0.236,none
2026-09-04T18:00:00,site_18,52.94,192.27,0.279,none
2026-09-04T19:00:00,site_18,56.4,190.05,0.267,none
2026-09-04T20:00:00,site_18,55.0,168.05,0.263,none
2026-09-04T21:00:00,site_18,57.46,209.36,0.222,none
2026-09-04T22:00:00,site_18,54.44,185.37,0.208,none
2026-09-04T23:00:00,site_18,55.26,163.28,0.218,none
2026-09-05T00:00:00,site_18,52.83,192.14,0.251,none
2026-09-05T01:00:00,site_18,60.2,167.38,0.235,none
2026-09-05T02:00:00,site_18,56.43,187.95,0.358,none
2026-09-05T03:00:00,site_18,46.86,152.09,0.272,none
2026-09-05T04:00:00,site_18,57.61,196.2,0.188,none
2026-09-05T05:00:00,site_18,56.28,176.86,0.264,none
2026-09-05T06:00:00,site_18,47.55,188.41,0.322,none
2026-09-05T07:00:00,site_18,55.41,183.28,0.228,none
2026-09-05T08:00:00,site_18,55.6,172.19,0.191,none
2026-09-05T09:00:00,site_18,51.92,163.74,0.271,none
2026-09-05T10:00:00,site_18,53.52,165.74,0.292,none
2026-09-05T11:00:00,site_18,60.1,203.36,0.217,none
2026-09-05T12:00:00,site_18,54.23,164.45,0.282,none
2026-09-05T13:00:00,site_18,57.05,166.53,0.268,none
2026-09-05T14:00:00,site_18,48.27,156.3,0.275,none
2026-09-05T15:00:00,site_18,47.95,187.55,0.322,none
2026-09-05T16:00:00,site_18,53.64,190.3,0.29,none
2026-09-05T17:00:00,site_18,50.75,175.79,0.225,none
2026-09-05T18:00:00,site_18,55.37,165.08,0.257,none
2026-09-05T19:00:00,site_18,51.52,194.5,0.337,none
2026-09-05T20:00:00,site_18,54.0,200.49,0.242,none
2026-09-05T21:00:00,site_18,54.19,198.93,0.25,none
2026-09-05T22:00:00,site_18,55.09,167.8,0.22,none
2026-09-05T23:00:00,site_18,56.78,154.26,0.249,none
2026-09-06T00:00:00,site_18,49.77,200.54,0.211,none
2026-09-06T01:00:00,site_18,53.02,209.83,0.236,none
2026-09-06T02:00:00,site_18,49.26,195.71,0.2,none
2026-09-06T03:00:00,site_18,53.67,181.25,0.282,none
2026-09-06T04:00:00,site_18,53.88,163.83,0.335,none
2026-09-06T05:00:00,site_18,54.78,166.21,0.241,none
2026-09-06T06:00:00,site_18,62.41,181.51,0.227,none
2026-09-06T07:00:00,site_18,48.95,179.29,0.36,none
2026-09-06T08:00:00,site_18,56.17,168.08,0.257,none
2026-09-06T09:00:00,site_18,51.29,187.73,0.298,none
2026-09-06T10:00:00,site_18,53.01,198.09,0.255,none
2026-09-06T11:00:00,site_18,57.79,165.12,0.182,none
2026-09-06T12:00:00,site_18,54.63,200.98,0.235,none
2026-09-06T13:00:00,site_18,53.55,180.0,0.225,none
2026-09-06T14:00:00,site_18,53.01,161.75,0.391,none
2026-09-06T15:00:00,site_18,55.86,206.95,0.298,none
2026-09-06T16:00:00,site_18,53.63,192.74,0.266,none
2026-09-06T17:00:00,site_18,53.82,175.78,0.293,none
2026-09-06T18:00:00,site_18,55.92,191.32,0.368,none
2026-09-06T19:00:00,site_18,52.84,188.53,0.338,none
2026-09-06T20:00:00,site_18,59.51,170.11,0.313,none
2026-09-06T21:00:00,site_18,53.31,162.19,0.313,none
2026-09-06T22:00:00,site_18,49.14,199.12,5.136,packet_loss
2026-09-06T23:00:00,site_18,55.85,180.36,0.334,none
2026-09-07T00:00:00,site_18,55.02,162.92,0.207,none
2026-09-07T01:00:00,site_18,55.12,179.59,0.363,none
2026-09-07T02:00:00,site_18,54.78,159.89,0.262,none
2026-09-07T03:00:00,site_18,53.73,167.68,0.208,none
2026-09-07T04:00:00,site_18,53.97,147.25,0.252,none
2026-09-07T05:00:00,site_18,51.3,165.46,0.264,none
2026-09-07T06:00:00,site_18,54.02,166.24,0.262,none
2026-09-07T07:00:00,site_18,53.43,206.26,0.278,none
2026-09-07T08:00:00,site_18,51.59,185.08,0.254,none
2026-09-07T09:00:00,site_18,55.41,174.23,0.248,none
2026-09-07T10:00:00,site_18,51.95,184.33,0.249,none
2026-09-07T11:00:00,site_18,61.5,173.21,0.282,none
2026-09-07T12:00:00,site_18,52.67,166.81,0.355,none
2026-09-07T13:00:00,site_18,54.42,203.49,0.306,none
2026-09-07T14:00:00,site_18,50.53,174.33,0.328,none
2026-09-07T15:00:00,site_18,52.9,208.23,0.26,none
2026-09-07T16:00:00,site_18,54.12,210.72,0.305,none
2026-09-07T17:00:00,site_18,52.93,181.5,0.231,none
2026-09-07T18:00:00,site_18,54.39,173.73,0.241,none
2026-09-07T19:00:00,site_18,53.62,181.84,0.355,none
2026-09-07T20:00:00,site_18,59.79,175.14,0.307,none
2026-09-07T21:00:00,site_18,51.78,213.91,0.229,none
2026-09-07T22:00:00,site_18,51.34,151.6,0.22,none
2026-09-07T23:00:00,site_18,53.57,150.99,0.327,none
2026-09-08T00:00:00,site_18,53.08,176.87,0.309,none
2026-09-08T01:00:00,site_18,57.02,176.31,0.244,none
2026-09-08T02:00:00,site_18,56.55,194.11,0.284,none
2026-09-08T03:00:00,site_18,53.35,187.88,0.369,none
2026-09-08T04:00:00,site_18,52.37,175.11,0.287,none
2026-09-08T05:00:00,site_18,53.06,194.94,0.241,none
2026-09-08T06:00:00,site_18,59.79,186.7,0.156,none
2026-09-08T07:00:00,site_18,52.71,169.67,0.273,none
2026-09-08T08:00:00,site_18,56.96,165.36,0.257,none
2026-09-08T09:00:00,site_18,108.97,73.57,0.147,congestion
2026-09-08T10:00:00,site_18,328.5,192.57,0.28,latency_spike
2026-09-08T11:00:00,site_18,56.91,185.86,0.375,none
2026-09-08T12:00:00,site_18,49.91,181.57,0.249,none
2026-09-08T13:00:00,site_18,51.51,186.88,0.265,none
2026-09-08T14:00:00,site_18,53.59,183.58,0.303,none
2026-09-08T15:00:00,site_18,56.09,165.37,0.242,none
2026-09-08T16:00:00,site_18,50.39,171.85,0.205,none
2026-09-08T17:00:00,site_18,53.88,192.33,0.267,none
2026-09-08T18:00:00,site_18,49.74,170.82,0.19,none
2026-09-08T19:00:00,site_18,55.88,181.12,0.29,none
2026-09-08T20:00:00,site_18,53.77,202.63,0.216,none
2026-09-08T21:00:00,site_18,52.06,191.44,0.196,none
2026-09-08T22:00:00,site_18,55.15,207.98,0.266,none
2026-09-08T23:00:00,site_18,55.43,197.19,0.232,none
2026-09-09T00:00:00,site_18,47.98,185.65,0.345,none
2026-09-09T01:00:00,site_18,52.65,176.5,0.364,none
2026-09-09T02:00:00,site_18,54.74,195.2,0.311,none
2026-09-09T03:00:00,site_18,55.56,166.44,0.259,none
2026-09-09T04:00:00,site_18,53.71,198.27,0.333,none
2026-09-09T05:00:00,site_18,46.93,199.16,0.328,none
2026-09-09T06:00:00,site_18,54.64,195.13,0.311,none
2026-09-09T07:00:00,site_18,56.33,176.53,0.28,none
2026-09-09T08:00:00,site_18,50.89,170.58,0.379,none
2026-09-09T09:00:00,site_18,54.57,190.43,0.265,none
2026-09-09T10:00:00,site_18,54.45,168.68,0.294,none
2026-09-09T11:00:00,site_18,58.69,188.17,0.233,none
2026-09-09T12:00:00,site_18,50.69,185.6,0.256,none
2026-09-09T13:00:00,site_18,50.95,218.25,0.272,none
2026-09-09T14:00:00,site_18,51.65,188.8,0.236,none
2026-09-09T15:00:00,site_18,53.37,181.13,0.247,none
2026-09-09T16:00:00,site_18,52.29,174.68,0.237,none
2026-09-09T17:00:00,site_18,60.14,201.71,0.365,none
2026-09-09T18:00:00,site_18,58.49,185.14,0.317,none
2026-09-09T19:00:00,site_18,52.43,192.52,0.292,none
2026-09-09T20:00:00,site_18,53.09,194.82,0.282,none
2026-09-09T21:00:00,site_18,51.21,185.57,0.263,none
2026-09-09T22:00:00,site_18,51.43,195.45,0.285,none
2026-09-09T23:00:00,site_18,59.62,188.84,0.328,none
2026-09-10T00:00:00,site_18,52.4,165.84,0.28,none
2026-09-10T01:00:00,site_18,54.28,186.46,2.949,packet_loss
2026-09-10T02:00:00,site_18,52.45,167.15,0.295,none
2026-09-10T03:00:00,site_18,52.39,174.77,0.267,none
2026-09-10T04:00:00,site_18,54.87,181.21,0.31,none
2026-09-10T05:00:00,site_18,54.67,184.0,0.297,none
2026-09-10T06:00:00,site_18,50.05,195.33,0.343,none
2026-09-10T07:00:00,site_18,54.0,175.0,0.312,none
2026-09-10T08:00:00,site_18,63.45,177.21,0.344,none
2026-09-10T09:00:00,site_18,55.06,182.29,0.272,none
2026-09-10T10:00:00,site_18,56.86,168.64,0.26,none
2026-09-10T11:00:00,site_18,48.28,194.61,0.321,none
2026-09-10T12:00:00,site_18,56.55,157.97,0.269,none
2026-09-10T13:00:00,site_18,53.73,182.97,0.264,none
2026-09-10T14:00:00,site_18,53.14,202.18,0.239,none
2026-09-10T15:00:00,site_18,51.56,185.33,0.296,none
2026-09-10T16:00:00,site_18,57.61,189.91,0.257,none
2026-09-10T17:00:00,site_18,50.42,173.25,0.296,none
2026-09-10T18:00:00,site_18,54.43,179.82,0.255,none
2026-09-10T19:00:00,site_18,54.18,168.65,0.221,none
2026-09-10T20:00:00,site_18,51.31,185.82,0.335,none
2026-09-10T21:00:00,site_18,51.19,166.49,0.361,none
2026-09-10T22:00:00,site_18,51.8,187.32,0.257,none
2026-09-10T23:00:00,site_18,49.06,178.57,0.302,none
2026-09-11T00:00:00,site_18,51.75,166.4,0.278,none
2026-09-11T01:00:00,site_18,57.32,184.09,0.233,none
2026-09-11T02:00:00,site_18,51.56,158.3,0.292,none
2026-09-11T03:00:00,site_18,54.66,189.79,0.316,none
2026-09-11T04:00:00,site_18,56.84,202.52,0.281,none
2026-09-11T05:00:00,site_18,51.79,166.92,0.332,none
2026-09-11T06:00:00,site_18,55.52,172.87,0.349,none
2026-09-11T07:00:00,site_18,51.06,173.12,0.346,none
2026-09-11T08:00:00,site_18,51.21,225.21,0.315,none
2026-09-11T09:00:00,site_18,50.22,156.64,0.272,none
2026-09-11T10:00:00,site_18,58.02,153.32,0.201,none
2026-09-11T11:00:00,site_18,61.83,195.02,0.286,none
2026-09-11T12:00:00,site_18,47.1,182.31,0.263,none
2026-09-11T13:00:00,site_18,52.32,170.5,0.219,none
2026-09-11T14:00:00,site_18,50.8,177.59,0.266,none
2026-09-11T15:00:00,site_18,50.91,196.4,0.239,none
2026-09-11T16:00:00,site_18,58.39,167.19,0.304,none
2026-09-11T17:00:00,site_18,54.39,179.97,0.374,none
2026-09-11T18:00:00,site_18,54.08,176.68,0.275,none
2026-09-11T19:00:00,site_18,52.64,150.1,0.293,none
2026-09-11T20:00:00,site_18,55.69,181.71,0.315,none
2026-09-11T21:00:00,site_18,51.86,176.63,0.194,none
2026-09-11T22:00:00,site_18,48.59,198.19,0.289,none
2026-09-11T23:00:00,site_18,54.5,186.5,0.248,none
2026-09-12T00:00:00,site_18,55.66,167.56,0.285,none
2026-09-12T01:00:00,site_18,47.67,190.2,0.247,none
2026-09-12T02:00:00,site_18,53.3,175.79,0.218,none
2026-09-12T03:00:00,site_18,47.56,192.81,0.247,none
2026-09-12T04:00:00,site_18,52.17,187.05,0.261,none
2026-09-12T05:00:00,site_18,53.74,175.04,0.206,none
2026-09-12T06:00:00,site_18,58.24,206.62,0.24,none
2026-09-12T07:00:00,site_18,51.8,179.09,0.265,none
2026-09-12T08:00:00,site_18,49.02,182.48,0.091,none
2026-09-12T09:00:00,site_18,53.14,167.56,0.307,none
2026-09-12T10:00:00,site_18,56.68,176.53,0.211,none
2026-09-12T11:00:00,site_18,54.33,157.04,0.337,none
2026-09-12T12:00:00,site_18,54.96,155.01,0.221,none
2026-09-12T13:00:00,site_18,56.53,179.33,0.296,none
2026-09-12T14:00:00,site_18,54.87,176.67,0.257,none
2026-09-12T15:00:00,site_18,54.68,188.21,0.408,none
2026-09-12T16:00:00,site_18,48.13,179.58,0.247,none
2026-09-12T17:00:00,site_18,52.52,188.69,0.151,none
2026-09-12T18:00:00,site_18,59.74,182.48,0.218,none
2026-09-12T19:00:00,site_18,50.3,177.48,0.195,none
2026-09-12T20:00:00,site_18,52.21,198.54,0.291,none
2026-09-12T21:00:00,site_18,53.39,194.07,0.224,none
2026-09-12T22:00:00,site_18,54.69,177.54,0.267,none
2026-09-12T23:00:00,site_18,57.22,201.31,0.236,none
2026-09-13T00:00:00,site_18,51.33,168.28,0.309,none
2026-09-13T01:00:00,site_18,50.37,170.41,0.194,none
2026-09-13T02:00:00,site_18,53.33,193.57,0.292,none
2026-09-13T03:00:00,site_18,48.84,172.33,0.315,none
2026-09-13T04:00:00,site_18,48.58,193.85,0.239,none
2026-09-13T05:00:00,site_18,53.41,177.57,0.336,none
2026-09-13T06:00:00,site_18,57.77,172.14,0.276,none
2026-09-13T07:00:00,site_18,52.18,170.3,0.249,none
2026-09-13T08:00:00,site_18,59.35,174.51,0.326,none
2026-09-13T09:00:00,site_18,54.55,179.69,0.277,none
2026-09-13T10:00:00,site_18,53.76,158.23,0.177,none
2026-09-13T11:00:00,site_18,45.56,184.66,0.256,none
2026-09-13T12:00:00,site_18,50.04,186.99,0.278,none
2026-09-13T13:00:00,site_18,53.85,201.95,0.193,none
2026-09-13T14:00:00,site_18,54.14,185.78,0.282,none
2026-09-13T15:00:00,site_18,54.23,169.97,0.237,none
2026-09-13T16:00:00,site_18,54.81,158.77,0.293,none
2026-09-13T17:00:00,site_18,54.78,169.65,0.254,none
2026-09-13T18:00:00,site_18,58.02,187.76,0.331,none
2026-09-13T19:00:00,site_18,53.6,204.26,0.233,none
2026-09-13T20:00:00,site_18,51.04,181.45,0.294,none
2026-09-13T21:00:00,site_18,49.65,168.72,0.298,none
2026-09-13T22:00:00,site_18,49.27,180.66,0.262,none
2026-09-13T23:00:00,site_18,55.05,188.71,0.229,none
2026-09-14T00:00:00,site_18,56.25,173.58,0.248,none
2026-09-14T01:00:00,site_18,53.38,186.91,0.169,none
2026-09-14T02:00:00,site_18,49.2,193.55,0.172,none
2026-09-14T03:00:00,site_18,55.62,184.55,0.246,none
2026-09-14T04:00:00,site_18,56.57,180.12,0.156,none
2026-09-14T05:00:00,site_18,54.66,181.23,0.169,none
2026-09-14T06:00:00,site_18,50.84,163.49,0.261,none
2026-09-14T07:00:00,site_18,52.05,192.82,0.28,none
2026-09-14T08:00:00,site_18,51.6,174.91,0.255,none
2026-09-14T09:00:00,site_18,50.34,203.61,0.297,none
2026-09-14T10:00:00,site_18,53.72,197.34,0.287,none
2026-09-14T11:00:00,site_18,53.28,184.4,0.306,none
2026-09-14T12:00:00,site_18,51.65,206.31,0.269,none
2026-09-14T13:00:00,site_18,62.42,174.35,0.208,none
2026-09-14T14:00:00,site_18,56.76,200.31,7.883,packet_loss
2026-09-14T15:00:00,site_18,51.33,144.12,0.266,none
2026-09-14T16:00:00,site_18,55.39,153.51,0.231,none
2026-09-14T17:00:00,site_18,54.58,181.02,0.361,none
2026-09-14T18:00:00,site_18,51.41,205.87,0.356,none
2026-09-14T19:00:00,site_18,53.6,180.97,0.235,none
2026-09-14T20:00:00,site_18,57.42,188.29,0.24,none
2026-09-14T21:00:00,site_18,51.19,179.27,0.313,none
2026-09-14T22:00:00,site_18,56.17,184.68,0.275,none
2026-09-14T23:00:00,site_18,55.99,160.66,0.213,none
2026-09-01T00:00:00,site_19,46.43,195.16,0.216,none
2026-09-01T01:00:00,site_19,38.86,223.15,0.104,none
2026-09-01T02:00:00,site_19,44.76,201.08,0.297,none
2026-09-01T03:00:00,site_19,41.56,223.3,0.364,none
2026-09-01T04:00:00,site_19,41.17,219.3,0.302,none
2026-09-01T05:00:00,site_19,39.86,231.52,0.229,none
2026-09-01T06:00:00,site_19,42.1,233.17,0.2,none
2026-09-01T07:00:00,site_19,43.88,188.81,0.249,none
2026-09-01T08:00:00,site_19,35.96,211.79,0.304,none
2026-09-01T09:00:00,site_19,38.53,201.82,0.201,none
2026-09-01T10:00:00,site_19,40.48,198.06,0.266,none
2026-09-01T11:00:00,site_19,42.3,225.92,0.322,none
2026-09-01T12:00:00,site_19,84.28,79.75,0.169,congestion
2026-09-01T13:00:00,site_19,42.77,182.42,0.251,none
2026-09-01T14:00:00,site_19,43.34,199.86,0.218,none
2026-09-01T15:00:00,site_19,40.35,207.42,0.233,none
2026-09-01T16:00:00,site_19,44.44,218.3,0.22,none
2026-09-01T17:00:00,site_19,38.57,194.62,0.237,none
2026-09-01T18:00:00,site_19,37.8,219.13,0.24,none
2026-09-01T19:00:00,site_19,44.61,193.72,0.357,none
2026-09-01T20:00:00,site_19,41.76,228.91,0.252,none
2026-09-01T21:00:00,site_19,35.45,199.12,0.263,none
2026-09-01T22:00:00,site_19,43.62,215.9,0.296,none
2026-09-01T23:00:00,site_19,34.88,227.39,0.201,none
2026-09-02T00:00:00,site_19,41.86,206.47,0.188,none
2026-09-02T01:00:00,site_19,38.31,218.16,0.171,none
2026-09-02T02:00:00,site_19,42.57,190.35,0.216,none
2026-09-02T03:00:00,site_19,42.16,190.05,0.25,none
2026-09-02T04:00:00,site_19,37.49,208.98,0.207,none
2026-09-02T05:00:00,site_19,43.48,203.12,0.289,none
2026-09-02T06:00:00,site_19,44.04,211.81,0.298,none
2026-09-02T07:00:00,site_19,36.31,193.88,0.232,none
2026-09-02T08:00:00,site_19,42.39,193.66,0.343,none
2026-09-02T09:00:00,site_19,41.29,195.7,0.193,none
2026-09-02T10:00:00,site_19,41.4,204.46,0.326,none
2026-09-02T11:00:00,site_19,41.06,217.99,0.234,none
2026-09-02T12:00:00,site_19,74.95,74.68,0.249,congestion
2026-09-02T13:00:00,site_19,38.89,207.59,0.253,none
2026-09-02T14:00:00,site_19,39.76,209.01,0.192,none
2026-09-02T15:00:00,site_19,39.22,196.7,0.27,none
2026-09-02T16:00:00,site_19,39.88,192.22,0.192,none
2026-09-02T17:00:00,site_19,47.39,214.25,0.176,none
2026-09-02T18:00:00,site_19,39.04,205.69,0.213,none
2026-09-02T19:00:00,site_19,37.91,210.47,0.209,none
2026-09-02T20:00:00,site_19,42.19,224.58,0.279,none
2026-09-02T21:00:00,site_19,50.06,214.09,0.215,none
2026-09-02T22:00:00,site_19,43.21,214.65,0.268,none
2026-09-02T23:00:00,site_19,43.92,193.05,0.348,none
2026-09-03T00:00:00,site_19,43.72,206.34,0.246,none
2026-09-03T01:00:00,site_19,40.73,172.96,0.319,none
2026-09-03T02:00:00,site_19,36.28,219.11,0.243,none
2026-09-03T03:00:00,site_19,249.18,179.62,0.242,latency_spike
2026-09-03T04:00:00,site_19,42.66,221.66,0.263,none
2026-09-03T05:00:00,site_19,49.38,191.89,0.282,none
2026-09-03T06:00:00,site_19,47.35,211.56,0.273,none
2026-09-03T07:00:00,site_19,38.14,192.73,0.229,none
2026-09-03T08:00:00,site_19,42.01,202.66,0.312,none
2026-09-03T09:00:00,site_19,37.43,168.31,0.303,none
2026-09-03T10:00:00,site_19,44.21,204.12,0.294,none
2026-09-03T11:00:00,site_19,42.54,209.71,0.26,none
2026-09-03T12:00:00,site_19,157.69,204.74,0.253,latency_spike
2026-09-03T13:00:00,site_19,39.71,228.71,0.239,none
2026-09-03T14:00:00,site_19,42.9,201.42,0.271,none
2026-09-03T15:00:00,site_19,45.34,188.25,0.153,none
2026-09-03T16:00:00,site_19,43.82,210.05,0.277,none
2026-09-03T17:00:00,site_19,36.87,209.98,0.309,none
2026-09-03T18:00:00,site_19,37.38,200.75,0.271,none
2026-09-03T19:00:00,site_19,35.45,211.18,0.196,none
2026-09-03T20:00:00,site_19,43.08,202.26,0.275,none
2026-09-03T21:00:00,site_19,40.82,185.7,0.314,none
2026-09-03T22:00:00,site_19,43.01,195.4,0.292,none
2026-09-03T23:00:00,site_19,40.95,207.18,0.19,none
2026-09-04T00:00:00,site_19,38.09,207.72,0.226,none
2026-09-04T01:00:00,site_19,38.64,203.25,0.195,none
2026-09-04T02:00:00,site_19,36.42,208.04,0.229,none
2026-09-04T03:00:00,site_19,36.36,215.58,0.228,none
2026-09-04T04:00:00,site_19,35.7,187.12,0.223,none
2026-09-04T05:00:00,site_19,42.9,207.71,0.197,none
2026-09-04T06:00:00,site_19,42.14,216.27,0.253,none
2026-09-04T07:00:00,site_19,39.27,208.45,0.158,none
2026-09-04T08:00:00,site_19,45.72,190.14,0.285,none
2026-09-04T09:00:00,site_19,39.25,212.77,0.322,none
2026-09-04T10:00:00,site_19,43.67,179.15,0.273,none
2026-09-04T11:00:00,site_19,37.34,191.3,0.273,none
2026-09-04T12:00:00,site_19,44.65,210.42,7.129,packet_loss
2026-09-04T13:00:00,site_19,42.92,199.42,0.305,none
2026-09-04T14:00:00,site_19,42.47,207.14,0.268,none
2026-09-04T15:00:00,site_19,42.04,230.36,0.254,none
2026-09-04T16:00:00,site_19,39.53,213.15,0.233,none
2026-09-04T17:00:00,site_19,38.72,198.98,0.213,none
2026-09-04T18:00:00,site_19,40.74,197.54,0.138,none
2026-09-04T19:00:00,site_19,42.9,213.62,0.21,none
2026-09-04T20:00:00,site_19,46.89,246.21,0.3,none
2026-09-04T21:00:00,site_19,46.63,238.98,0.228,none
2026-09-04T22:00:00,site_19,46.81,191.3,0.191,none
2026-09-04T23:00:00,site_19,40.92,176.0,0.171,none
2026-09-05T00:00:00,site_19,37.73,221.7,0.243,none
2026-09-05T01:00:00,site_19,42.72,202.66,0.292,none
2026-09-05T02:00:00,site_19,40.36,180.5,0.269,none
2026-09-05T03:00:00,site_19,42.46,206.95,0.175,none
2026-09-05T04:00:00,site_19,41.89,208.69,0.25,none
2026-09-05T05:00:00,site_19,43.09,195.45,0.189,none
2026-09-05T06:00:00,site_19,44.12,214.85,0.233,none
2026-09-05T07:00:00,site_19,45.76,176.44,0.272,none
2026-09-05T08:00:00,site_19,41.76,210.13,0.262,none
2026-09-05T09:00:00,site_19,48.37,193.11,0.194,none
2026-09-05T10:00:00,site_19,46.54,197.11,0.264,none
2026-09-05T11:00:00,site_19,43.65,221.03,0.314,none
2026-09-05T12:00:00,site_19,39.94,207.97,0.226,none
2026-09-05T13:00:00,site_19,39.72,213.01,0.168,none
2026-09-05T14:00:00,site_19,40.45,215.9,0.278,none
2026-09-05T15:00:00,site_19,45.33,204.77,0.196,none
2026-09-05T16:00:00,site_19,42.22,208.13,0.256,none
2026-09-05T17:00:00,site_19,45.63,183.67,0.213,none
2026-09-05T18:00:00,site_19,40.69,224.46,0.229,none
2026-09-05T19:00:00,site_19,43.31,200.73,0.262,none
2026-09-05T20:00:00,site_19,37.92,198.8,0.261,none
2026-09-05T21:00:00,site_19,45.16,237.19,0.267,none
2026-09-05T22:00:00,site_19,41.12,204.06,0.223,none
2026-09-05T23:00:00,site_19,42.6,188.16,0.297,none
2026-09-06T00:00:00,site_19,40.65,223.0,0.273,none
2026-09-06T01:00:00,site_19,47.22,199.16,0.143,none
2026-09-06T02:00:00,site_19,35.98,193.29,0.274,none
2026-09-06T03:00:00,site_19,43.06,188.39,0.286,none
2026-09-06T04:00:00,site_19,45.27,198.63,0.319,none
2026-09-06T05:00:00,site_19,47.09,191.4,0.153,none
2026-09-06T06:00:00,site_19,45.02,217.62,0.301,none
2026-09-06T07:00:00,site_19,38.85,217.26,0.248,none
2026-09-06T08:00:00,site_19,41.85,204.92,0.314,none
2026-09-06T09:00:00,site_19,39.63,195.28,0.338,none
2026-09-06T10:00:00,site_19,45.2,190.29,0.268,none
2026-09-06T11:00:00,site_19,45.01,222.09,0.247,none
2026-09-06T12:00:00,site_19,46.19,196.21,0.13,none
2026-09-06T13:00:00,site_19,36.47,214.7,0.354,none
2026-09-06T14:00:00,site_19,38.97,207.1,0.32,none
2026-09-06T15:00:00,site_19,43.09,202.01,0.373,none
2026-09-06T16:00:00,site_19,42.38,207.03,0.222,none
2026-09-06T17:00:00,site_19,37.84,175.73,0.235,none
2026-09-06T18:00:00,site_19,39.57,208.56,0.182,none
2026-09-06T19:00:00,site_19,43.27,206.06,0.251,none
2026-09-06T20:00:00,site_19,37.27,203.93,0.269,none
2026-09-06T21:00:00,site_19,40.23,216.94,0.314,none
2026-09-06T22:00:00,site_19,42.24,202.64,0.237,none
2026-09-06T23:00:00,site_19,46.42,219.49,0.284,none
2026-09-07T00:00:00,site_19,38.62,211.6,0.305,none
2026-09-07T01:00:00,site_19,33.96,242.46,0.264,none
2026-09-07T02:00:00,site_19,36.09,202.21,0.284,none
2026-09-07T03:00:00,site_19,32.65,210.79,0.24,none
2026-09-07T04:00:00,site_19,40.83,204.46,0.278,none
2026-09-07T05:00:00,site_19,197.43,219.93,0.217,latency_spike
2026-09-07T06:00:00,site_19,43.85,210.54,0.189,none
2026-09-07T07:00:00,site_19,40.75,220.33,0.265,none
2026-09-07T08:00:00,site_19,41.29,210.4,0.193,none
2026-09-07T09:00:00,site_19,43.85,200.43,0.265,none
2026-09-07T10:00:00,site_19,41.85,203.76,0.306,none
2026-09-07T11:00:00,site_19,43.92,199.89,0.129,none
2026-09-07T12:00:00,site_19,41.9,208.02,0.251,none
2026-09-07T13:00:00,site_19,189.39,188.87,0.143,latency_spike
2026-09-07T14:00:00,site_19,34.77,210.13,0.349,none
2026-09-07T15:00:00,site_19,41.31,212.16,0.268,none
2026-09-07T16:00:00,site_19,38.29,215.55,0.148,none
2026-09-07T17:00:00,site_19,40.14,205.81,0.217,none
2026-09-07T18:00:00,site_19,42.06,200.94,0.225,none
2026-09-07T19:00:00,site_19,48.51,186.01,0.297,none
2026-09-07T20:00:00,site_19,45.93,215.2,0.243,none
2026-09-07T21:00:00,site_19,42.0,217.09,0.314,none
2026-09-07T22:00:00,site_19,40.04,196.1,0.265,none
2026-09-07T23:00:00,site_19,40.26,191.25,0.268,none
2026-09-08T00:00:00,site_19,37.45,189.1,0.214,none
2026-09-08T01:00:00,site_19,42.07,203.34,0.261,none
2026-09-08T02:00:00,site_19,43.54,177.14,0.187,none
2026-09-08T03:00:00,site_19,41.95,220.42,0.166,none
2026-09-08T04:00:00,site_19,40.43,208.26,0.245,none
2026-09-08T05:00:00,site_19,40.97,226.35,0.327,none
2026-09-08T06:00:00,site_19,41.45,217.73,0.272,none
2026-09-08T07:00:00,site_19,42.08,182.01,0.242,none
2026-09-08T08:00:00,site_19,42.84,189.02,0.251,none
2026-09-08T09:00:00,site_19,41.54,196.28,0.232,none
2026-09-08T10:00:00,site_19,40.04,206.08,0.215,none
2026-09-08T11:00:00,site_19,41.55,194.3,0.243,none
2026-09-08T12:00:00,site_19,45.49,205.09,0.174,none
2026-09-08T13:00:00,site_19,46.67,223.72,0.188,none
2026-09-08T14:00:00,site_19,41.22,205.48,0.262,none
2026-09-08T15:00:00,site_19,38.57,220.04,0.187,none
2026-09-08T16:00:00,site_19,40.89,188.81,0.274,none
2026-09-08T17:00:00,site_19,43.96,193.98,0.18,none
2026-09-08T18:00:00,site_19,40.77,208.9,0.159,none
2026-09-08T19:00:00,site_19,38.63,196.05,0.302,none
2026-09-08T20:00:00,site_19,42.28,210.54,0.202,none
2026-09-08T21:00:00,site_19,44.98,235.21,0.296,none
2026-09-08T22:00:00,site_19,39.24,182.06,0.24,none
2026-09-08T23:00:00,site_19,35.75,191.86,0.202,none
2026-09-09T00:00:00,site_19,42.0,194.13,0.252,none
2026-09-09T01:00:00,site_19,40.04,186.79,0.235,none
2026-09-09T02:00:00,site_19,43.39,205.37,0.232,none
2026-09-09T03:00:00,site_19,42.46,200.24,0.214,none
2026-09-09T04:00:00,site_19,41.12,210.38,0.147,none
2026-09-09T05:00:00,site_19,39.77,189.29,0.245,none
2026-09-09T06:00:00,site_19,40.95,214.01,0.214,none
2026-09-09T07:00:00,site_19,38.3,210.03,0.247,none
2026-09-09T08:00:00,site_19,40.85,205.19,0.257,none
2026-09-09T09:00:00,site_19,39.15,217.22,0.269,none
2026-09-09T10:00:00,site_19,37.89,196.04,0.169,none
2026-09-09T11:00:00,site_19,44.86,227.08,0.188,none
2026-09-09T12:00:00,site_19,41.57,169.82,0.226,none
2026-09-09T13:00:00,site_19,44.95,192.7,0.271,none
2026-09-09T14:00:00,site_19,36.98,197.48,0.32,none
2026-09-09T15:00:00,site_19,44.03,218.53,0.221,none
2026-09-09T16:00:00,site_19,37.86,227.54,0.251,none
2026-09-09T17:00:00,site_19,41.93,218.27,0.154,none
2026-09-09T18:00:00,site_19,41.56,243.57,0.284,none
2026-09-09T19:00:00,site_19,41.4,219.56,2.504,packet_loss
2026-09-09T20:00:00,site_19,38.82,215.74,0.294,none
2026-09-09T21:00:00,site_19,40.12,187.56,0.25,none
2026-09-09T22:00:00,site_19,37.35,222.61,0.235,none
2026-09-09T23:00:00,site_19,42.61,220.32,0.222,none
2026-09-10T00:00:00,site_19,40.14,221.98,0.24,none
2026-09-10T01:00:00,site_19,42.49,233.23,0.247,none
2026-09-10T02:00:00,site_19,47.14,225.71,0.302,none
2026-09-10T03:00:00,site_19,79.03,71.3,0.291,congestion
2026-09-10T04:00:00,site_19,44.92,200.7,0.232,none
2026-09-10T05:00:00,site_19,42.79,213.29,0.241,none
2026-09-10T06:00:00,site_19,49.19,187.71,0.207,none
2026-09-10T07:00:00,site_19,38.27,189.44,0.299,none
2026-09-10T08:00:00,site_19,42.77,208.49,0.208,none
2026-09-10T09:00:00,site_19,41.08,218.45,0.264,none
2026-09-10T10:00:00,site_19,43.68,180.58,0.227,none
2026-09-10T11:00:00,site_19,38.74,234.66,0.169,none
2026-09-10T12:00:00,site_19,42.85,198.71,0.251,none
2026-09-10T13:00:00,site_19,43.28,198.73,0.236,none
2026-09-10T14:00:00,site_19,43.22,206.07,0.261,none
2026-09-10T15:00:00,site_19,41.04,196.68,0.28,none
2026-09-10T16:00:00,site_19,35.07,193.37,0.219,none
2026-09-10T17:00:00,site_19,44.93,253.8,0.12,none
2026-09-10T18:00:00,site_19,41.52,203.05,0.27,none
2026-09-10T19:00:00,site_19,40.23,206.2,0.271,none
2026-09-10T20:00:00,site_19,41.88,197.01,0.384,none
2026-09-10T21:00:00,site_19,43.6,198.14,0.252,none
2026-09-10T22:00:00,site_19,35.58,195.01,0.206,none
2026-09-10T23:00:00,site_19,38.1,206.42,0.313,none
2026-09-11T00:00:00,site_19,37.77,190.3,0.224,none
2026-09-11T01:00:00,site_19,42.23,226.06,0.214,none
2026-09-11T02:00:00,site_19,40.03,196.32,0.252,none
2026-09-11T03:00:00,site_19,38.89,181.47,0.246,none
2026-09-11T04:00:00,site_19,43.44,228.14,0.209,none
2026-09-11T05:00:00,site_19,38.01,216.4,0.325,none
2026-09-11T06:00:00,site_19,46.3,196.78,0.236,none
2026-09-11T07:00:00,site_19,41.42,209.81,0.244,none
2026-09-11T08:00:00,site_19,39.84,210.94,0.235,none
2026-09-11T09:00:00,site_19,35.62,196.83,0.174,none
2026-09-11T10:00:00,site_19,40.04,203.57,0.21,none
2026-09-11T11:00:00,site_19,37.53,223.9,0.235,none
2026-09-11T12:00:00,site_19,43.08,198.97,0.203,none
2026-09-11T13:00:00,site_19,34.73,202.09,0.252,none
2026-09-11T14:00:00,site_19,40.12,245.68,0.281,none
2026-09-11T15:00:00,site_19,36.95,209.32,0.186,none
2026-09-11T16:00:00,site_19,39.95,187.82,0.195,none
2026-09-11T17:00:00,site_19,35.25,221.44,0.297,none
2026-09-11T18:00:00,site_19,37.1,214.1,0.219,none
2026-09-11T19:00:00,site_19,47.04,192.5,0.169,none
2026-09-11T20:00:00,site_19,41.11,228.05,0.224,none
2026-09-11T21:00:00,site_19,42.32,208.75,0.254,none
2026-09-11T22:00:00,site_19,41.81,199.51,0.285,none
2026-09-11T23:00:00,site_19,43.73,226.58,0.209,none
2026-09-12T00:00:00,site_19,39.18,195.18,0.27,none
2026-09-12T01:00:00,site_19,41.53,218.04,0.256,none
2026-09-12T02:00:00,site_19,41.15,192.94,0.215,none
2026-09-12T03:00:00,site_19,42.77,208.86,0.2,none
2026-09-12T04:00:00,site_19,47.13,206.2,0.333,none
2026-09-12T05:00:00,site_19,47.97,212.85,0.25,none
2026-09-12T06:00:00,site_19,40.01,211.87,0.309,none
2026-09-12T07:00:00,site_19,41.22,208.77,0.281,none
2026-09-12T08:00:00,site_19,43.56,210.85,0.202,none
2026-09-12T09:00:00,site_19,42.7,218.23,0.278,none
2026-09-12T10:00:00,site_19,40.86,188.15,0.173,none
2026-09-12T11:00:00,site_19,45.39,207.26,0.338,none
2026-09-12T12:00:00,site_19,41.41,190.9,0.226,none
2026-09-12T13:00:00,site_19,36.68,188.17,0.247,none
2026-09-12T14:00:00,site_19,39.81,211.91,0.165,none
2026-09-12T15:00:00,site_19,43.86,219.78,0.269,none
2026-09-12T16:00:00,site_19,39.44,204.53,0.326,none
2026-09-12T17:00:00,site_19,40.99,214.22,0.245,none
2026-09-12T18:00:00,site_19,40.57,199.54,0.293,none
2026-09-12T19:00:00,site_19,42.75,198.61,0.148,none
2026-09-12T20:00:00,site_19,41.21,207.28,0.28,none
2026-09-12T21:00:00,site_19,36.67,211.42,0.279,none
2026-09-12T22:00:00,site_19,42.82,176.77,0.193,none
2026-09-12T23:00:00,site_19,40.48,239.11,0.179,none
2026-09-13T00:00:00,site_19,170.5,218.7,0.228,latency_spike
2026-09-13T01:00:00,site_19,39.47,217.78,0.23,none
2026-09-13T02:00:00,site_19,33.38,200.7,0.306,none
2026-09-13T03:00:00,site_19,87.95,82.62,0.327,congestion
2026-09-13T04:00:00,site_19,43.88,219.6,0.274,none
2026-09-13T05:00:00,site_19,42.16,226.66,0.267,none
2026-09-13T06:00:00,site_19,39.43,195.63,0.205,none
2026-09-13T07:00:00,site_19,46.99,192.62,0.203,none
2026-09-13T08:00:00,site_19,43.91,204.4,0.225,none
2026-09-13T09:00:00,site_19,43.08,198.56,0.143,none
2026-09-13T10:00:00,site_19,37.28,209.89,0.289,none
2026-09-13T11:00:00,site_19,36.41,215.07,0.212,none
2026-09-13T12:00:00,site_19,45.46,231.29,0.283,none
2026-09-13T13:00:00,site_19,40.11,196.77,0.203,none
2026-09-13T14:00:00,site_19,46.0,200.41,0.207,none
2026-09-13T15:00:00,site_19,42.05,224.2,0.307,none
2026-09-13T16:00:00,site_19,42.56,207.11,0.307,none
2026-09-13T17:00:00,site_19,39.99,231.42,0.189,none
2026-09-13T18:00:00,site_19,43.21,207.0,0.3,none
2026-09-13T19:00:00,site_19,42.75,226.61,7.445,packet_loss
2026-09-13T20:00:00,site_19,42.75,234.91,0.179,none
2026-09-13T21:00:00,site_19,41.72,212.01,0.307,none
2026-09-13T22:00:00,site_19,41.43,222.59,0.275,none
2026-09-13T23:00:00,site_19,36.22,221.04,0.273,none
2026-09-14T00:00:00,site_19,38.37,235.15,0.251,none
2026-09-14T01:00:00,site_19,37.41,215.92,0.278,none
2026-09-14T02:00:00,site_19,42.7,215.78,0.25,none
2026-09-14T03:00:00,site_19,44.2,218.33,0.271,none
2026-09-14T04:00:00,site_19,37.32,206.91,0.289,none
2026-09-14T05:00:00,site_19,43.07,199.0,4.968,packet_loss
2026-09-14T06:00:00,site_19,39.88,199.81,0.346,none
2026-09-14T07:00:00,site_19,38.67,227.79,0.187,none
2026-09-14T08:00:00,site_19,40.35,204.6,0.274,none
2026-09-14T09:00:00,site_19,43.16,199.73,0.262,none
2026-09-14T10:00:00,site_19,37.15,213.01,0.248,none
2026-09-14T11:00:00,site_19,40.04,199.76,0.231,none
2026-09-14T12:00:00,site_19,47.59,164.87,0.267,none
2026-09-14T13:00:00,site_19,40.67,219.68,0.326,none
2026-09-14T14:00:00,site_19,41.72,235.11,0.181,none
2026-09-14T15:00:00,site_19,39.97,221.54,0.302,none
2026-09-14T16:00:00,site_19,41.41,179.97,0.314,none
2026-09-14T17:00:00,site_19,40.89,220.34,0.253,none
2026-09-14T18:00:00,site_19,43.12,208.82,0.258,none
2026-09-14T19:00:00,site_19,40.87,222.02,0.198,none
2026-09-14T20:00:00,site_19,38.68,208.06,0.313,none
2026-09-14T21:00:00,site_19,34.78,215.49,0.221,none
2026-09-14T22:00:00,site_19,40.87,192.85,0.239,none
2026-09-14T23:00:00,site_19,42.24,192.47,0.187,none
2026-09-01T00:00:00,site_20,50.47,273.54,0.329,none
2026-09-01T01:00:00,site_20,55.34,293.33,0.347,none
2026-09-01T02:00:00,site_20,252.25,261.75,0.315,latency_spike
2026-09-01T03:00:00,site_20,56.77,281.51,0.258,none
2026-09-01T04:00:00,site_20,51.47,275.09,0.228,none
2026-09-01T05:00:00,site_20,50.48,293.09,0.234,none
2026-09-01T06:00:00,site_20,53.6,274.27,0.284,none
2026-09-01T07:00:00,site_20,52.9,306.42,0.281,none
2026-09-01T08:00:00,site_20,51.04,285.39,0.238,none
2026-09-01T09:00:00,site_20,52.01,263.85,0.293,none
2026-09-01T10:00:00,site_20,53.39,264.08,0.32,none
2026-09-01T11:00:00,site_20,57.15,312.34,0.287,none
2026-09-01T12:00:00,site_20,54.15,280.2,0.198,none
2026-09-01T13:00:00,site_20,51.98,261.77,0.259,none
2026-09-01T14:00:00,site_20,52.72,284.14,0.353,none
2026-09-01T15:00:00,site_20,52.23,270.59,0.347,none
2026-09-01T16:00:00,site_20,51.65,299.52,0.351,none
2026-09-01T17:00:00,site_20,47.76,291.02,0.298,none
2026-09-01T18:00:00,site_20,52.89,303.06,0.337,none
2026-09-01T19:00:00,site_20,53.31,317.84,0.265,none
2026-09-01T20:00:00,site_20,51.89,284.64,0.35,none
2026-09-01T21:00:00,site_20,54.16,261.62,0.339,none
2026-09-01T22:00:00,site_20,51.84,315.75,0.338,none
2026-09-01T23:00:00,site_20,52.36,324.82,0.384,none
2026-09-02T00:00:00,site_20,47.15,303.76,0.253,none
2026-09-02T01:00:00,site_20,50.52,291.11,0.253,none
2026-09-02T02:00:00,site_20,54.55,263.99,0.403,none
2026-09-02T03:00:00,site_20,49.44,293.15,0.349,none
2026-09-02T04:00:00,site_20,49.47,269.94,0.233,none
2026-09-02T05:00:00,site_20,52.48,290.16,0.303,none
2026-09-02T06:00:00,site_20,51.46,272.7,0.292,none
2026-09-02T07:00:00,site_20,53.45,273.1,0.317,none
2026-09-02T08:00:00,site_20,51.37,300.71,0.228,none
2026-09-02T09:00:00,site_20,48.46,260.0,0.21,none
2026-09-02T10:00:00,site_20,54.88,303.17,0.345,none
2026-09-02T11:00:00,site_20,50.19,271.17,0.324,none
2026-09-02T12:00:00,site_20,49.59,303.19,5.437,packet_loss
2026-09-02T13:00:00,site_20,52.78,270.97,0.307,none
2026-09-02T14:00:00,site_20,55.49,307.63,0.291,none
2026-09-02T15:00:00,site_20,49.27,309.25,0.363,none
2026-09-02T16:00:00,site_20,52.87,296.0,0.35,none
2026-09-02T17:00:00,site_20,52.78,267.18,0.278,none
2026-09-02T18:00:00,site_20,55.92,285.8,0.15,none
2026-09-02T19:00:00,site_20,52.99,280.54,0.286,none
2026-09-02T20:00:00,site_20,51.09,283.66,0.277,none
2026-09-02T21:00:00,site_20,58.23,276.63,0.172,none
2026-09-02T22:00:00,site_20,50.15,297.28,0.251,none
2026-09-02T23:00:00,site_20,52.54,298.78,0.274,none
2026-09-03T00:00:00,site_20,53.46,278.04,0.188,none
2026-09-03T01:00:00,site_20,61.29,256.46,0.297,none
2026-09-03T02:00:00,site_20,58.2,267.11,0.29,none
2026-09-03T03:00:00,site_20,52.15,272.26,0.284,none
2026-09-03T04:00:00,site_20,51.75,297.74,0.305,none
2026-09-03T05:00:00,site_20,53.68,298.18,0.35,none
2026-09-03T06:00:00,site_20,55.14,264.33,0.172,none
2026-09-03T07:00:00,site_20,51.69,287.56,0.223,none
2026-09-03T08:00:00,site_20,216.66,293.42,0.259,latency_spike
2026-09-03T09:00:00,site_20,56.18,296.81,0.26,none
2026-09-03T10:00:00,site_20,51.95,278.71,0.282,none
2026-09-03T11:00:00,site_20,50.01,291.31,0.41,none
2026-09-03T12:00:00,site_20,52.79,282.51,0.309,none
2026-09-03T13:00:00,site_20,57.79,298.5,0.252,none
2026-09-03T14:00:00,site_20,51.01,288.27,0.288,none
2026-09-03T15:00:00,site_20,49.6,276.55,0.342,none
2026-09-03T16:00:00,site_20,44.76,281.52,0.405,none
2026-09-03T17:00:00,site_20,50.93,283.02,0.319,none
2026-09-03T18:00:00,site_20,50.12,289.75,0.364,none
2026-09-03T19:00:00,site_20,57.39,272.46,0.115,none
2026-09-03T20:00:00,site_20,54.31,294.82,0.32,none
2026-09-03T21:00:00,site_20,51.91,280.47,0.262,none
2026-09-03T22:00:00,site_20,47.25,265.56,0.277,none
2026-09-03T23:00:00,site_20,46.66,278.76,0.278,none
2026-09-04T00:00:00,site_20,45.55,307.06,0.213,none
2026-09-04T01:00:00,site_20,48.9,303.26,0.306,none
2026-09-04T02:00:00,site_20,51.06,286.47,0.222,none
2026-09-04T03:00:00,site_20,51.04,291.57,0.309,none
2026-09-04T04:00:00,site_20,236.19,280.08,0.212,latency_spike
2026-09-04T05:00:00,site_20,48.8,301.58,0.262,none
2026-09-04T06:00:00,site_20,52.79,289.05,0.287,none
2026-09-04T07:00:00,site_20,55.96,300.34,0.196,none
2026-09-04T08:00:00,site_20,54.18,284.32,0.37,none
2026-09-04T09:00:00,site_20,55.4,275.62,0.225,none
2026-09-04T10:00:00,site_20,56.77,253.35,0.339,none
2026-09-04T11:00:00,site_20,47.26,290.82,0.33,none
2026-09-04T12:00:00,site_20,49.51,309.46,0.251,none
2026-09-04T13:00:00,site_20,48.15,290.02,0.304,none
2026-09-04T14:00:00,site_20,57.17,271.57,0.311,none
2026-09-04T15:00:00,site_20,48.55,275.1,0.305,none
2026-09-04T16:00:00,site_20,58.26,278.45,0.3,none
2026-09-04T17:00:00,site_20,54.98,281.24,0.288,none
2026-09-04T18:00:00,site_20,52.06,278.66,0.279,none
2026-09-04T19:00:00,site_20,49.28,296.72,0.31,none
2026-09-04T20:00:00,site_20,107.59,111.01,0.253,congestion
2026-09-04T21:00:00,site_20,54.35,280.11,0.211,none
2026-09-04T22:00:00,site_20,52.74,294.88,0.21,none
2026-09-04T23:00:00,site_20,53.35,277.0,0.255,none
2026-09-05T00:00:00,site_20,53.11,300.68,0.345,none
2026-09-05T01:00:00,site_20,52.13,250.87,0.29,none
2026-09-05T02:00:00,site_20,57.4,256.98,0.23,none
2026-09-05T03:00:00,site_20,47.83,286.36,0.316,none
2026-09-05T04:00:00,site_20,53.08,265.59,0.353,none
2026-09-05T05:00:00,site_20,50.77,265.21,0.304,none
2026-09-05T06:00:00,site_20,50.37,277.18,0.247,none
2026-09-05T07:00:00,site_20,46.96,303.06,0.266,none
2026-09-05T08:00:00,site_20,51.66,287.37,0.248,none
2026-09-05T09:00:00,site_20,55.98,269.03,0.318,none
2026-09-05T10:00:00,site_20,52.84,306.65,0.251,none
2026-09-05T11:00:00,site_20,54.06,280.87,0.303,none
2026-09-05T12:00:00,site_20,49.21,274.68,0.232,none
2026-09-05T13:00:00,site_20,56.72,292.49,0.213,none
2026-09-05T14:00:00,site_20,53.39,294.94,0.252,none
2026-09-05T15:00:00,site_20,52.52,292.31,0.296,none
2026-09-05T16:00:00,site_20,57.95,282.3,0.294,none
2026-09-05T17:00:00,site_20,56.01,292.36,0.3,none
2026-09-05T18:00:00,site_20,55.97,295.13,0.335,none
2026-09-05T19:00:00,site_20,52.46,281.05,0.399,none
2026-09-05T20:00:00,site_20,49.13,278.18,0.258,none
2026-09-05T21:00:00,site_20,48.62,275.36,0.294,none
2026-09-05T22:00:00,site_20,54.83,308.06,0.302,none
2026-09-05T23:00:00,site_20,55.25,263.27,0.199,none
2026-09-06T00:00:00,site_20,53.32,298.24,0.242,none
2026-09-06T01:00:00,site_20,54.7,283.31,0.295,none
2026-09-06T02:00:00,site_20,50.12,278.0,0.301,none
2026-09-06T03:00:00,site_20,48.28,288.2,0.326,none
2026-09-06T04:00:00,site_20,54.28,296.05,0.334,none
2026-09-06T05:00:00,site_20,46.33,301.17,0.24,none
2026-09-06T06:00:00,site_20,49.38,321.05,0.307,none
2026-09-06T07:00:00,site_20,50.64,283.77,0.312,none
2026-09-06T08:00:00,site_20,49.9,288.53,0.254,none
2026-09-06T09:00:00,site_20,52.86,272.39,0.319,none
2026-09-06T10:00:00,site_20,51.26,294.73,0.316,none
2026-09-06T11:00:00,site_20,54.82,280.57,0.2,none
2026-09-06T12:00:00,site_20,53.71,284.55,0.134,none
2026-09-06T13:00:00,site_20,49.95,294.06,0.37,none
2026-09-06T14:00:00,site_20,54.0,284.27,0.311,none
2026-09-06T15:00:00,site_20,51.14,270.2,0.364,none
2026-09-06T16:00:00,site_20,55.18,289.76,0.333,none
2026-09-06T17:00:00,site_20,52.94,291.36,0.349,none
2026-09-06T18:00:00,site_20,53.91,273.86,0.225,none
2026-09-06T19:00:00,site_20,50.36,240.26,0.251,none
2026-09-06T20:00:00,site_20,52.91,279.9,0.204,none
2026-09-06T21:00:00,site_20,54.22,283.58,0.175,none
2026-09-06T22:00:00,site_20,53.99,283.35,0.294,none
2026-09-06T23:00:00,site_20,53.15,293.52,0.242,none
2026-09-07T00:00:00,site_20,305.51,294.01,0.311,latency_spike
2026-09-07T01:00:00,site_20,53.82,290.37,0.415,none
2026-09-07T02:00:00,site_20,62.36,264.93,0.304,none
2026-09-07T03:00:00,site_20,53.61,298.51,0.286,none
2026-09-07T04:00:00,site_20,51.42,253.03,0.316,none
2026-09-07T05:00:00,site_20,51.25,277.62,0.305,none
2026-09-07T06:00:00,site_20,53.81,301.61,0.388,none
2026-09-07T07:00:00,site_20,53.17,287.64,0.265,none
2026-09-07T08:00:00,site_20,55.3,279.16,0.303,none
2026-09-07T09:00:00,site_20,56.8,278.94,0.339,none
2026-09-07T10:00:00,site_20,50.42,303.7,0.253,none
2026-09-07T11:00:00,site_20,49.57,296.63,0.323,none
2026-09-07T12:00:00,site_20,50.79,293.87,0.35,none
2026-09-07T13:00:00,site_20,55.14,282.75,0.312,none
2026-09-07T14:00:00,site_20,59.15,266.44,0.251,none
2026-09-07T15:00:00,site_20,55.17,280.0,0.3,none
2026-09-07T16:00:00,site_20,52.69,285.39,0.336,none
2026-09-07T17:00:00,site_20,52.24,265.55,0.296,none
2026-09-07T18:00:00,site_20,55.89,283.71,0.262,none
2026-09-07T19:00:00,site_20,57.86,260.23,0.253,none
2026-09-07T20:00:00,site_20,50.78,291.14,0.282,none
2026-09-07T21:00:00,site_20,53.04,282.23,0.22,none
2026-09-07T22:00:00,site_20,47.4,273.7,0.309,none
2026-09-07T23:00:00,site_20,59.73,277.35,0.241,none
2026-09-08T00:00:00,site_20,58.3,306.77,0.233,none
2026-09-08T01:00:00,site_20,55.24,297.57,0.314,none
2026-09-08T02:00:00,site_20,54.44,297.72,0.238,none
2026-09-08T03:00:00,site_20,55.66,272.65,0.331,none
2026-09-08T04:00:00,site_20,55.24,307.42,0.284,none
2026-09-08T05:00:00,site_20,44.77,300.51,0.336,none
2026-09-08T06:00:00,site_20,49.88,298.21,0.336,none
2026-09-08T07:00:00,site_20,55.85,290.72,0.2,none
2026-09-08T08:00:00,site_20,50.38,258.64,0.303,none
2026-09-08T09:00:00,site_20,56.9,286.5,0.324,none
2026-09-08T10:00:00,site_20,55.75,270.48,0.295,none
2026-09-08T11:00:00,site_20,54.65,287.61,0.254,none
2026-09-08T12:00:00,site_20,57.63,258.36,0.32,none
2026-09-08T13:00:00,site_20,54.42,313.34,0.332,none
2026-09-08T14:00:00,site_20,224.86,289.82,0.319,latency_spike
2026-09-08T15:00:00,site_20,49.07,286.56,0.211,none
2026-09-08T16:00:00,site_20,45.39,296.27,0.342,none
2026-09-08T17:00:00,site_20,58.18,303.99,0.309,none
2026-09-08T18:00:00,site_20,51.64,292.21,0.278,none
2026-09-08T19:00:00,site_20,54.55,280.33,0.339,none
2026-09-08T20:00:00,site_20,52.75,269.11,0.271,none
2026-09-08T21:00:00,site_20,49.99,290.34,0.262,none
2026-09-08T22:00:00,site_20,54.36,275.44,0.301,none
2026-09-08T23:00:00,site_20,53.39,288.7,0.241,none
2026-09-09T00:00:00,site_20,52.12,253.8,0.326,none
2026-09-09T01:00:00,site_20,57.13,316.34,0.323,none
2026-09-09T02:00:00,site_20,55.96,270.47,0.201,none
2026-09-09T03:00:00,site_20,56.52,273.86,0.308,none
2026-09-09T04:00:00,site_20,53.42,264.61,0.302,none
2026-09-09T05:00:00,site_20,57.8,300.83,0.265,none
2026-09-09T06:00:00,site_20,53.72,258.7,0.281,none
2026-09-09T07:00:00,site_20,50.23,282.75,0.217,none
2026-09-09T08:00:00,site_20,50.18,265.37,0.254,none
2026-09-09T09:00:00,site_20,52.58,295.56,0.339,none
2026-09-09T10:00:00,site_20,50.19,295.26,0.253,none
2026-09-09T11:00:00,site_20,57.72,261.95,0.267,none
2026-09-09T12:00:00,site_20,51.11,274.66,0.26,none
2026-09-09T13:00:00,site_20,53.18,298.08,0.283,none
2026-09-09T14:00:00,site_20,50.91,265.76,0.269,none
2026-09-09T15:00:00,site_20,55.27,305.68,0.299,none
2026-09-09T16:00:00,site_20,56.79,272.09,0.274,none
2026-09-09T17:00:00,site_20,55.26,291.44,0.329,none
2026-09-09T18:00:00,site_20,50.75,268.59,0.306,none
2026-09-09T19:00:00,site_20,52.97,279.11,0.203,none
2026-09-09T20:00:00,site_20,47.4,272.86,0.219,none
2026-09-09T21:00:00,site_20,53.29,302.3,0.207,none
2026-09-09T22:00:00,site_20,47.44,274.7,0.288,none
2026-09-09T23:00:00,site_20,46.33,292.04,0.236,none
2026-09-10T00:00:00,site_20,52.89,293.18,0.28,none
2026-09-10T01:00:00,site_20,52.38,272.9,0.315,none
2026-09-10T02:00:00,site_20,55.72,283.48,0.341,none
2026-09-10T03:00:00,site_20,58.04,268.38,0.183,none
2026-09-10T04:00:00,site_20,50.56,285.53,0.233,none
2026-09-10T05:00:00,site_20,58.15,306.98,0.289,none
2026-09-10T06:00:00,site_20,52.53,300.61,0.264,none
2026-09-10T07:00:00,site_20,51.3,278.57,0.261,none
2026-09-10T08:00:00,site_20,51.52,291.09,0.261,none
2026-09-10T09:00:00,site_20,57.24,284.94,0.396,none
2026-09-10T10:00:00,site_20,59.1,282.86,0.202,none
2026-09-10T11:00:00,site_20,50.87,269.48,0.175,none
2026-09-10T12:00:00,site_20,47.11,297.71,0.394,none
2026-09-10T13:00:00,site_20,53.85,277.8,0.326,none
2026-09-10T14:00:00,site_20,52.29,300.6,0.282,none
2026-09-10T15:00:00,site_20,56.41,264.34,0.289,none
2026-09-10T16:00:00,site_20,53.05,321.84,0.321,none
2026-09-10T17:00:00,site_20,54.49,286.93,0.287,none
2026-09-10T18:00:00,site_20,51.38,286.97,0.259,none
2026-09-10T19:00:00,site_20,56.11,275.3,0.292,none
2026-09-10T20:00:00,site_20,50.5,268.19,0.332,none
2026-09-10T21:00:00,site_20,52.76,275.73,0.2,none
2026-09-10T22:00:00,site_20,50.66,267.02,0.286,none
2026-09-10T23:00:00,site_20,48.13,263.07,0.302,none
2026-09-11T00:00:00,site_20,54.22,285.98,0.337,none
2026-09-11T01:00:00,site_20,53.38,293.35,0.253,none
2026-09-11T02:00:00,site_20,47.69,271.28,0.199,none
2026-09-11T03:00:00,site_20,52.22,296.25,0.277,none
2026-09-11T04:00:00,site_20,48.04,265.56,0.3,none
2026-09-11T05:00:00,site_20,51.43,301.94,0.237,none
2026-09-11T06:00:00,site_20,49.08,279.19,0.361,none
2026-09-11T07:00:00,site_20,189.16,14.9,10.377,link_down
2026-09-11T08:00:00,site_20,55.28,313.24,0.327,none
2026-09-11T09:00:00,site_20,54.95,289.84,0.237,none
2026-09-11T10:00:00,site_20,54.0,303.5,0.232,none
2026-09-11T11:00:00,site_20,50.0,287.49,0.359,none
2026-09-11T12:00:00,site_20,48.58,298.11,0.284,none
2026-09-11T13:00:00,site_20,50.26,284.55,0.319,none
2026-09-11T14:00:00,site_20,47.32,326.12,0.295,none
2026-09-11T15:00:00,site_20,53.63,290.21,0.334,none
2026-09-11T16:00:00,site_20,52.04,257.95,0.308,none
2026-09-11T17:00:00,site_20,56.33,272.79,0.316,none
2026-09-11T18:00:00,site_20,51.21,271.76,0.32,none
2026-09-11T19:00:00,site_20,54.99,274.85,0.273,none
2026-09-11T20:00:00,site_20,53.15,269.91,0.32,none
2026-09-11T21:00:00,site_20,54.32,283.53,0.314,none
2026-09-11T22:00:00,site_20,50.32,290.18,0.26,none
2026-09-11T23:00:00,site_20,52.89,263.17,0.255,none
2026-09-12T00:00:00,site_20,55.91,295.38,0.282,none
2026-09-12T01:00:00,site_20,52.42,296.68,0.311,none
2026-09-12T02:00:00,site_20,52.11,274.3,0.318,none
2026-09-12T03:00:00,site_20,56.0,307.5,0.293,none
2026-09-12T04:00:00,site_20,50.04,304.47,0.192,none
2026-09-12T05:00:00,site_20,50.32,312.63,0.281,none
2026-09-12T06:00:00,site_20,59.84,278.83,0.267,none
2026-09-12T07:00:00,site_20,49.68,278.83,0.257,none
2026-09-12T08:00:00,site_20,52.06,290.52,0.24,none
2026-09-12T09:00:00,site_20,56.91,262.48,0.381,none
2026-09-12T10:00:00,site_20,53.29,302.96,0.364,none
2026-09-12T11:00:00,site_20,50.6,272.04,0.256,none
2026-09-12T12:00:00,site_20,51.54,288.63,0.232,none
2026-09-12T13:00:00,site_20,52.77,278.91,0.272,none
2026-09-12T14:00:00,site_20,52.47,307.02,0.242,none
2026-09-12T15:00:00,site_20,42.29,271.74,0.189,none
2026-09-12T16:00:00,site_20,55.32,268.26,0.299,none
2026-09-12T17:00:00,site_20,56.76,277.69,0.174,none
2026-09-12T18:00:00,site_20,54.98,315.26,0.282,none
2026-09-12T19:00:00,site_20,59.88,289.86,0.223,none
2026-09-12T20:00:00,site_20,55.69,282.72,0.324,none
2026-09-12T21:00:00,site_20,48.38,272.75,0.271,none
2026-09-12T22:00:00,site_20,54.6,320.77,0.248,none
2026-09-12T23:00:00,site_20,50.55,299.97,0.341,none
2026-09-13T00:00:00,site_20,58.88,273.14,0.336,none
2026-09-13T01:00:00,site_20,48.6,292.44,0.148,none
2026-09-13T02:00:00,site_20,49.38,292.29,0.322,none
2026-09-13T03:00:00,site_20,55.36,284.62,0.266,none
2026-09-13T04:00:00,site_20,49.34,280.6,0.27,none
2026-09-13T05:00:00,site_20,47.46,264.62,0.127,none
2026-09-13T06:00:00,site_20,53.77,243.54,0.297,none
2026-09-13T07:00:00,site_20,49.16,277.31,0.337,none
2026-09-13T08:00:00,site_20,52.92,288.98,0.244,none
2026-09-13T09:00:00,site_20,53.9,280.0,0.403,none
2026-09-13T10:00:00,site_20,47.63,277.94,0.408,none
2026-09-13T11:00:00,site_20,52.89,302.24,0.317,none
2026-09-13T12:00:00,site_20,54.9,284.16,0.245,none
2026-09-13T13:00:00,site_20,51.48,276.56,0.359,none
2026-09-13T14:00:00,site_20,57.8,287.63,0.277,none
2026-09-13T15:00:00,site_20,59.05,283.69,0.171,none
2026-09-13T16:00:00,site_20,52.54,269.81,0.331,none
2026-09-13T17:00:00,site_20,50.54,279.29,0.327,none
2026-09-13T18:00:00,site_20,51.95,290.68,0.422,none
2026-09-13T19:00:00,site_20,54.09,265.22,0.383,none
2026-09-13T20:00:00,site_20,53.49,287.38,0.289,none
2026-09-13T21:00:00,site_20,53.41,310.14,0.399,none
2026-09-13T22:00:00,site_20,51.34,271.65,0.419,none
2026-09-13T23:00:00,site_20,56.03,294.23,0.395,none
2026-09-14T00:00:00,site_20,49.37,311.67,0.33,none
2026-09-14T01:00:00,site_20,57.29,291.48,0.363,none
2026-09-14T02:00:00,site_20,55.39,291.67,0.268,none
2026-09-14T03:00:00,site_20,51.51,287.76,0.262,none
2026-09-14T04:00:00,site_20,53.89,286.85,0.296,none
2026-09-14T05:00:00,site_20,51.84,258.72,0.279,none
2026-09-14T06:00:00,site_20,52.99,273.06,0.182,none
2026-09-14T07:00:00,site_20,51.99,305.48,0.258,none
2026-09-14T08:00:00,site_20,49.23,286.42,0.23,none
2026-09-14T09:00:00,site_20,51.94,296.2,0.307,none
2026-09-14T10:00:00,site_20,54.24,304.17,0.318,none
2026-09-14T11:00:00,site_20,54.24,312.5,0.264,none
2026-09-14T12:00:00,site_20,49.4,268.45,0.241,none
2026-09-14T13:00:00,site_20,52.62,287.49,0.297,none
2026-09-14T14:00:00,site_20,55.67,291.79,0.364,none
2026-09-14T15:00:00,site_20,51.64,303.36,0.298,none
2026-09-14T16:00:00,site_20,219.39,14.1,10.29,link_down
2026-09-14T17:00:00,site_20,50.13,251.61,0.25,none
2026-09-14T18:00:00,site_20,55.94,295.72,0.271,none
2026-09-14T19:00:00,site_20,52.15,269.15,0.179,none
2026-09-14T20:00:00,site_20,56.81,311.64,0.322,none
2026-09-14T21:00:00,site_20,48.51,281.36,0.315,none
2026-09-14T22:00:00,site_20,54.75,301.92,0.382,none
2026-09-14T23:00:00,site_20,61.1,253.48,0.246,none
